"text","file","line","screen","kind","variables","notes"
"נוסח ההסכם","src/app/[slug]/AgreementText.tsx","14","עמוד ציבורי: נוסח ההסכם","public_page","",""
"לאחר החתימה הדיגיטלית ההסכם יישמר אוטומטית ועותק חתום יהיה זמין להורדה.","src/app/[slug]/AgreementText.tsx","76","עמוד ציבורי: נוסח ההסכם","legal","",""
"לעמוד הקול הקורא","src/app/[slug]/CampaignFrame.tsx","11","עמוד ציבורי: מסגרת הקמפיין (כותרת ופוטר)","public_page","","same text also at: src/app/[slug]/CampaignFrame.tsx:34"
"משרד התיירות","src/app/[slug]/CampaignFrame.tsx","12","עמוד ציבורי: מסגרת הקמפיין (כותרת ופוטר)","public_page","","same text also at: src/app/[slug]/page.tsx:86"
"חזרה לאתר","src/app/[slug]/ClosedView.tsx","42","עמוד ציבורי: קמפיין","public_page","","not in previous catalog"
"לעמוד הקמפיין","src/app/[slug]/ClosedView.tsx","46","עמוד ציבורי: קמפיין","public_page","","not in previous catalog; glossary: קמפיין"
"מכאן מצטרפים","src/app/[slug]/FloatingCta.tsx","32","עמוד ציבורי: כפתור הצטרפות צף","public_page","",""
"אני מאשר/ת שקראתי את המסמך ושחתימתי ניתנת על ידי מרצוני.","src/app/[slug]/JoinAndSign.tsx","33","עמוד ציבורי: הצטרפות וחתימה (טופס, OTP, חתימה)","public_page","","same text also at: src/components/signer/SignatureSheet.tsx:35"
"יש לחתום בתיבת החתימה לפני השליחה.","src/app/[slug]/JoinAndSign.tsx","134","עמוד ציבורי: הצטרפות וחתימה (טופס, OTP, חתימה)","public_page","",""
"יש לאשר את הצהרת החתימה.","src/app/[slug]/JoinAndSign.tsx","139","עמוד ציבורי: הצטרפות וחתימה (טופס, OTP, חתימה)","public_page","",""
"לא הצלחנו לשלוח את הפרטים כרגע. אפשר לנסות שוב.","src/app/[slug]/JoinAndSign.tsx","189","עמוד ציבורי: הצטרפות וחתימה (טופס, OTP, חתימה)","public_page","",""
"לא הצלחנו לשלוח קוד אימות. אפשר לבקש קוד חדש.","src/app/[slug]/JoinAndSign.tsx","203","עמוד ציבורי: הצטרפות וחתימה (טופס, OTP, חתימה)","public_page","",""
"לא הצלחנו לשלוח את הפרטים כרגע. הפרטים שמילאת נשמרו במסך, אפשר לנסות שוב.","src/app/[slug]/JoinAndSign.tsx","207","עמוד ציבורי: הצטרפות וחתימה (טופס, OTP, חתימה)","public_page","",""
"שליחת הקוד נכשלה.","src/app/[slug]/JoinAndSign.tsx","221","עמוד ציבורי: הצטרפות וחתימה (טופס, OTP, חתימה)","public_page","","same text also at: src/components/LoginForm.tsx:54, src/components/signer/OtpStep.tsx:50"
"שליחת הקוד נכשלה. בדקו את החיבור לאינטרנט.","src/app/[slug]/JoinAndSign.tsx","236","עמוד ציבורי: הצטרפות וחתימה (טופס, OTP, חתימה)","public_page","","same text also at: src/components/LoginForm.tsx:63, src/components/signer/OtpStep.tsx:58"
"יש להזין את 6 הספרות שנשלחו אליך.","src/app/[slug]/JoinAndSign.tsx","246","עמוד ציבורי: הצטרפות וחתימה (טופס, OTP, חתימה)","public_page","",""
"קוד שגוי. נסו שנית.","src/app/[slug]/JoinAndSign.tsx","259","עמוד ציבורי: הצטרפות וחתימה (טופס, OTP, חתימה)","public_page","","same text also at: src/server/signing/otp.ts:184"
"האימות נכשל. בדקו את החיבור לאינטרנט.","src/app/[slug]/JoinAndSign.tsx","264","עמוד ציבורי: הצטרפות וחתימה (טופס, OTP, חתימה)","public_page","","same text also at: src/components/signer/OtpStep.tsx:82"
"החתימה נכשלה. נסו שוב.","src/app/[slug]/JoinAndSign.tsx","282","עמוד ציבורי: הצטרפות וחתימה (טופס, OTP, חתימה)","public_page","","same text also at: src/components/signer/SignerFlow.tsx:84"
"ההרשמה שלכם כבר הושלמה וההסכם נחתם.","src/app/[slug]/JoinAndSign.tsx","297","עמוד ציבורי: הצטרפות וחתימה (טופס, OTP, חתימה)","public_page","",""
"שלחנו קישור להורדת ההסכם החתום {…}. לא נוצרה חתימה נוספת.","src/app/[slug]/JoinAndSign.tsx","298","עמוד ציבורי: הצטרפות וחתימה (טופס, OTP, חתימה)","public_page","{…}","not in previous catalog"
"אל ${maskedContact}","src/app/[slug]/JoinAndSign.tsx","299","עמוד ציבורי: הצטרפות וחתימה (טופס, OTP, חתימה)","public_page","${maskedContact}",""
"לפרטי הקשר שנרשמו","src/app/[slug]/JoinAndSign.tsx","299","עמוד ציבורי: הצטרפות וחתימה (טופס, OTP, חתימה)","public_page","",""
"הצטרפות ל{projectName}","src/app/[slug]/JoinAndSign.tsx","308","עמוד ציבורי: הצטרפות וחתימה (טופס, OTP, חתימה)","public_page","{projectName}",""
"ממלאים את פרטי בית העסק, קוראים את ההסכם, חותמים באצבע ומאמתים בקוד שנשלח לנייד. זה הכול.","src/app/[slug]/JoinAndSign.tsx","310","עמוד ציבורי: הצטרפות וחתימה (טופס, OTP, חתימה)","legal","",""
"פרטי בית העסק","src/app/[slug]/JoinAndSign.tsx","324","עמוד ציבורי: הצטרפות וחתימה (טופס, OTP, חתימה)","public_page","","same text also at: src/lib/canvas/showcase.ts:73"
"לדוגמה 515123456","src/app/[slug]/JoinAndSign.tsx","327","עמוד ציבורי: הצטרפות וחתימה (טופס, OTP, חתימה)","public_page","",""
"אליו יישלח קוד האימות לחתימה.","src/app/[slug]/JoinAndSign.tsx","328","עמוד ציבורי: הצטרפות וחתימה (טופס, OTP, חתימה)","public_page","",""
"מורשה החתימה","src/app/[slug]/JoinAndSign.tsx","334","עמוד ציבורי: הצטרפות וחתימה (טופס, OTP, חתימה)","public_page","",""
"לדוגמה: בעלים, מנכ״ל","src/app/[slug]/JoinAndSign.tsx","337","עמוד ציבורי: הצטרפות וחתימה (טופס, OTP, חתימה)","public_page","",""
"הפרטים נשמרו בהרשמה. לשינוי פרטים יש להירשם מחדש מעמוד הקול הקורא.","src/app/[slug]/JoinAndSign.tsx","339","עמוד ציבורי: הצטרפות וחתימה (טופס, OTP, חתימה)","public_page","",""
"ההסכם","src/app/[slug]/JoinAndSign.tsx","343","עמוד ציבורי: הצטרפות וחתימה (טופס, OTP, חתימה)","legal","","same text also at: src/components/reports/RegistrationsTable.tsx:591"
"זה נוסח ההסכם שעליו אתם חותמים. פרטי העסק והחתימה ייכנסו לתוכו אוטומטית.","src/app/[slug]/JoinAndSign.tsx","344","עמוד ציבורי: הצטרפות וחתימה (טופס, OTP, חתימה)","legal","",""
"חתימה","src/app/[slug]/JoinAndSign.tsx","350","עמוד ציבורי: הצטרפות וחתימה (טופס, OTP, חתימה)","public_page","","same text also at: src/app/[slug]/JoinAndSign.tsx:376, src/components/canvas/element-factory.ts:104, src/components/composer/field-node.tsx:18 (+6 more)"
"חתימת מורשה/ת החתימה. התאריך יתמלא אוטומטית ביום החתימה.","src/app/[slug]/JoinAndSign.tsx","351","עמוד ציבורי: הצטרפות וחתימה (טופס, OTP, חתימה)","public_page","",""
"אתר","src/app/[slug]/JoinAndSign.tsx","362","עמוד ציבורי: הצטרפות וחתימה (טופס, OTP, חתימה)","public_page","","same text also at: src/components/settings/BrandKitForm.tsx:79"
"שולח…","src/app/[slug]/JoinAndSign.tsx","376","עמוד ציבורי: הצטרפות וחתימה (טופס, OTP, חתימה)","public_page","","same text also at: src/components/RemindButton.tsx:63, src/components/SendPanel.tsx:221, src/components/documents/AttentionDrawer.tsx:131 (+9 more)"
"חתום ושלח","src/app/[slug]/JoinAndSign.tsx","376","עמוד ציבורי: הצטרפות וחתימה (טופס, OTP, חתימה)","public_page","",""
"אימות בנייד","src/app/[slug]/JoinAndSign.tsx","384","עמוד ציבורי: הצטרפות וחתימה (טופס, OTP, חתימה)","public_page","",""
"שלחנו קוד אימות ל-<span>{maskedPhone || 'הנייד שהוזן'}</span>","src/app/[slug]/JoinAndSign.tsx","385","עמוד ציבורי: הצטרפות וחתימה (טופס, OTP, חתימה)","public_page","{maskedPhone || 'הנייד שהוזן'}",""
"הנייד שהוזן","src/app/[slug]/JoinAndSign.tsx","386","עמוד ציבורי: הצטרפות וחתימה (טופס, OTP, חתימה)","public_page","","same text also at: src/components/LoginForm.tsx:189"
"סביבת בדיקה — לא נשלח SMS. הקוד: <strong>{devCode}</strong>","src/app/[slug]/JoinAndSign.tsx","389","עמוד ציבורי: הצטרפות וחתימה (טופס, OTP, חתימה)","public_page","{devCode}",""
"קוד בן 6 ספרות","src/app/[slug]/JoinAndSign.tsx","393","עמוד ציבורי: הצטרפות וחתימה (טופס, OTP, חתימה)","public_page","",""
"קוד אימות","src/app/[slug]/JoinAndSign.tsx","395","עמוד ציבורי: הצטרפות וחתימה (טופס, OTP, חתימה)","public_page","","same text also at: src/components/ui/OtpInput.tsx:23"
"חותם…","src/app/[slug]/JoinAndSign.tsx","403","עמוד ציבורי: הצטרפות וחתימה (טופס, OTP, חתימה)","public_page","","same text also at: src/components/signer/SignatureSheet.tsx:198"
"מאמת…","src/app/[slug]/JoinAndSign.tsx","403","עמוד ציבורי: הצטרפות וחתימה (טופס, OTP, חתימה)","public_page","",""
"אימות והשלמת החתימה","src/app/[slug]/JoinAndSign.tsx","403","עמוד ציבורי: הצטרפות וחתימה (טופס, OTP, חתימה)","public_page","",""
"שליחת קוד חדש (${cooldown})","src/app/[slug]/JoinAndSign.tsx","406","עמוד ציבורי: הצטרפות וחתימה (טופס, OTP, חתימה)","public_page","${cooldown}",""
"לא קיבלתי קוד — שלחו שוב","src/app/[slug]/JoinAndSign.tsx","406","עמוד ציבורי: הצטרפות וחתימה (טופס, OTP, חתימה)","public_page","",""
"לא הצלחנו לחדש את הקישור. נסו שוב בעוד רגע.","src/app/[slug]/RenewSigning.tsx","24","עמוד ציבורי: קמפיין","public_page","","not in previous catalog"
"לא הצלחנו לחדש את הקישור. בדקו את החיבור לאינטרנט.","src/app/[slug]/RenewSigning.tsx","29","עמוד ציבורי: קמפיין","public_page","","not in previous catalog"
"ממשיכים לחתימה","src/app/[slug]/RenewSigning.tsx","38","עמוד ציבורי: קמפיין","public_page","","not in previous catalog; same text also at: src/components/signer/ContinueSigning.tsx:40"
"קבלו קוד{…} כדי להמשיך מהמקום שבו עצרתם. שום דבר לא אבד: אותו הסכם, בלי להירשם מחדש.","src/app/[slug]/RenewSigning.tsx","39","עמוד ציבורי: קמפיין","public_page","{…}","not in previous catalog"
"לטלפון ${maskedPhone}","src/app/[slug]/RenewSigning.tsx","40","עמוד ציבורי: קמפיין","public_page","${maskedPhone}","not in previous catalog"
"לטלפון שבו נרשמתם","src/app/[slug]/RenewSigning.tsx","40","עמוד ציבורי: קמפיין","public_page","","not in previous catalog"
"שולחים קוד…","src/app/[slug]/RenewSigning.tsx","43","עמוד ציבורי: קמפיין","public_page","","not in previous catalog; same text also at: src/components/LoginForm.tsx:162"
"שלחו לי קוד והמשיכו לחתימה","src/app/[slug]/RenewSigning.tsx","43","עמוד ציבורי: קמפיין","public_page","","not in previous catalog"
"{signerName}, תודה שהצטרפתם ל{projectName}. ההסכם נחתם ונשמר.","src/app/[slug]/ThanksView.tsx","66","עמוד ציבורי: תודה (אחרי חתימה)","public_page","{signerName} | {projectName}",""
"הורדת ההסכם החתום","src/app/[slug]/ThanksView.tsx","72","עמוד ציבורי: תודה (אחרי חתימה)","public_page","","same text also at: src/server/mail/catalog.ts:134, src/server/notifications/campaign-mail.ts:119, src/server/self-service/copy.ts:52"
"קישור להורדת ההסכם החתום נשלח גם לכתובת ${email}.","src/app/[slug]/ThanksView.tsx","77","עמוד ציבורי: תודה (אחרי חתימה)","legal","${email}",""
"שמרו את ההודעה שקיבלתם בנייד — הקישור שבה מוביל לעמוד הזה.","src/app/[slug]/ThanksView.tsx","78","עמוד ציבורי: תודה (אחרי חתימה)","public_page","",""
"המשך חתימה","src/app/[slug]/continue/[registrationId]/page.tsx","11","עמוד ציבורי: קמפיין","public_page","","same text also at: src/app/[slug]/continue/[registrationId]/page.tsx:32, src/app/[slug]/sign/[token]/page.tsx:86, src/app/[slug]/sign/[token]/page.tsx:103"
"לא מצאנו את ההרשמה","src/app/[slug]/continue/[registrationId]/page.tsx","36","עמוד ציבורי: קמפיין","public_page","","not in previous catalog"
"אפשר להירשם מחדש מעמוד הקמפיין.","src/app/[slug]/continue/[registrationId]/page.tsx","36","עמוד ציבורי: קמפיין","public_page","","not in previous catalog; glossary: קמפיין"
"הצטרפות וחתימה — חודש התיירות הישראלית 2026","src/app/[slug]/join/page.tsx","14","עמוד ציבורי: הצטרפות","public_page","",""
"הצטרפות וחתימה","src/app/[slug]/join/page.tsx","34","עמוד ציבורי: הצטרפות","public_page","",""
"הקול הקורא פתוח לכל עסק תומך תיירות בישראל, ובכלל זה: לינה, אטרקציות, פנאי","src/app/[slug]/page.tsx","30","עמוד ציבורי: נחיתה — קול קורא חודש התיירות 2026","public_page","",""
"וקולינריה. הפעילות תתנהל במתכונת שבועית נודדת לאורך כל רחבי הארץ.","src/app/[slug]/page.tsx","31","עמוד ציבורי: נחיתה — קול קורא חודש התיירות 2026","public_page","",""
"הנחה קבועה ורציפה לכל אורך חודש נובמבר","src/app/[slug]/page.tsx","35","עמוד ציבורי: נחיתה — קול קורא חודש התיירות 2026","public_page","",""
"עבור הגולשים שנרשמים דרך האתר הרשמי.","src/app/[slug]/page.tsx","35","עמוד ציבורי: נחיתה — קול קורא חודש התיירות 2026","public_page","",""
"הנחה של מעל 25% ממחירון העסק הרגיל","src/app/[slug]/page.tsx","36","עמוד ציבורי: נחיתה — קול קורא חודש התיירות 2026","public_page","",""
"בשבוע הממוקד של האזור שבו נמצא העסק שלכם.","src/app/[slug]/page.tsx","36","עמוד ציבורי: נחיתה — קול קורא חודש התיירות 2026","public_page","",""
"התחייבות לקיום כל האישורים, הרשיונות","src/app/[slug]/page.tsx","37","עמוד ציבורי: נחיתה — קול קורא חודש התיירות 2026","public_page","",""
"והביטוחים בהתאם לחוק.","src/app/[slug]/page.tsx","37","עמוד ציבורי: נחיתה — קול קורא חודש התיירות 2026","public_page","",""
"מילוי תפוסות, הגדלת מחזורי מכירות","src/app/[slug]/page.tsx","41","עמוד ציבורי: נחיתה — קול קורא חודש התיירות 2026","public_page","",""
"ובניית קהל לקוחות נאמן לתקופת החורף.","src/app/[slug]/page.tsx","41","עמוד ציבורי: נחיתה — קול קורא חודש התיירות 2026","public_page","","glossary: לקוחות"
"חיבור מקומי וחיזוק","src/app/[slug]/page.tsx","42","עמוד ציבורי: נחיתה — קול קורא חודש התיירות 2026","public_page","",""
"לתיירות הפנים.","src/app/[slug]/page.tsx","42","עמוד ציבורי: נחיתה — קול קורא חודש התיירות 2026","public_page","",""
"חשיפה ארצית באתר האירוע הרשמי, תוך קידום","src/app/[slug]/page.tsx","43","עמוד ציבורי: נחיתה — קול קורא חודש התיירות 2026","public_page","",""
"ממומן של משרד התיירות והגעה למאות אלפי גולשים","src/app/[slug]/page.tsx","43","עמוד ציבורי: נחיתה — קול קורא חודש התיירות 2026","public_page","",""
"קול קורא לעסקי תיירות להצטרף לחודש התיירות הישראלית!","src/app/[slug]/page.tsx","91","עמוד ציבורי: נחיתה — קול קורא חודש התיירות 2026","public_page","",""
"תנאי הסף להשתתפות","src/app/[slug]/page.tsx","103","עמוד ציבורי: נחיתה — קול קורא חודש התיירות 2026","public_page","",""
"כדי להצטרף למיזם ולהופיע באתר הרשמי, על העסק לעמוד בתנאים הבאים:","src/app/[slug]/page.tsx","105","עמוד ציבורי: נחיתה — קול קורא חודש התיירות 2026","legal","",""
"מה העסק שלכם מרוויח?","src/app/[slug]/page.tsx","118","עמוד ציבורי: נחיתה — קול קורא חודש התיירות 2026","public_page","",""
"ההרשמה בעיצומה והמקומות באתר המרכזי מוגבלים!","src/app/[slug]/page.tsx","134","עמוד ציבורי: נחיתה — קול קורא חודש התיירות 2026","public_page","",""
"אל תפספסו את ההזדמנות להיות חלק מהאירוע התיירותי של השנה.","src/app/[slug]/page.tsx","142","עמוד ציבורי: נחיתה — קול קורא חודש התיירות 2026","public_page","",""
"מכאן מצטרפים — להצטרפות לחודש התיירות הישראלית","src/app/[slug]/page.tsx","151","עמוד ציבורי: נחיתה — קול קורא חודש התיירות 2026","public_page","",""
"המשך חתימה — חודש התיירות הישראלית 2026","src/app/[slug]/sign/[token]/page.tsx","21","עמוד ציבורי: חתימה על ההסכם","public_page","",""
"ההצטרפות הושלמה — חודש התיירות הישראלית 2026","src/app/[slug]/thanks/[token]/page.tsx","18","עמוד ציבורי: תודה (אחרי חתימה)","public_page","",""
"ההצטרפות הושלמה","src/app/[slug]/thanks/[token]/page.tsx","46","עמוד ציבורי: תודה (אחרי חתימה)","public_page","","same text also at: src/app/[slug]/thanks/[token]/page.tsx:73"
"הסכמים","src/app/agreements/page.tsx","57","הסכמים (רשימה)","heading","","glossary: הסכמים; same text also at: src/app/companies/[id]/page.tsx:73, src/components/reports/ProjectReportView.tsx:420, src/lib/campaigns.ts:142"
"מצאו מי דורש טיפול, סננו את הנתונים ובצעו פעולות ישירות.","src/app/agreements/page.tsx","58","הסכמים (רשימה)","help","","new 2026-09-07 UX pass; glossary: דורש טיפול; same text also at: src/app/tracking/page.tsx:36"
"שלח מסמך לחתימה","src/app/agreements/page.tsx","64","הסכמים (רשימה)","button","","same text also at: src/app/agreements/page.tsx:87, src/app/companies/[id]/page.tsx:131, src/app/companies/[id]/page.tsx:188 (+5 more)"
"לא נמצאו הסכמים מתאימים","src/app/agreements/page.tsx","76","הסכמים (רשימה)","help","","glossary: הסכמים"
"נסו מונח אחר, או הסירו את הסינון.","src/app/agreements/page.tsx","77","הסכמים (רשימה)","help","",""
"ניקוי הסינון","src/app/agreements/page.tsx","79","הסכמים (רשימה)","button","",""
"עדיין אין הסכמים","src/app/agreements/page.tsx","84","הסכמים (רשימה)","aria","","glossary: הסכמים; same text also at: src/components/documents/DocumentsTable.tsx:79"
"כל מסמך שתשלחו לחתימה יופיע כאן, עם החברה, החותם ומצב החתימה.","src/app/agreements/page.tsx","85","הסכמים (רשימה)","empty_state","","new 2026-09-07 UX pass"
"עמודים","src/app/agreements/page.tsx","96","הסכמים (רשימה)","aria","","same text also at: src/components/canvas/CanvasEditor.tsx:364"
"{(result.page - 1) * pageSize + 1}–{Math.min(result.page * pageSize, total)} מתוך {total}","src/app/agreements/page.tsx","97","הסכמים (רשימה)","nav","{(result.page - 1) * pageSize + 1} | {Math.min(result.page * pageSize, total)} | {total}",""
"הקודם","src/app/agreements/page.tsx","103","הסכמים (רשימה)","button","","same text also at: src/components/signer/SignerDocument.tsx:192"
"הבא","src/app/agreements/page.tsx","108","הסכמים (רשימה)","button","",""
"בקשה לא תקינה.","src/app/api/ai/approve/route.ts","31","XTRA AI (עוזר צ׳אט)","help","","same text also at: src/app/api/auth/login/route.ts:49, src/app/api/documents/upload/route.ts:95, src/app/api/sign/[token]/otp/route.ts:51"
"הפעולה אינה זמינה.","src/app/api/ai/approve/route.ts","46","XTRA AI (עוזר צ׳אט)","help","",""
"הפעולה לא הושלמה. אפשר לנסות שוב.","src/app/api/ai/approve/route.ts","67","XTRA AI (עוזר צ׳אט)","help","",""
"XTRA AI אינו זמין כרגע. שאר המערכת ממשיכה לפעול כרגיל.","src/app/api/ai/chat/route.ts","30","XTRA AI (עוזר צ׳אט)","help","","same text also at: src/server/ai/agent.ts:84"
"יותר מדי בקשות. נסו שוב בעוד רגע.","src/app/api/ai/chat/route.ts","39","XTRA AI (עוזר צ׳אט)","help","",""
"אין מה לשלוח.","src/app/api/ai/chat/route.ts","52","XTRA AI (עוזר צ׳אט)","help","",""
"משהו השתבש. נסו שוב.","src/app/api/ai/chat/route.ts","89","XTRA AI (עוזר צ׳אט)","help","","same text also at: src/components/ai/XtraAi.tsx:241"
"חסר שם.","src/app/api/ai/conversations/[id]/route.ts","24","XTRA AI (עוזר צ׳אט)","help","",""
"נתונים לא תקינים.","src/app/api/auth/login/route.ts","21","כניסה למערכת — הודעות שרת","help","","same text also at: src/app/api/companies/[id]/crm-business/route.ts:48, src/app/api/companies/[id]/route.ts:14, src/app/api/companies/bulk/route.ts:21 (+41 more)"
"הבקשה נדחתה.","src/app/api/auth/login/route.ts","52","כניסה למערכת — הודעות שרת","help","","same text also at: src/app/api/auth/logout/route.ts:15, src/app/api/companies/[id]/crm-documents/route.ts:58, src/app/api/companies/[id]/route.ts:58 (+22 more)"
"יובאו יותר מדי מסמכים. נסו שוב מאוחר יותר.","src/app/api/companies/[id]/crm-business/route.ts","41","ספקים/לקוחות — הודעות שרת","help","","same text also at: src/app/api/companies/[id]/crm-documents/route.ts:32"
"נדרשת התחברות.","src/app/api/companies/[id]/crm-documents/route.ts","59","ספקים/לקוחות — הודעות שרת","help","","same text also at: src/app/api/companies/[id]/route.ts:61, src/app/api/companies/route.ts:97, src/app/api/crm/sync/route.ts:29 (+18 more)"
"החברה לא נמצאה.","src/app/api/companies/[id]/crm-link/route.ts","24","ספקים/לקוחות — הודעות שרת","help","","same text also at: src/server/ai/tools/companies.ts:74, src/server/ai/tools/companies.ts:188, src/server/companies/companies.ts:178 (+2 more)"
"לא הצלחנו לבדוק אם החברה כבר קיימת ב-Fireberry. נסו שוב.","src/app/api/companies/[id]/crm-link/route.ts","58","ספקים/לקוחות — הודעות שרת","error","",""
"פעולה לא מוכרת.","src/app/api/companies/bulk/route.ts","24","API — הודעות שרת","help","","same text also at: src/app/api/groups/[id]/route.ts:44, src/app/api/projects/[id]/leads/route.ts:49"
"לא נבחרו רשומות.","src/app/api/companies/bulk/route.ts","27","API — הודעות שרת","help","","not in previous catalog"
"ייצוא","src/app/api/companies/export/route.ts","23","ספקים/לקוחות → ייבוא/ייצוא Excel","other","","same text also at: src/components/tags/BulkBar.tsx:91, src/server/companies/excel.ts:224"
"קבוצה","src/app/api/companies/export/route.ts","27","ספקים/לקוחות → ייבוא/ייצוא Excel","other","",""
"לקוחות","src/app/api/companies/export/route.ts","35","ספקים/לקוחות → ייבוא/ייצוא Excel","other","","glossary: לקוחות; same text also at: src/app/customers/page.tsx:29, src/app/customers/page.tsx:33, src/app/customers/page.tsx:49 (+17 more)"
"ספקים","src/app/api/companies/export/route.ts","35","ספקים/לקוחות → ייבוא/ייצוא Excel","other","","glossary: ספקים; same text also at: src/app/projects/[id]/page.tsx:169, src/app/suppliers/page.tsx:29, src/app/suppliers/page.tsx:33 (+20 more)"
"חברות","src/app/api/companies/export/route.ts","35","ספקים/לקוחות → ייבוא/ייצוא Excel","other","",""
"xtra-sign-תבנית.xlsx","src/app/api/companies/import/route.ts","19","ספקים/לקוחות — הודעות שרת","other","",""
"לא נבחר קובץ.","src/app/api/companies/import/route.ts","43","ספקים/לקוחות — הודעות שרת","help","",""
"הקובץ גדול מדי.","src/app/api/companies/import/route.ts","46","ספקים/לקוחות — הודעות שרת","help","",""
"נוצרו יותר מדי רשומות. נסו שוב מאוחר יותר.","src/app/api/companies/import/route.ts","55","ספקים/לקוחות — הודעות שרת","help","","same text also at: src/app/api/companies/route.ts:36"
"סוג לא תקין.","src/app/api/companies/route.ts","45","ספקים/לקוחות — הודעות שרת","help","",""
"הסנכרון בוצע לאחרונה. נסו שוב מאוחר יותר.","src/app/api/crm/sync/route.ts","17","CRM (Fireberry) — הודעות שרת","help","",""
"הסנכרון נכשל בצד השרת.","src/app/api/crm/sync/route.ts","31","CRM (Fireberry) — הודעות שרת","error","",""
"יובאו יותר מדי תבניות. נסו שוב מאוחר יותר.","src/app/api/crm/templates/route.ts","36","תבניות → ייבוא תבנית מ-CRM","help","",""
"הקישור נשלח אליך קודם לכן","src/app/api/cron/reminders/route.ts","88","מייל: תזכורות אוטומטיות וסיכום יומי לצוות","other","",""
"תזכורת: המסמך עדיין ממתין לחתימתך","src/app/api/cron/reminders/route.ts","94","מייל: תזכורות אוטומטיות וסיכום יומי לצוות","other","","same text also at: src/server/documents/send-agreement.ts:106, src/server/mail/catalog.ts:67"
"להמשך חתימה","src/app/api/cron/reminders/route.ts","96","מייל: תזכורות אוטומטיות וסיכום יומי לצוות","other","","same text also at: src/server/documents/send-agreement.ts:108, src/server/mail/catalog.ts:69, src/server/projects/messages.ts:156"
"מסמך","src/app/api/cron/reminders/route.ts","98","מייל: תזכורות אוטומטיות וסיכום יומי לצוות","other","","same text also at: src/components/SendPanel.tsx:141, src/components/documents/DocumentsTable.tsx:147, src/components/quick-send/QuickSendDialog.tsx:227 (+18 more)"
"פג תוקף קישור החתימה של ""${row.title}""","src/app/api/cron/reminders/route.ts","155","מייל: תזכורות אוטומטיות וסיכום יומי לצוות","other","${row.title}",""
"ניתן ליצור גרסה חדשה ולשלוח שוב.","src/app/api/cron/reminders/route.ts","156","מייל: תזכורות אוטומטיות וסיכום יומי לצוות","other","",""
"נצפה","src/app/api/cron/reminders/route.ts","265","מייל: תזכורות אוטומטיות וסיכום יומי לצוות","other","","same text also at: src/app/page.tsx:21, src/components/Timeline.tsx:10, src/components/ai/ResultCards.tsx:17 (+6 more)"
"ממתין לחתימה","src/app/api/cron/reminders/route.ts","265","מייל: תזכורות אוטומטיות וסיכום יומי לצוות","other","","same text also at: src/components/SendPanel.tsx:104, src/components/groups/GroupWorkspace.tsx:24, src/components/projects/AudienceTable.tsx:33 (+10 more)"
"ממתינים לחתימה כבר ${FIRST_REMINDER_AFTER_DAYS} ימים ומעלה (${unsigned.length})","src/app/api/cron/reminders/route.ts","270","מייל: תזכורות אוטומטיות וסיכום יומי לצוות","other","${FIRST_REMINDER_AFTER_DAYS} | ${unsigned.length}",""
"נשלח לפני ${days(r.sentAt)} ימים","src/app/api/cron/reminders/route.ts","270","מייל: תזכורות אוטומטיות וסיכום יומי לצוות","other","${days(r.sentAt)}",""
"קישורים שיפוגו בשבוע הקרוב (${expiring.length})","src/app/api/cron/reminders/route.ts","271","מייל: תזכורות אוטומטיות וסיכום יומי לצוות","other","${expiring.length}",""
"פג בעוד ${until(r.expiresAt)} ימים","src/app/api/cron/reminders/route.ts","271","מייל: תזכורות אוטומטיות וסיכום יומי לצוות","other","${until(r.expiresAt)}",""
"סיכום יומי – ${projectName}: ${total} הסכמים דורשים תשומת לב","src/app/api/cron/reminders/route.ts","274","מייל: תזכורות אוטומטיות וסיכום יומי לצוות","other","${projectName} | ${total}","glossary: הסכמים"
"סיכום יומי: ${total} הסכמים דורשים תשומת לב","src/app/api/cron/reminders/route.ts","274","מייל: תזכורות אוטומטיות וסיכום יומי לצוות","other","${total}","glossary: הסכמים"
"הסכמים שדורשים תשומת לב","src/app/api/cron/reminders/route.ts","279","מייל: תזכורות אוטומטיות וסיכום יומי לצוות","other","","glossary: הסכמים; same text also at: src/server/mail/catalog.ts:144"
"סיכום הבוקר לקמפיין ""${projectName}"": מה עדיין ממתין, ומה עומד לפוג.","src/app/api/cron/reminders/route.ts","280","מייל: תזכורות אוטומטיות וסיכום יומי לצוות","help","${projectName}","glossary: קמפיין"
"סיכום הבוקר של XTRA Sign: מה עדיין ממתין, ומה עומד לפוג.","src/app/api/cron/reminders/route.ts","280","מייל: תזכורות אוטומטיות וסיכום יומי לצוות","help","","glossary: XTRA Sign; same text also at: src/server/mail/catalog.ts:145"
"הבקשה נשלחה למנהלי המערכת.","src/app/api/deletion/route.ts","41","דיאלוג מחיקה / ארכיון","help","",""
"מחיקה מלאה שמורה לבעלי הארגון בלבד.","src/app/api/deletion/route.ts","44","דיאלוג מחיקה / ארכיון","help","","not in previous catalog; same text also at: src/server/deletion/purge.ts:21"
"מחק","src/app/api/deletion/route.ts","45","דיאלוג מחיקה / ארכיון","other","","same text also at: src/components/canvas/CanvasEditor.tsx:380, src/components/deletion/DeleteDialog.tsx:143, src/components/deletion/DeleteDialog.tsx:153 (+1 more)"
"יש להקליד ""מחק"" כדי לאשר מחיקה מלאה.","src/app/api/deletion/route.ts","45","דיאלוג מחיקה / ארכיון","help","","not in previous catalog"
"נמחק לצמיתות: ${rows} רשומות ו-${purged.files} קבצים.","src/app/api/deletion/route.ts","49","דיאלוג מחיקה / ארכיון","help","${rows} | ${purged.files}","not in previous catalog"
"הרשומה לא נמצאה.","src/app/api/deletion/route.ts","62","דיאלוג מחיקה / ארכיון","help","","same text also at: src/server/deletion/purge.ts:141, src/server/invitations/invitations.ts:633"
"אישור חתימה - ${result.title}.pdf","src/app/api/documents/[id]/certificate/route.ts","20","הסכמים — הודעות שרת","other","${result.title}",""
"המסמך אינו זמין.","src/app/api/documents/[id]/certificate/route.ts","34","הסכמים — הודעות שרת","help","","same text also at: src/app/api/documents/[id]/crm-upload/route.ts:34, src/app/api/documents/[id]/download/route.ts:43, src/app/api/documents/[id]/fields/route.ts:37 (+8 more)"
"יותר מדי בקשות. נסו שוב מאוחר יותר.","src/app/api/documents/[id]/crm-upload/route.ts","17","הסכם → העלאה / עדכון ל-CRM","help","",""
"יותר מדי פעולות. נסו שוב מאוחר יותר.","src/app/api/documents/[id]/lifecycle/route.ts","17","הסכמים — הודעות שרת","help","",""
"פעולה לא תקינה.","src/app/api/documents/[id]/lifecycle/route.ts","42","הסכמים — הודעות שרת","help","",""
"נשלחו יותר מדי תזכורות. נסו שוב מאוחר יותר.","src/app/api/documents/[id]/remind/route.ts","19","הסכם → תזכורת","help","","same text also at: src/app/api/groups/[id]/remind/route.ts:19"
"בחרו ערוץ לשליחה.","src/app/api/documents/[id]/remind/route.ts","29","הסכם → תזכורת","help","",""
"השליחה נכשלה.","src/app/api/documents/[id]/remind/route.ts","35","הסכם → תזכורת","error","","same text also at: src/components/SendPanel.tsx:57, src/components/groups/BulkSendDialog.tsx:96, src/components/projects/AudienceTable.tsx:102 (+14 more)"
"נשלחו יותר מדי הודעות. נסו שוב מאוחר יותר.","src/app/api/documents/[id]/renew/route.ts","16","הסכמים — הודעות שרת","help","","same text also at: src/app/api/documents/[id]/resend-message/route.ts:15, src/app/api/documents/bulk/resend-failed/route.ts:21, src/app/api/projects/[id]/audience/remind/route.ts:19 (+1 more)"
"החידוש נכשל.","src/app/api/documents/[id]/renew/route.ts","20","הסכמים — הודעות שרת","error","","same text also at: src/server/reports/registration-actions.ts:210"
"ההעלאה נכשלה.","src/app/api/documents/[id]/writeback/route.ts","19","הסכם → העלאה / עדכון ל-CRM","error","","same text also at: src/components/documents/CrmWritebackButton.tsx:38, src/components/projects/AgreementPanel.tsx:153, src/components/templates/TemplateUploadWizard.tsx:58"
"לא נבחרו הסכמים.","src/app/api/documents/bulk/resend-failed/route.ts","18","API — הודעות שרת","help","","not in previous catalog; glossary: הסכמים"
"המסמך ריק או פגום.","src/app/api/documents/canvas/route.ts","24","מסמך חדש (העלאה / כתיבה / בחירת חברה)","help","",""
"נוצרו יותר מדי מסמכים. נסו שוב מאוחר יותר.","src/app/api/documents/compose/route.ts","19","מסמך חדש (העלאה / כתיבה / בחירת חברה)","help","","same text also at: src/app/api/documents/composer/route.ts:23, src/app/api/templates/[id]/use/route.ts:20"
"יצירת המסמך נכשלה בצד השרת. נסו שוב.","src/app/api/documents/compose/route.ts","63","מסמך חדש (העלאה / כתיבה / בחירת חברה)","error","",""
"יש להזין שם למסמך.","src/app/api/documents/composer/route.ts","36","מסמך חדש (העלאה / כתיבה / בחירת חברה)","help","","same text also at: src/server/documents/canvas-save.ts:158, src/server/documents/compose.ts:296, src/server/documents/composer-save.ts:32"
"יש לבחור ספק או לקוח.","src/app/api/documents/composer/route.ts","37","מסמך חדש (העלאה / כתיבה / בחירת חברה)","help","","same text also at: src/server/documents/canvas-save.ts:159, src/server/documents/composer-save.ts:33"
"יש להזין את תוכן המסמך.","src/app/api/documents/composer/route.ts","38","מסמך חדש (העלאה / כתיבה / בחירת חברה)","help","","same text also at: src/server/documents/compose.ts:307, src/server/documents/composer-save.ts:34"
"המסמך ארוך מדי.","src/app/api/documents/composer/route.ts","40","מסמך חדש (העלאה / כתיבה / בחירת חברה)","help","","same text also at: src/server/documents/composer-save.ts:35"
"הועלו יותר מדי קבצים. נסו שוב מאוחר יותר.","src/app/api/documents/upload/route.ts","35","מסמך חדש (העלאה / כתיבה / בחירת חברה)","help","","same text also at: src/app/api/templates/from-pdf/route.ts:23"
"מסמך.pdf","src/app/api/documents/upload/route.ts","82","מסמך חדש (העלאה / כתיבה / בחירת חברה)","other","",""
"ההעלאה נכשלה בצד השרת. נסו שוב, ואם זה חוזר פנו למנהל המערכת.","src/app/api/documents/upload/route.ts","112","מסמך חדש (העלאה / כתיבה / בחירת חברה)","error","",""
"יש לסמן ספקים לפני שליחת תזכורת.","src/app/api/groups/[id]/remind/route.ts","29","קבוצה → שליחה מרוכזת","help","","glossary: ספקים"
"לא נבחרה תבנית.","src/app/api/groups/[id]/send/route.ts","13","קבוצה → שליחה מרוכזת","help","","same text also at: src/app/api/groups/[id]/send/route.ts:32"
"בחרו רשומה קיימת או ספק/לקוח חדש.","src/app/api/invitations/[leadId]/company/route.ts","15","API — הודעות שרת","help","","not in previous catalog"
"בחרו ערוץ.","src/app/api/invitations/[leadId]/send/route.ts","25","API — הודעות שרת","help","","not in previous catalog"
"הטופס גדול מדי.","src/app/api/join/[slug]/route.ts","25","עמוד ציבורי: הצטרפות — הודעות שרת","help","","same text also at: src/app/api/self-service/[formId]/register/route.ts:30"
"התקבלו יותר מדי פניות. נסו שוב בעוד מספר דקות.","src/app/api/join/[slug]/route.ts","31","עמוד ציבורי: הצטרפות — הודעות שרת","help","",""
"השליחה נכשלה. נסו שוב בעוד רגע.","src/app/api/join/[slug]/route.ts","63","עמוד ציבורי: הצטרפות — הודעות שרת","error","","same text also at: src/server/messaging/dispatch.ts:232, src/server/projects/landing.ts:236"
"תבנית לא מוכרת.","src/app/api/mail/preview/route.ts","15","הגדרות → אימיילים (תצוגה מקדימה ושליחת בדיקה)","help","",""
"נשלחו יותר מדי מיילי בדיקה. נסו שוב מאוחר יותר.","src/app/api/mail/test/route.ts","22","הגדרות → אימיילים (תצוגה מקדימה ושליחת בדיקה)","help","",""
"יש לבחור תבנית ולהזין כתובת תקינה.","src/app/api/mail/test/route.ts","26","הגדרות → אימיילים (תצוגה מקדימה ושליחת בדיקה)","help","",""
"[בדיקה] ${rendered.subject}","src/app/api/mail/test/route.ts","30","הגדרות → אימיילים (תצוגה מקדימה ושליחת בדיקה)","other","${rendered.subject}",""
"השליחה נכשלה (${result.error}).","src/app/api/mail/test/route.ts","31","הגדרות → אימיילים (תצוגה מקדימה ושליחת בדיקה)","error","${result.error}",""
"לא נבחר אף אחד.","src/app/api/projects/[id]/audience/remind/route.ts","16","API — הודעות שרת","help","","not in previous catalog"
"ההפצה לא נמצאה.","src/app/api/projects/[id]/distributions/[distributionId]/route.ts","12","קמפיין → הפצות","help","","glossary: הפצה; same text also at: src/server/distributions/distributions.ts:265, src/server/distributions/distributions.ts:394"
"נדרש שם.","src/app/api/projects/[id]/invitations/route.ts","28","API — הודעות שרת","help","","not in previous catalog; same text also at: src/server/invitations/invitations.ts:168, src/server/quick-send/quick-send.ts:62"
"חסר מזהה פעולה.","src/app/api/projects/[id]/invitations/route.ts","32","API — הודעות שרת","help","","not in previous catalog; same text also at: src/app/api/quick-send/route.ts:24, src/server/quick-send/quick-send.ts:42"
"אירוע לא מוכר.","src/app/api/projects/[id]/messages/preview/route.ts","16","קמפיין → הגדרות → הודעות","help","","same text also at: src/app/api/projects/[id]/messages/route.ts:29, src/app/api/projects/[id]/messages/test/route.ts:16, src/server/projects/messages.ts:78"
"הקמפיין לא נמצא.","src/app/api/projects/[id]/messages/preview/route.ts","18","קמפיין → הגדרות → הודעות","help","","glossary: קמפיין; same text also at: src/app/api/projects/[id]/messages/route.ts:14, src/app/api/projects/[id]/share/route.ts:13, src/app/api/self-service/[formId]/resume/route.ts:18 (+7 more)"
"ההרשמה לא נמצאה.","src/app/api/projects/[id]/registrations/[leadId]/route.ts","12","קמפיין → הרשמות / לידים","help","",""
"לא נבחרה תמונה.","src/app/api/projects/[id]/share/image/route.ts","15","קמפיין → הגדרות → כרטיס שיתוף (תמונה וטקסט לרשתות)","help","",""
"סטטוס לא מוכר.","src/app/api/projects/[id]/tasks/[taskId]/route.ts","20","API — הודעות שרת","help","","not in previous catalog"
"המשימה לא נמצאה.","src/app/api/projects/[id]/tasks/[taskId]/route.ts","32","API — הודעות שרת","help","","not in previous catalog"
"אין הרשאה לפעולה זו.","src/app/api/projects/[id]/tasks/backfill/route.ts","17","API — הודעות שרת","help","","same text also at: src/app/api/users/create/route.ts:37, src/app/api/users/disable/route.ts:35, src/app/api/users/role/route.ts:35 (+1 more)"
"הטופס אינו פעיל.","src/app/api/public/forms/[slug]/submissions/route.ts","48","טופס ציבורי (הטמעה) — הודעות שרת","help","","same text also at: src/server/projects/landing.ts:180"
"נשלחו יותר מדי מסמכים. נסו שוב מאוחר יותר.","src/app/api/quick-send/route.ts","16","API — הודעות שרת","help","","not in previous catalog"
"חסרים פרטים: נמען, מסמך וערוץ.","src/app/api/quick-send/route.ts","23","API — הודעות שרת","help","","not in previous catalog"
"רק מנהל מערכת יכול לשנות הגדרות אבטחה.","src/app/api/security/captcha/route.ts","33","הגדרות → אבטחה (CAPTCHA)","help","",""
"רק מנהל מערכת יכול לבדוק הגדרות אבטחה.","src/app/api/security/captcha/test/route.ts","16","הגדרות → אבטחה (CAPTCHA)","help","",""
"התקבלו יותר מדי פניות מהכתובת הזו. נסו שוב בעוד מספר דקות.","src/app/api/self-service/[formId]/register/route.ts","36","הרשמה עצמית — הודעות שרת","help","",""
"ההרשמה נכשלה. נסו שוב בעוד רגע.","src/app/api/self-service/[formId]/register/route.ts","98","הרשמה עצמית — הודעות שרת","error","",""
"נשלחו יותר מדי קודים. נסו שוב בעוד כמה דקות.","src/app/api/self-service/[formId]/resume/route.ts","20","API — הודעות שרת","help","","not in previous catalog"
"חסר מזהה.","src/app/api/self-service/[formId]/resume/route.ts","24","API — הודעות שרת","help","","not in previous catalog; same text also at: src/app/api/sign/resume/route.ts:18"
"הפעולה נכשלה.","src/app/api/self-service/[formId]/resume/route.ts","29","API — הודעות שרת","error","","same text also at: src/app/api/sign/resume/route.ts:23, src/components/DocumentActions.tsx:34, src/components/TemplateList.tsx:28 (+21 more)"
"חסר אישור.","src/app/api/sends/[sendId]/confirm/route.ts","14","API — הודעות שרת","help","","not in previous catalog"
"הקישור אינו זמין.","src/app/api/sign/[token]/complete/route.ts","22","עמוד חתימה — הודעות שרת","help","","same text also at: src/app/api/sign/[token]/fields/route.ts:28, src/app/api/sign/[token]/otp/route.ts:22"
"נדרש אימות טלפון.","src/app/api/sign/[token]/complete/route.ts","26","עמוד חתימה — הודעות שרת","help","","same text also at: src/app/api/sign/[token]/fields/route.ts:33"
"נשלחו יותר מדי בקשות. נסו שוב בעוד כמה דקות.","src/app/api/sign/resume/route.ts","15","API — הודעות שרת","help","","not in previous catalog"
"רק מנהל יכול למחוק תג.","src/app/api/tags/[id]/route.ts","32","API — הודעות שרת","help","","not in previous catalog"
"לתבנית אין קובץ.","src/app/api/templates/[id]/file/route.ts","15","תבניות","help","","same text also at: src/server/templates/templates.ts:271, src/server/templates/templates.ts:432"
"חסרה התבנית החדשה.","src/app/api/templates/[id]/replace/route.ts","14","תבנית → החלפת קובץ ה-PDF","help","",""
"יש לבחור ספק או לקוח למסמך.","src/app/api/templates/[id]/use/route.ts","27","תבניות","help","","same text also at: src/server/documents/upload-document.ts:64, src/server/templates/templates.ts:275"
"יש לבחור קובץ PDF ולתת לתבנית שם.","src/app/api/templates/from-pdf/route.ts","32","תבניות","help","",""
"הקובץ גדול מדי. הגודל המרבי הוא 25MB.","src/app/api/templates/from-pdf/route.ts","35","תבניות","help","","same text also at: src/server/documents/file-validation.ts:66"
"הכול","src/app/companies/[id]/page.tsx","21","כרטיס ספק/לקוח","other","","same text also at: src/app/projects/page.tsx:42, src/app/tracking/page.tsx:44, src/app/tracking/page.tsx:69 (+8 more)"
"טיוטות","src/app/companies/[id]/page.tsx","22","כרטיס ספק/לקוח","other","","same text also at: src/components/ListFilters.tsx:8, src/components/documents/InboxControls.tsx:9"
"ממתינים","src/app/companies/[id]/page.tsx","23","כרטיס ספק/לקוח","other","","same text also at: src/components/ListFilters.tsx:6, src/components/companies/CompanyList.tsx:375, src/components/projects/AudienceTable.tsx:26 (+5 more)"
"נחתמו","src/app/companies/[id]/page.tsx","24","כרטיס ספק/לקוח","other","","same text also at: src/app/projects/[id]/page.tsx:355, src/components/ListFilters.tsx:7, src/components/companies/CompanyList.tsx:376 (+7 more)"
"ספק","src/app/companies/[id]/page.tsx","50","כרטיס ספק/לקוח","other","","same text also at: src/app/companies/[id]/page.tsx:217, src/app/projects/[id]/page.tsx:133, src/app/suppliers/page.tsx:62 (+27 more)"
"לקוח","src/app/companies/[id]/page.tsx","50","כרטיס ספק/לקוח","other","","same text also at: src/app/companies/[id]/page.tsx:217, src/app/customers/page.tsx:62, src/app/projects/[id]/page.tsx:133 (+20 more)"
"פרטים","src/app/companies/[id]/page.tsx","72","כרטיס ספק/לקוח","other","","same text also at: src/components/projects/AudienceTable.tsx:435, src/components/projects/NewCampaignWizard.tsx:26"
"פרויקטים:","src/app/companies/[id]/page.tsx","96","כרטיס ספק/לקוח","other","",""
"מידע על החברה","src/app/companies/[id]/page.tsx","110","כרטיס ספק/לקוח","aria","",""
"סוג","src/app/companies/[id]/page.tsx","138","כרטיס ספק/לקוח","other","","same text also at: src/components/documents/CompanyStep.tsx:216, src/components/groups/ExcelImportDialog.tsx:153, src/components/projects/AudienceTable.tsx:553 (+5 more)"
"ח.פ / ע.מ","src/app/companies/[id]/page.tsx","139","כרטיס ספק/לקוח","other","","same text also at: src/components/companies/CompanyForm.tsx:212, src/components/companies/CompanyHeader.tsx:42, src/components/companies/CompanyList.tsx:370 (+14 more)"
"איש קשר","src/app/companies/[id]/page.tsx","140","כרטיס ספק/לקוח","other","","same text also at: src/components/companies/CompanyForm.tsx:213, src/components/companies/CompanyHeader.tsx:43, src/components/companies/CompanyList.tsx:371 (+11 more)"
"טלפון","src/app/companies/[id]/page.tsx","141","כרטיס ספק/לקוח","other","","same text also at: src/components/canvas/element-factory.ts:110, src/components/companies/CompanyForm.tsx:214, src/components/companies/CompanyHeader.tsx:44 (+29 more)"
"אימייל","src/app/companies/[id]/page.tsx","142","כרטיס ספק/לקוח","other","","same text also at: src/app/tracking/page.tsx:71, src/components/RemindButton.tsx:53, src/components/SendPanel.tsx:86 (+40 more)"
"כתובת","src/app/companies/[id]/page.tsx","143","כרטיס ספק/לקוח","other","","same text also at: src/components/companies/CompanyHeader.tsx:46, src/components/projects/DistributionWizard.tsx:297, src/components/projects/LeadsPanel.tsx:24 (+7 more)"
"מקור","src/app/companies/[id]/page.tsx","144","כרטיס ספק/לקוח","other","","same text also at: src/components/companies/CompanyList.tsx:374, src/components/reports/ProjectReportView.tsx:451, src/components/reports/RegistrationsTable.tsx:354 (+4 more)"
"הערות","src/app/companies/[id]/page.tsx","153","כרטיס ספק/לקוח","label","","same text also at: src/components/companies/CompanyForm.tsx:220, src/server/notifications/campaign-mail.ts:62"
"סינון הסכמים","src/app/companies/[id]/page.tsx","162","כרטיס ספק/לקוח","aria","","glossary: הסכמים"
"עדיין אין הסכמים ל${company.name}","src/app/companies/[id]/page.tsx","181","כרטיס ספק/לקוח","empty_state","${company.name}","glossary: הסכמים"
"אין הסכמים בסטטוס הזה","src/app/companies/[id]/page.tsx","181","כרטיס ספק/לקוח","help","","glossary: הסכמים"
"כל מסמך שייווצר עבור החברה הזו יופיע כאן.","src/app/companies/[id]/page.tsx","183","כרטיס ספק/לקוח","empty_state","",""
"החברה מחוברת ל-Fireberry. הסנכרון מביא עדכונים מה-CRM; הייבוא מביא קבצים שכבר מצורפים לרשומה. שום פעולה כאן אינה משנה דבר ב-CRM.","src/app/companies/[id]/page.tsx","202","כרטיס ספק/לקוח","help","","glossary: CRM"
"סנכרון אחרון","src/app/companies/[id]/page.tsx","207","כרטיס ספק/לקוח","label","",""
"טרם סונכרן","src/app/companies/[id]/page.tsx","211","כרטיס ספק/לקוח","help","",""
"סוג רשומה","src/app/companies/[id]/page.tsx","216","כרטיס ספק/לקוח","label","",""
"הצעות מחיר{…}","src/app/companies/[id]/page.tsx","225","כרטיס ספק/לקוח","other","{…}","not in previous catalog"
"הצעות המחיר של {company.name} ב-Fireberry, עם כל השורות שבהן.","src/app/companies/[id]/page.tsx","228","כרטיס ספק/לקוח","other","{company.name}",""
"קבצים מצורפים","src/app/companies/[id]/page.tsx","237","כרטיס ספק/לקוח","heading","",""
"קובצי PDF שכבר מצורפים לרשומה עצמה ב-Fireberry.","src/app/companies/[id]/page.tsx","239","כרטיס ספק/לקוח","help","",""
"כל לקוח במקום אחד — הפרטים שלו וכל המסמכים שנשלחו אליו לחתימה.","src/app/customers/page.tsx","31","לקוחות (רשימה)","help","","same text also at: src/app/customers/page.tsx:51"
"← חזרה לרשימה הפעילה","src/app/customers/page.tsx","58","לקוחות (רשימה)","button","","same text also at: src/app/suppliers/page.tsx:58"
"ארכיון","src/app/customers/page.tsx","58","לקוחות (רשימה)","button","","same text also at: src/app/projects/page.tsx:45, src/app/suppliers/page.tsx:58, src/components/DocumentActions.tsx:85 (+2 more)"
"לא הצלחנו להכין תצוגה של המסמך, ולכן לא ניתן להוסיף שדות. ניתן להוריד את הקובץ המקורי ולהעלות אותו מחדש כ-PDF.","src/app/documents/[id]/edit/page.tsx","46","הסכם → עריכת שדות","error","",""
"חזרה למסמך","src/app/documents/[id]/edit/page.tsx","51","הסכם → עריכת שדות","button","",""
"המסמך אינו משויך לספק או ללקוח","src/app/documents/[id]/page.tsx","85","הסכם (דף המסמך)","other","",""
"מקור: Fireberry","src/app/documents/[id]/page.tsx","107","הסכם (דף המסמך)","other","","same text also at: src/components/DocumentRow.tsx:22"
"הורדת מסמך חתום","src/app/documents/[id]/page.tsx","119","הסכם (דף המסמך)","button","",""
"הורדת מסמך","src/app/documents/[id]/page.tsx","119","הסכם (דף המסמך)","button","",""
"הורדת אישור חתימה","src/app/documents/[id]/page.tsx","126","הסכם (דף המסמך)","button","","same text also at: src/components/documents/RowActions.tsx:124"
"הוספת שדות","src/app/documents/[id]/page.tsx","139","הסכם (דף המסמך)","button","",""
"תצוגת המסמך","src/app/documents/[id]/page.tsx","153","הסכם (דף המסמך)","aria","",""
"המסמך מוכן. מומלץ לעבור עליו ולוודא שהכול נראה כמו שצריך.","src/app/documents/[id]/page.tsx","159","הסכם (דף המסמך)","success","",""
"לא הצלחנו להכין תצוגה של המסמך. ניתן להוריד את הקובץ המקורי.","src/app/documents/[id]/page.tsx","170","הסכם (דף המסמך)","error","",""
"החותם","src/app/documents/[id]/page.tsx","177","הסכם (דף המסמך)","heading","","same text also at: src/lib/fields.ts:44"
"שם","src/app/documents/[id]/page.tsx","181","הסכם (דף המסמך)","label","","same text also at: src/components/projects/AudienceTable.tsx:278, src/components/projects/DistributionWizard.tsx:370, src/components/reports/RegistrationsTable.tsx:547 (+2 more)"
"חברה","src/app/documents/[id]/page.tsx","186","הסכם (דף המסמך)","label","","same text also at: src/components/SendPanel.tsx:98, src/components/SendPanel.tsx:146, src/components/documents/DocumentsTable.tsx:148 (+5 more)"
"טרם נבחר חותם.","src/app/documents/[id]/page.tsx","192","הסכם (דף המסמך)","help","",""
"קישור החתימה","src/app/documents/[id]/page.tsx","199","הסכם (דף המסמך)","heading","",""
"פג בתאריך","src/app/documents/[id]/page.tsx","201","הסכם (דף המסמך)","help","",""
"בתוקף עד","src/app/documents/[id]/page.tsx","201","הסכם (דף המסמך)","help","","same text also at: src/server/documents/send-agreement.ts:88, src/server/mail/catalog.ts:55"
"החותם יכול לפתוח את הקישור שוב עד למועד זה. תזכורת נשלחת אוטומטית לפני שהמסמך נחתם.","src/app/documents/[id]/page.tsx","207","הסכם (דף המסמך)","help","",""
"גרסאות","src/app/documents/[id]/page.tsx","214","הסכם (דף המסמך)","heading","",""
"→ הגרסה הקודמת","src/app/documents/[id]/page.tsx","219","הסכם (דף המסמך)","button","",""
"← גרסה חדשה יותר","src/app/documents/[id]/page.tsx","226","הסכם (דף המסמך)","button","",""
"פעולות","src/app/documents/[id]/page.tsx","235","הסכם (דף המסמך)","heading","","same text also at: src/components/companies/CompanyList.tsx:377, src/components/documents/RowActions.tsx:176, src/components/projects/AudienceTable.tsx:451 (+2 more)"
"היסטוריית המסמך","src/app/documents/[id]/page.tsx","242","הסכם (דף המסמך)","heading","","same text also at: src/server/signing/pdf.ts:209"
"1. מסמך → 2. שדות → 3. חותם → <span>4. שליחה</span>","src/app/documents/[id]/send/page.tsx","34","הסכם → שליחה לחתימה","other","",""
"4. שליחה","src/app/documents/[id]/send/page.tsx","35","הסכם → שליחה לחתימה","other","","not in previous catalog"
"חזרה לעריכה","src/app/documents/[id]/send/page.tsx","41","הסכם → שליחה לחתימה","button","","same text also at: src/components/companies/CompanyForm.tsx:276, src/components/documents/CompanyStep.tsx:191"
"שלב 1 מתוך 2","src/app/documents/new/page.tsx","37","מסמך חדש (העלאה / כתיבה / בחירת חברה)","help","",""
"למי המסמך?","src/app/documents/new/page.tsx","38","מסמך חדש (העלאה / כתיבה / בחירת חברה)","heading","",""
"כל מסמך שייך לספק או ללקוח, כדי שתמיד יהיה ברור איפה למצוא אותו.","src/app/documents/new/page.tsx","39","מסמך חדש (העלאה / כתיבה / בחירת חברה)","help","",""
"שלב 2 מתוך 2","src/app/documents/new/page.tsx","52","מסמך חדש (העלאה / כתיבה / בחירת חברה)","help","",""
"מאיפה מתחילים?","src/app/documents/new/page.tsx","54","מסמך חדש (העלאה / כתיבה / בחירת חברה)","heading","",""
"עבור <span>{company.name}</span>{…}<Link>החלפת חברה</Link>","src/app/documents/new/page.tsx","55","מסמך חדש (העלאה / כתיבה / בחירת חברה)","other","{company.name} | {…}","not in previous catalog"
"החלפת חברה","src/app/documents/new/page.tsx","59","מסמך חדש (העלאה / כתיבה / בחירת חברה)","button","","not in previous catalog"
"תבנית XTRA Sign","src/app/documents/new/page.tsx","70","מסמך חדש (העלאה / כתיבה / בחירת חברה)","heading","","glossary: XTRA Sign"
"עדיין אין תבניות שמורות. שומרים מסמך כתבנית מעמוד המסמך, ומכאן ואילך הוא זמין לשימוש חוזר.","src/app/documents/new/page.tsx","73","מסמך חדש (העלאה / כתיבה / בחירת חברה)","empty_state","",""
"${template.pageCount} עמודים","src/app/documents/new/page.tsx","83","מסמך חדש (העלאה / כתיבה / בחירת חברה)","other","${template.pageCount}","same text also at: src/components/TemplateList.tsx:73"
"${template.fieldCount} שדות","src/app/documents/new/page.tsx","84","מסמך חדש (העלאה / כתיבה / בחירת חברה)","other","${template.fieldCount}","same text also at: src/components/TemplateList.tsx:79"
"דורשת הגדרת חתימה","src/app/documents/new/page.tsx","85","מסמך חדש (העלאה / כתיבה / בחירת חברה)","other","",""
"המשך עם התבנית הזו","src/app/documents/new/page.tsx","95","מסמך חדש (העלאה / כתיבה / בחירת חברה)","other","",""
"שימוש בתבנית","src/app/documents/new/page.tsx","95","מסמך חדש (העלאה / כתיבה / בחירת חברה)","other","","same text also at: src/components/documents/UseTemplateButton.tsx:10"
"מסמך מ-Fireberry","src/app/documents/new/page.tsx","105","מסמך חדש (העלאה / כתיבה / בחירת חברה)","heading","",""
"הצעת מחיר קיימת של {company.name} עם כל השורות שבה, או קובץ שכבר מצורף לרשומה. הייבוא אינו משנה דבר ב-CRM.","src/app/documents/new/page.tsx","106","מסמך חדש (העלאה / כתיבה / בחירת חברה)","other","{company.name}","glossary: CRM"
"הטופס אינו זמין","src/app/join/[slug]/page.tsx","33","עמוד ציבורי: טופס הצטרפות (הטמעה)","public_page","",""
"ייתכן שהקישור שגוי או שהטופס נסגר. אפשר לפנות למי ששלח לכם אותו.","src/app/join/[slug]/page.tsx","34","עמוד ציבורי: טופס הצטרפות (הטמעה)","public_page","",""
"<span>XTRA Sign</span> · טופס מאובטח","src/app/join/[slug]/page.tsx","81","עמוד ציבורי: טופס הצטרפות (הטמעה)","public_page","","glossary: XTRA Sign"
"מסמכים לחתימה","src/app/layout.tsx","17","כותרת האתר (metadata)","help","",""
"הסכמים שנחתמים בדקות, לא בשבועות.","src/app/login/page.tsx","25","כניסה למערכת","help","","glossary: הסכמים"
"<span>✓</span> שליחה ב-SMS ובאימייל, חתימה מהנייד, עותק חתום לכולם.","src/app/login/page.tsx","27","כניסה למערכת","other","",""
"<span>✓</span> אימות טלפוני חד-פעמי ומסלול ביקורת מלא לכל חתימה.","src/app/login/page.tsx","28","כניסה למערכת","other","",""
"<span>✓</span> קמפיינים, הרשמות, הפצות ודוחות במקום אחד.","src/app/login/page.tsx","29","כניסה למערכת","other","","glossary: הרשמות"
"XTRA Sign · חתימה דיגיטלית לעסקים","src/app/login/page.tsx","32","כניסה למערכת","help","","glossary: XTRA Sign"
"הכניסה מאובטחת בקוד חד-פעמי. אין סיסמאות לזכור.","src/app/login/page.tsx","45","כניסה למערכת","help","",""
"נשלח","src/app/page.tsx","20","בית (דשבורד)","other","","same text also at: src/components/Timeline.tsx:6, src/components/ai/ResultCards.tsx:16, src/components/documents/AttentionDrawer.tsx:210 (+7 more)"
"נחתם","src/app/page.tsx","22","בית (דשבורד)","other","","same text also at: src/components/Timeline.tsx:17, src/components/ai/ResultCards.tsx:18, src/components/groups/GroupWorkspace.tsx:26 (+13 more)"
"בוטל","src/app/page.tsx","23","בית (דשבורד)","other","","same text also at: src/components/Timeline.tsx:20, src/components/ai/ApprovalCard.tsx:71, src/components/ai/ResultCards.tsx:21 (+7 more)"
"נשלחה תזכורת","src/app/page.tsx","24","בית (דשבורד)","other","","same text also at: src/components/Timeline.tsx:22, src/components/reports/RegistrationsTable.tsx:51, src/lib/relative-time.ts:27"
"שלום, {session.name.split(' ')[0]}","src/app/page.tsx","50","בית (דשבורד)","other","{session.name.split(' ')[0]}",""
"מכאן שולחים מסמך לחתימה לנמען אחד, או פותחים קמפיין לאיסוף פניות ולהחתמה של רבים.","src/app/page.tsx","51","בית (דשבורד)","help","","new 2026-09-07 UX pass; glossary: קמפיין"
"קמפיין חדש","src/app/page.tsx","61","בית (דשבורד)","button","","glossary: קמפיין; same text also at: src/app/projects/page.tsx:96, src/components/projects/NewCampaignWizard.tsx:112"
"ממתינים לחתימה","src/app/page.tsx","66","בית (דשבורד)","other","","same text also at: src/app/projects/[id]/page.tsx:354, src/components/documents/InboxControls.tsx:10, src/components/projects/CampaignOverview.tsx:44 (+2 more)"
"פניות חדשות","src/app/page.tsx","67","בית (דשבורד)","other","","new 2026-09-07 UX pass"
"עומדים לפוג","src/app/page.tsx","68","בית (דשבורד)","other","",""
"דורשים טיפול","src/app/page.tsx","69","בית (דשבורד)","other","","same text also at: src/components/documents/InboxControls.tsx:15"
"פעילות אחרונה","src/app/page.tsx","74","בית (דשבורד)","heading","","same text also at: src/components/documents/DocumentsTable.tsx:151, src/components/projects/AudienceTable.tsx:283, src/components/projects/AudienceTable.tsx:557 (+2 more)"
"לכל ההסכמים","src/app/page.tsx","76","בית (דשבורד)","button","","glossary: הסכמים"
"עדיין אין פעילות — המסמך הראשון שתשלחו לחתימה יופיע כאן.","src/app/page.tsx","81","בית (דשבורד)","empty_state","","new 2026-09-07 UX pass"
"בארכיון","src/app/projects/[id]/page.tsx","88","קמפיין (דף הקמפיין)","other","","same text also at: src/components/projects/ProjectsList.tsx:38, src/lib/relative-time.ts:18"
"{…}{' · '}{…} חתמו {' · '}{…} ממתינים {…}","src/app/projects/[id]/page.tsx","91","קמפיין (דף הקמפיין)","other","{…} | {' · '} | {…} | {' · '} | {…} | {…}","not in previous catalog"
"נמען אחד","src/app/projects/[id]/page.tsx","92","קמפיין (דף הקמפיין)","help","",""
"${companies.length} נמענים","src/app/projects/[id]/page.tsx","92","קמפיין (דף הקמפיין)","help","${companies.length}","glossary: נמענים"
"לשוניות הפרויקט","src/app/projects/[id]/page.tsx","104","קמפיין (דף הקמפיין)","aria","",""
"שליחות אחרונות","src/app/projects/[id]/page.tsx","222","קמפיין (דף הקמפיין)","heading","",""
"תבנית","src/app/projects/[id]/page.tsx","227","קמפיין (דף הקמפיין)","other","","same text also at: src/components/TemplateList.tsx:174, src/components/deletion/DeleteDialog.tsx:98, src/components/documents/DocumentsTable.tsx:17 (+1 more)"
"{batch.sent} נשלחו · {batch.signed} נחתמו {…}","src/app/projects/[id]/page.tsx","230","קמפיין (דף הקמפיין)","help","{batch.sent} | {batch.signed} | {…}","not in previous catalog"
"· ${batch.failed} נכשלו","src/app/projects/[id]/page.tsx","232","קמפיין (דף הקמפיין)","error","${batch.failed}","not in previous catalog"
"עדיין לא נשלחו הסכמים","src/app/projects/[id]/page.tsx","254","קמפיין (דף הקמפיין)","help","","not in previous catalog; glossary: הסכמים"
"שולחים הסכם לספקים ולקוחות מתוך הקהל, או קישור אישי מתוך הזמנות ומעקב.","src/app/projects/[id]/page.tsx","255","קמפיין (דף הקמפיין)","help","","not in previous catalog; glossary: ספקים, לקוחות"
"לקהל הקמפיין","src/app/projects/[id]/page.tsx","258","קמפיין (דף הקמפיין)","button","","not in previous catalog; glossary: קמפיין"
"שליחת הזמנה אישית","src/app/projects/[id]/page.tsx","261","קמפיין (דף הקמפיין)","button","","not in previous catalog"
"עדיין אין הרשמות","src/app/projects/[id]/page.tsx","338","קמפיין (דף הקמפיין)","empty_state","","not in previous catalog; glossary: הרשמות; same text also at: src/components/reports/RegistrationsTable.tsx:301"
"כאשר אנשים ימלאו את טופס הקמפיין, ההרשמות שלהם יופיעו כאן.","src/app/projects/[id]/page.tsx","339","קמפיין (דף הקמפיין)","help","","not in previous catalog; glossary: קמפיין, הרשמות; same text also at: src/components/reports/RegistrationsTable.tsx:302"
"צפייה בעמוד הקמפיין","src/app/projects/[id]/page.tsx","342","קמפיין (דף הקמפיין)","button","","not in previous catalog; glossary: קמפיין; same text also at: src/components/reports/RegistrationsTable.tsx:305"
"חיפוש לפי עסק, איש קשר, ח.פ., טלפון או אימייל","src/app/projects/[id]/page.tsx","349","קמפיין (דף הקמפיין)","placeholder","",""
"חיפוש בהרשמות","src/app/projects/[id]/page.tsx","349","קמפיין (דף הקמפיין)","aria","","glossary: הרשמות"
"סטטוס","src/app/projects/[id]/page.tsx","350","קמפיין (דף הקמפיין)","aria","","same text also at: src/components/SendPanel.tsx:103, src/components/documents/DocumentsTable.tsx:150, src/components/projects/AudienceTable.tsx:281 (+10 more)"
"כל ההרשמות","src/app/projects/[id]/page.tsx","351","קמפיין (דף הקמפיין)","label","","glossary: הרשמות"
"דורש טיפול ({attention})","src/app/projects/[id]/page.tsx","352","קמפיין (דף הקמפיין)","label","{attention}","glossary: דורש טיפול"
"נרשמו","src/app/projects/[id]/page.tsx","353","קמפיין (דף הקמפיין)","label","","same text also at: src/components/projects/AudienceTable.tsx:27, src/components/reports/ProjectReportView.tsx:210, src/server/invitations/invitations.ts:347"
"פג תוקף","src/app/projects/[id]/page.tsx","356","קמפיין (דף הקמפיין)","label","","same text also at: src/components/Timeline.tsx:21, src/components/ai/ResultCards.tsx:20, src/components/groups/GroupWorkspace.tsx:28 (+7 more)"
"נכשלו / נדחו","src/app/projects/[id]/page.tsx","357","קמפיין (דף הקמפיין)","error","",""
"הצגה","src/app/projects/[id]/page.tsx","360","קמפיין (דף הקמפיין)","button","","same text also at: src/app/projects/[id]/page.tsx:367, src/components/projects/AudienceTable.tsx:169, src/components/reports/ProjectReportView.tsx:190 (+1 more)"
"הרשמה אחת דורשת טיפול","src/app/projects/[id]/page.tsx","365","קמפיין (דף הקמפיין)","help","",""
"${attention} הרשמות דורשות טיפול","src/app/projects/[id]/page.tsx","365","קמפיין (דף הקמפיין)","help","${attention}","glossary: הרשמות"
"הרשמות","src/app/projects/[id]/page.tsx","371","קמפיין (דף הקמפיין)","aria","","glossary: הרשמות; same text also at: src/components/projects/CampaignOverview.tsx:42, src/components/projects/ProjectsList.tsx:100, src/components/reports/ProjectReportView.tsx:316 (+3 more)"
"איסוף פניות (לידים)","src/app/projects/page.tsx","43","קמפיינים (רשימה)","other","","not in previous catalog; same text also at: src/components/projects/NewCampaignWizard.tsx:129, src/lib/campaigns.ts:21"
"החתמה על מסמכים","src/app/projects/page.tsx","44","קמפיינים (רשימה)","other","","not in previous catalog; same text also at: src/lib/campaigns.ts:22"
"קמפיינים","src/app/projects/page.tsx","53","קמפיינים (רשימה)","heading","","same text also at: src/components/AppShell.tsx:19, src/components/GlobalSearch.tsx:16"
"כל הקמפיינים שלכם: לאיסוף פניות או להחתמה על מסמכים.","src/app/projects/page.tsx","54","קמפיינים (רשימה)","help","","new 2026-09-07 UX pass"
"סינון קמפיינים","src/app/projects/page.tsx","66","קמפיינים (רשימה)","aria","",""
"לא נמצאו קמפיינים מתאימים. נסו חיפוש אחר.","src/app/projects/page.tsx","88","קמפיינים (רשימה)","help","",""
"אין קמפיינים בארכיון.","src/app/projects/page.tsx","90","קמפיינים (רשימה)","help","",""
"עדיין אין קמפיינים","src/app/projects/page.tsx","93","קמפיינים (רשימה)","aria","",""
"כשתפתחו קמפיין, הוא יופיע כאן עם מי שנרשם ומי שחתם.","src/app/projects/page.tsx","94","קמפיינים (רשימה)","empty_state","","new 2026-09-07 UX pass; glossary: קמפיין"
"תבניות מייל","src/app/settings/emails/page.tsx","16","הגדרות → אימיילים (תצוגה מקדימה ושליחת בדיקה)","heading","","same text also at: src/components/settings/SettingsNav.tsx:17"
"כך נראים המיילים שהמערכת שולחת, ואפשר לשלוח כל אחד מהם לכתובת שלכם לבדיקה.","src/app/settings/emails/page.tsx","17","הגדרות → אימיילים (תצוגה מקדימה ושליחת בדיקה)","setting","","new 2026-09-07 UX pass"
"התראות","src/app/settings/notifications/page.tsx","18","הגדרות → התראות","heading","","same text also at: src/components/NotificationBell.tsx:105, src/components/NotificationBell.tsx:120, src/components/projects/ProjectSettings.tsx:37 (+1 more)"
"לאן נשלח אימייל כשמשהו קורה; ההתראות בפעמון פועלות תמיד.","src/app/settings/notifications/page.tsx","19","הגדרות → התראות","setting","","new 2026-09-07 UX pass"
"פרטי הארגון ומיתוג","src/app/settings/organization/page.tsx","21","הגדרות → ארגון ומיתוג","heading","",""
"הפרטים שמופיעים על המסמכים שאתם שולחים, והצבעים שבהם XTRA AI מעצב אותם.","src/app/settings/organization/page.tsx","23","הגדרות → ארגון ומיתוג","setting","",""
"אבטחת טפסים והתחברות","src/app/settings/security/page.tsx","16","הגדרות → אבטחה (CAPTCHA)","heading","",""
"כאן מפעילים ומכבים את ההגנה מפני רובוטים על הטפסים הציבוריים ועל ההתחברות.","src/app/settings/security/page.tsx","17","הגדרות → אבטחה (CAPTCHA)","setting","","new 2026-09-07 UX pass"
"משתמשים","src/app/settings/users/page.tsx","18","הגדרות → משתמשים","heading","","same text also at: src/components/settings/SettingsNav.tsx:15"
"מי יכול להיכנס למערכת; הכניסה בקוד חד-פעמי ב-SMS, בלי סיסמאות.","src/app/settings/users/page.tsx","19","הגדרות → משתמשים","setting","","new 2026-09-07 UX pass"
"המסמך הזה כבר אינו פתוח לחתימה","src/app/sign/[token]/page.tsx","97","עמוד חתימה (חותם)","public_page","","not in previous catalog"
"הקישור הזה כבר לא פעיל","src/app/sign/[token]/page.tsx","97","עמוד חתימה (חותם)","public_page","","not in previous catalog"
"אם לדעתכם זו טעות, פנו לשולח המסמך.","src/app/sign/[token]/page.tsx","99","עמוד חתימה (חותם)","public_page","","not in previous catalog"
"אם קיבלתם הודעה חדשה יותר, פתחו את הקישור שבה. אחרת, פנו לשולח המסמך ובקשו קישור.","src/app/sign/[token]/page.tsx","99","עמוד חתימה (חותם)","public_page","","not in previous catalog"
"המסמך כבר נחתם.","src/app/sign/[token]/page.tsx","108","עמוד חתימה (חותם)","public_page","",""
"המסמך נדחה.","src/app/sign/[token]/page.tsx","110","עמוד חתימה (חותם)","public_page","",""
"בקשת החתימה בוטלה.","src/app/sign/[token]/page.tsx","112","עמוד חתימה (חותם)","public_page","",""
"תוקף בקשת החתימה פג.","src/app/sign/[token]/page.tsx","113","עמוד חתימה (חותם)","public_page","",""
"הורדת המסמך החתום","src/app/sign/[token]/page.tsx","124","עמוד חתימה (חותם)","public_page","","same text also at: src/components/reports/RegistrationsTable.tsx:215, src/components/reports/RegistrationsTable.tsx:607, src/server/mail/catalog.ts:84 (+3 more)"
"כל ספק במקום אחד — הפרטים שלו וכל המסמכים שנשלחו אליו לחתימה.","src/app/suppliers/page.tsx","31","ספקים (רשימה)","help","","same text also at: src/app/suppliers/page.tsx:51"
"הגדרת שדות","src/app/templates/[id]/fields/page.tsx","40","תבנית → שדות","heading","","same text also at: src/components/projects/AgreementPanel.tsx:89"
"לא הצלחנו להכין תצוגה של ההסכם, ולכן לא ניתן להציב שדות.","src/app/templates/[id]/fields/page.tsx","45","תבנית → שדות","error","",""
"חזרה","src/app/templates/[id]/fields/page.tsx","49","תבנית → שדות","button","","same text also at: src/components/deletion/DeleteDialog.tsx:151, src/components/deletion/DeleteDialog.tsx:212, src/components/editor/FieldEditor.tsx:369 (+6 more)"
"חזרה לפרויקט","src/app/templates/[id]/fields/page.tsx","67","תבנית → שדות","other","",""
"<Link>תבניות</Link><span>›</span> תבנית חדשה","src/app/templates/new/page.tsx","13","תבניות → תבנית חדשה (אשף העלאת PDF)","other","","not in previous catalog"
"פירורי לחם","src/app/templates/new/page.tsx","13","תבניות → תבנית חדשה (אשף העלאת PDF)","aria","",""
"תבניות","src/app/templates/new/page.tsx","14","תבניות → תבנית חדשה (אשף העלאת PDF)","button","","same text also at: src/app/templates/page.tsx:25, src/components/AppShell.tsx:21, src/components/GlobalSearch.tsx:16"
"תבנית חדשה","src/app/templates/new/page.tsx","16","תבניות → תבנית חדשה (אשף העלאת PDF)","heading","","same text also at: src/app/templates/page.tsx:41"
"מעלים PDF, מאשרים אילו פרטים ממלאים כל שדה, רואים את התוצאה, ומפעילים.","src/app/templates/new/page.tsx","17","תבניות → תבנית חדשה (אשף העלאת PDF)","help","",""
"דרך נוספת: לפתוח מסמך קיים ולבחור בו &quot;שמירה כתבנית&quot; — <Link>מסמך חדש</Link>.","src/app/templates/new/page.tsx","21","תבניות → תבנית חדשה (אשף העלאת PDF)","other","",""
"מסמך חדש","src/app/templates/new/page.tsx","22","תבניות → תבנית חדשה (אשף העלאת PDF)","button","","same text also at: src/lib/canvas/model.ts:174"
"+ תבנית חדשה","src/app/templates/page.tsx","30","תבניות","button","","new 2026-09-07 UX pass"
"מסמכים מוכנים שאפשר להשתמש בהם שוב לשליחת הסכמים.","src/app/templates/page.tsx","33","תבניות","help","","new 2026-09-07 UX pass; glossary: הסכמים"
"עדיין אין תבניות","src/app/templates/page.tsx","38","תבניות","aria","",""
"כשתעלו PDF ותפעילו אותו כתבנית, הוא יופיע כאן ויהיה זמין לשליחה.","src/app/templates/page.tsx","39","תבניות","empty_state","","new 2026-09-07 UX pass"
"מעקב","src/app/tracking/page.tsx","35","מעקב","heading","","not in previous catalog; same text also at: src/components/AppShell.tsx:20, src/components/projects/AudienceTable.tsx:635"
"קמפיין","src/app/tracking/page.tsx","42","מעקב","label","","glossary: קמפיין; same text also at: src/components/projects/AudienceTable.tsx:279, src/components/projects/ProjectsList.tsx:96, src/components/reports/RegistrationsTable.tsx:577 (+8 more)"
"חתימה ישירה","src/app/tracking/page.tsx","45","מעקב","label","","not in previous catalog; same text also at: src/server/invitations/invitations.ts:470"
"נציג","src/app/tracking/page.tsx","55","מעקב","label","","not in previous catalog; same text also at: src/components/projects/AudienceTable.tsx:282"
"כולם","src/app/tracking/page.tsx","57","מעקב","label","","not in previous catalog"
"ערוץ","src/app/tracking/page.tsx","67","מעקב","label","","not in previous catalog"
"סינון","src/app/tracking/page.tsx","76","מעקב","button","","not in previous catalog"
"מה זה ״חתימה ישירה״?","src/app/tracking/page.tsx","80","מעקב","button","","new 2026-09-07 UX pass"
"מסמכים שנשלחו לחתימה מחוץ לקמפיין, כולל נמענים שעדיין אינם במאגר.","src/app/tracking/page.tsx","81","מעקב","help","","new 2026-09-07 UX pass; glossary: קמפיין, נמענים"
"בית","src/components/AppShell.tsx","16","ניווט ראשי (תפריט עליון / תפריט נייד)","other","",""
"הגדרות","src/components/AppShell.tsx","22","ניווט ראשי (תפריט עליון / תפריט נייד)","other","","same text also at: src/components/projects/ProjectRowMenu.tsx:29, src/components/settings/SettingsNav.tsx:25, src/lib/campaigns.ts:144"
"פתיחת התפריט","src/components/AppShell.tsx","62","ניווט ראשי (תפריט עליון / תפריט נייד)","aria","",""
"XTRA SIGN — דף הבית","src/components/AppShell.tsx","75","ניווט ראשי (תפריט עליון / תפריט נייד)","aria","",""
"ניווט ראשי","src/components/AppShell.tsx","96","ניווט ראשי (תפריט עליון / תפריט נייד)","aria","","same text also at: src/components/AppShell.tsx:147"
"לחתימה","src/components/AppShell.tsx","119","ניווט ראשי (תפריט עליון / תפריט נייד)","other","","same text also at: src/components/signer/SignerDocument.tsx:121"
"תפריט ניווט","src/components/AppShell.tsx","128","ניווט ראשי (תפריט עליון / תפריט נייד)","aria","",""
"סגירת התפריט","src/components/AppShell.tsx","138","ניווט ראשי (תפריט עליון / תפריט נייד)","aria","",""
"ההעלאה ל-Fireberry נכשלה.","src/components/CrmUploadButton.tsx","34","הסכם → העלאה / עדכון ל-CRM","error","","same text also at: src/components/documents/CrmWritebackButton.tsx:52, src/server/crm/writeback.ts:128"
"ההעלאה ל-Fireberry נכשלה. בדקו את החיבור לאינטרנט.","src/components/CrmUploadButton.tsx","41","הסכם → העלאה / עדכון ל-CRM","error","",""
"מעלה…","src/components/CrmUploadButton.tsx","55","הסכם → העלאה / עדכון ל-CRM","button","","same text also at: src/components/UploadCard.tsx:95, src/components/documents/CrmWritebackButton.tsx:60, src/components/projects/ShareSettings.tsx:99"
"✓ הועלה ל-Fireberry","src/components/CrmUploadButton.tsx","55","הסכם → העלאה / עדכון ל-CRM","button","",""
"להעלות שוב?","src/components/CrmUploadButton.tsx","55","הסכם → העלאה / עדכון ל-CRM","button","",""
"הועלה ל-Fireberry ✓ · העלאה חוזרת","src/components/CrmUploadButton.tsx","55","הסכם → העלאה / עדכון ל-CRM","button","",""
"העלה ל-Fireberry","src/components/CrmUploadButton.tsx","55","הסכם → העלאה / עדכון ל-CRM","button","","same text also at: src/components/documents/CrmWritebackButton.tsx:60"
"כבר הועלה. לחצו שוב כדי להעלות עותק נוסף.","src/components/CrmUploadButton.tsx","58","הסכם → העלאה / עדכון ל-CRM","other","",""
"הפעולה נכשלה. בדקו את החיבור לאינטרנט.","src/components/DocumentActions.tsx","40","הסכמים → פעולות על הסכם","error","","same text also at: src/components/TemplateList.tsx:33, src/components/companies/CompanyForm.tsx:141, src/components/companies/CompanyHeader.tsx:66 (+5 more)"
"משכפל…","src/components/DocumentActions.tsx","55","הסכמים → פעולות על הסכם","button","",""
"שכפול","src/components/DocumentActions.tsx","55","הסכמים → פעולות על הסכם","button","","same text also at: src/components/canvas/CanvasEditor.tsx:423, src/components/documents/RowActions.tsx:96, src/components/editor/FieldPanel.tsx:224"
"יוצר…","src/components/DocumentActions.tsx","65","הסכמים → פעולות על הסכם","button","","same text also at: src/components/TemplateList.tsx:143, src/components/documents/CompanyStep.tsx:361, src/components/documents/UseTemplateButton.tsx:56 (+3 more)"
"גרסה חדשה","src/components/DocumentActions.tsx","65","הסכמים → פעולות על הסכם","button","","same text also at: src/components/documents/RowActions.tsx:97"
"ביטול המסמך","src/components/DocumentActions.tsx","76","הסכמים → פעולות על הסכם","button","","same text also at: src/components/DocumentActions.tsx:124, src/components/documents/RowActions.tsx:116"
"מחיקה","src/components/DocumentActions.tsx","85","הסכמים → פעולות על הסכם","button","","same text also at: src/components/TemplateList.tsx:161, src/components/canvas/CanvasEditor.tsx:424, src/components/companies/CompanyHeader.tsx:121 (+6 more)"
"הסרה מהרשימה","src/components/DocumentActions.tsx","85","הסכמים → פעולות על הסכם","button","",""
"הסכם","src/components/DocumentActions.tsx","91","הסכמים → פעולות על הסכם","dialog","","same text also at: src/components/documents/RowActions.tsx:155"
"לבטל את המסמך? קישור החתימה יפסיק לעבוד והחותם לא יוכל להשלים את החתימה.","src/components/DocumentActions.tsx","115","הסכמים → פעולות על הסכם","help","",""
"מבטל…","src/components/DocumentActions.tsx","124","הסכמים → פעולות על הסכם","button","",""
"השארה","src/components/DocumentActions.tsx","131","הסכמים → פעולות על הסכם","button","",""
"# הצדדים הסכם זה נערך בין החברה לבין הספק. # תנאים - הספק יספק את השירותים המפורטים בנספח א'. - התשלום יבוצע תוך 30 יום מקבלת חשבונית. # חתימות הצדדים מאשרים את האמור לעיל.","src/components/DocumentComposer.tsx","15","מסמך חדש (העלאה / כתיבה / בחירת חברה)","other","","not in previous catalog"
"יצירת המסמך נכשלה.","src/components/DocumentComposer.tsx","83","מסמך חדש (העלאה / כתיבה / בחירת חברה)","error","",""
"יצירת המסמך נכשלה. בדקו את החיבור לאינטרנט.","src/components/DocumentComposer.tsx","89","מסמך חדש (העלאה / כתיבה / בחירת חברה)","error","",""
"שם המסמך","src/components/DocumentComposer.tsx","100","מסמך חדש (העלאה / כתיבה / בחירת חברה)","label","","same text also at: src/components/canvas/CanvasEditor.tsx:231, src/components/composer/UnifiedComposer.tsx:234, src/lib/message-template.ts:57"
"למשל: הסכם ספק — אטרקציות ישראל","src/components/DocumentComposer.tsx","107","מסמך חדש (העלאה / כתיבה / בחירת חברה)","placeholder","",""
"תוכן המסמך","src/components/DocumentComposer.tsx","115","מסמך חדש (העלאה / כתיבה / בחירת חברה)","label","",""
"הכנסת דוגמה","src/components/DocumentComposer.tsx","123","מסמך חדש (העלאה / כתיבה / בחירת חברה)","button","",""
"# כותרת פסקה של טקסט. - פריט ברשימה --- (מעבר עמוד)","src/components/DocumentComposer.tsx","133","מסמך חדש (העלאה / כתיבה / בחירת חברה)","placeholder","","not in previous catalog"
"שורה שמתחילה ב-<code>#</code> היא כותרת, ב-<code>-</code> פריט ברשימה, ו-<code>---</code> בשורה נפרדת מתחיל עמוד חדש. שורה ריקה מפרידה בין פסקאות. את החתימה והשדות למילוי מוסיפים בשלב הבא, על גבי העמוד.","src/components/DocumentComposer.tsx","136","מסמך חדש (העלאה / כתיבה / בחירת חברה)","other","",""
"יוצר את המסמך…","src/components/DocumentComposer.tsx","155","מסמך חדש (העלאה / כתיבה / בחירת חברה)","button","",""
"יצירת המסמך והמשך לשדות","src/components/DocumentComposer.tsx","155","מסמך חדש (העלאה / כתיבה / בחירת חברה)","button","",""
"תצוגה מקדימה","src/components/DocumentComposer.tsx","159","מסמך חדש (העלאה / כתיבה / בחירת חברה)","aria","","same text also at: src/components/DocumentComposer.tsx:160, src/components/editor/FieldEditor.tsx:431, src/components/projects/FormBuilder.tsx:128 (+2 more)"
"שם המסמך יופיע כאן","src/components/DocumentComposer.tsx","165","מסמך חדש (העלאה / כתיבה / בחירת חברה)","empty_state","",""
"עמוד חדש","src/components/DocumentComposer.tsx","185","מסמך חדש (העלאה / כתיבה / בחירת חברה)","help","",""
"טרם נבחר חותם","src/components/DocumentRow.tsx","15","הסכמים → טבלה","help","",""
"מסמכים","src/components/GlobalSearch.tsx","16","חיפוש גלובלי (בכותרת ובתפריט הנייד)","other","",""
"חיפוש","src/components/GlobalSearch.tsx","74","חיפוש גלובלי (בכותרת ובתפריט הנייד)","label","","same text also at: src/components/composer/FindReplaceBar.tsx:48, src/components/documents/InboxControls.tsx:73, src/components/projects/AudienceTable.tsx:160 (+1 more)"
"חיפוש ספק, לקוח, קמפיין או מסמך…","src/components/GlobalSearch.tsx","98","חיפוש גלובלי (בכותרת ובתפריט הנייד)","placeholder","","glossary: קמפיין"
"חיפוש ספק, לקוח, קמפיין או מסמך","src/components/GlobalSearch.tsx","99","חיפוש גלובלי (בכותרת ובתפריט הנייד)","aria","","glossary: קמפיין"
"מחפש…","src/components/GlobalSearch.tsx","109","חיפוש גלובלי (בכותרת ובתפריט הנייד)","help","","same text also at: src/components/documents/CompanyPicker.tsx:126, src/components/documents/CompanyStep.tsx:410, src/components/groups/AddCompaniesDialog.tsx:121 (+1 more)"
"לא נמצא דבר עבור ״{q.trim()}״ — נסו שם, ח.פ או טלפון.","src/components/GlobalSearch.tsx","110","חיפוש גלובלי (בכותרת ובתפריט הנייד)","help","{q.trim()}","new 2026-09-07 UX pass"
"הכל","src/components/ListFilters.tsx","5","הסכמים → סינון ולשוניות","other","",""
"סינון מסמכים","src/components/ListFilters.tsx","18","הסכמים → סינון ולשוניות","aria","","same text also at: src/components/documents/InboxControls.tsx:77"
"חיפוש לפי שם מסמך, חברה או חותם","src/components/ListFilters.tsx","40","הסכמים → סינון ולשוניות","label","","same text also at: src/components/ListFilters.tsx:47"
"הכניסה נכשלה.","src/components/LoginForm.tsx","76","כניסה למערכת","error","",""
"הכניסה נכשלה. בדקו את החיבור לאינטרנט.","src/components/LoginForm.tsx","88","כניסה למערכת","error","",""
"נכנסתם בהצלחה","src/components/LoginForm.tsx","102","כניסה למערכת","success","",""
"מעבירים אתכם למערכת…","src/components/LoginForm.tsx","103","כניסה למערכת","success","",""
"כניסה למערכת","src/components/LoginForm.tsx","120","כניסה למערכת","heading","","same text also at: src/server/users/admin-audit.ts:65, src/server/users/users.ts:367"
"מזינים את מספר הנייד, מקבלים קוד ב-SMS, ונכנסים.","src/components/LoginForm.tsx","121","כניסה למערכת","help","",""
"מספר טלפון נייד","src/components/LoginForm.tsx","126","כניסה למערכת","label","","same text also at: src/components/projects/InviteDialog.tsx:218"
"המספר שאיתו נרשמתם למערכת.","src/components/LoginForm.tsx","145","כניסה למערכת","help","",""
"שליחת קוד","src/components/LoginForm.tsx","167","כניסה למערכת","button","","same text also at: src/components/signer/OtpStep.tsx:109"
"הזינו את הקוד","src/components/LoginForm.tsx","185","כניסה למערכת","heading","","same text also at: src/components/signer/OtpStep.tsx:124"
"שלחנו קוד בן 6 ספרות אל <span>{maskedPhone ?? 'הנייד שהוזן'}</span> . בטלפון, הקוד יוצע לכם מעל המקלדת.","src/components/LoginForm.tsx","186","כניסה למערכת","other","{maskedPhone ?? 'הנייד שהוזן'}","not in previous catalog"
"קוד כניסה","src/components/LoginForm.tsx","195","כניסה למערכת","other","",""
"מצב פיתוח — לא נשלחה הודעת SMS.","src/components/LoginForm.tsx","201","כניסה למערכת","success","","not in previous catalog; same text also at: src/components/signer/OtpStep.tsx:141"
"הקוד לבדיקה:","src/components/LoginForm.tsx","203","כניסה למערכת","success","","not in previous catalog; same text also at: src/components/signer/OtpStep.tsx:143"
"בודקים…","src/components/LoginForm.tsx","219","כניסה למערכת","button","","same text also at: src/components/signer/OtpStep.tsx:158"
"כניסה","src/components/LoginForm.tsx","224","כניסה למערכת","button","","same text also at: src/components/projects/NewCampaignWizard.tsx:26"
"שליחה חוזרת בעוד ${cooldown} שנ׳","src/components/LoginForm.tsx","230","כניסה למערכת","button","${cooldown}","same text also at: src/components/signer/OtpStep.tsx:167"
"שלחו לי קוד מחדש","src/components/LoginForm.tsx","230","כניסה למערכת","button","","same text also at: src/components/signer/OtpStep.tsx:167"
"שינוי מספר הטלפון","src/components/LoginForm.tsx","242","כניסה למערכת","button","",""
"התראות, ${unread} חדשות","src/components/NotificationBell.tsx","105","פעמון התראות","aria","${unread}",""
"ניקוי שנקראו","src/components/NotificationBell.tsx","124","פעמון התראות","button","",""
"סימון הכול כנקרא","src/components/NotificationBell.tsx","129","פעמון התראות","button","",""
"אין התראות חדשות.","src/components/NotificationBell.tsx","137","פעמון התראות","help","","same text also at: src/server/ai/tools/documents.ts:269"
"מחיקת ההתראה","src/components/NotificationBell.tsx","173","פעמון התראות","aria","",""
"עמוד ${pageNumber}","src/components/PdfPage.tsx","189","תצוגה מקדימה של מסמך","aria","${pageNumber}",""
"לא הצלחנו להציג את העמוד הזה.","src/components/PdfPage.tsx","197","תצוגה מקדימה של מסמך","error","",""
"<span>→</span> חזרה לעריכה","src/components/PreviewViewer.tsx","34","תצוגה מקדימה של מסמך","other","",""
"תצוגת החותם","src/components/PreviewViewer.tsx","44","תצוגה מקדימה של מסמך","label","",""
"הקטנה","src/components/PreviewViewer.tsx","48","תצוגה מקדימה של מסמך","aria","","same text also at: src/components/canvas/CanvasEditor.tsx:253, src/components/editor/FieldEditor.tsx:375"
"הגדלה","src/components/PreviewViewer.tsx","52","תצוגה מקדימה של מסמך","aria","","same text also at: src/components/canvas/CanvasEditor.tsx:256, src/components/editor/FieldEditor.tsx:379"
"עמוד {page.pageNumber} מתוך {pages.length}","src/components/PreviewViewer.tsx","79","תצוגה מקדימה של מסמך","other","{page.pageNumber} | {pages.length}",""
"✒️ חתימה","src/components/PreviewViewer.tsx","97","תצוגה מקדימה של מסמך","other","","same text also at: src/components/editor/FieldBox.tsx:38"
"תאריך החתימה","src/components/PreviewViewer.tsx","105","תצוגה מקדימה של מסמך","other","","same text also at: src/components/editor/FieldBox.tsx:46, src/components/signer/SignerDocument.tsx:252, src/lib/agreement-roles.ts:39 (+1 more)"
"שליחת התזכורת נכשלה.","src/components/RemindButton.tsx","39","הסכם → תזכורת","error","","same text also at: src/server/ai/tools/documents.ts:189"
"שליחת התזכורת נכשלה. בדקו את החיבור לאינטרנט.","src/components/RemindButton.tsx","47","הסכם → תזכורת","error","",""
"SMS ואימייל","src/components/RemindButton.tsx","53","הסכם → תזכורת","other","",""
"✓ התזכורת נשלחה","src/components/RemindButton.tsx","63","הסכם → תזכורת","button","",""
"שליחת תזכורת","src/components/RemindButton.tsx","63","הסכם → תזכורת","button","","same text also at: src/components/documents/RowActions.tsx:112, src/components/projects/AudienceTable.tsx:200, src/components/reports/RegistrationsTable.tsx:437"
"תישלח שוב דרך {label}","src/components/RemindButton.tsx","66","הסכם → תזכורת","other","{label}",""
"השמירה נכשלה.","src/components/SaveAsTemplate.tsx","30","הסכם → שמירה כתבנית","error","","same text also at: src/components/canvas/CanvasEditor.tsx:180, src/components/composer/UnifiedComposer.tsx:181, src/components/editor/FieldEditor.tsx:124 (+19 more)"
"השמירה נכשלה. בדקו את החיבור לאינטרנט.","src/components/SaveAsTemplate.tsx","35","הסכם → שמירה כתבנית","error","","same text also at: src/components/editor/FieldEditor.tsx:132, src/components/editor/RecipientForm.tsx:52, src/components/tags/TagPicker.tsx:41"
"נשמר כתבנית. <Link>לתבניות</Link>","src/components/SaveAsTemplate.tsx","43","הסכם → שמירה כתבנית","other","","not in previous catalog"
"לתבניות","src/components/SaveAsTemplate.tsx","46","הסכם → שמירה כתבנית","success","","not in previous catalog"
"שמירה כתבנית","src/components/SaveAsTemplate.tsx","59","הסכם → שמירה כתבנית","button","",""
"שם התבנית","src/components/SaveAsTemplate.tsx","78","הסכם → שמירה כתבנית","aria","","same text also at: src/components/SaveAsTemplate.tsx:79, src/components/TemplateList.tsx:100, src/components/templates/TemplateDetail.tsx:59 (+1 more)"
"שומר…","src/components/SaveAsTemplate.tsx","87","הסכם → שמירה כתבנית","button","","same text also at: src/components/canvas/CanvasEditor.tsx:266, src/components/canvas/CanvasEditor.tsx:275, src/components/companies/CompanyForm.tsx:309 (+21 more)"
"שמירה","src/components/SaveAsTemplate.tsx","87","הסכם → שמירה כתבנית","button","","same text also at: src/components/TemplateList.tsx:108, src/components/companies/CompanyForm.tsx:309, src/components/follow-up/FollowUpSettings.tsx:117 (+8 more)"
"ביטול","src/components/SaveAsTemplate.tsx","94","הסכם → שמירה כתבנית","button","","same text also at: src/components/TemplateList.tsx:115, src/components/ai/ApprovalCard.tsx:102, src/components/canvas/CanvasEditor.tsx:240 (+32 more)"
"השליחה נכשלה. בדקו את החיבור לאינטרנט.","src/components/SendPanel.tsx","68","הסכם → שליחה לחתימה","error","","same text also at: src/components/projects/InviteDialog.tsx:120, src/components/quick-send/QuickSendDialog.tsx:107"
"המסמך נשלח לחתימה","src/components/SendPanel.tsx","81","הסכם → שליחה לחתימה","heading","",""
"השליחה ב{…} לא הצליחה. ניתן לנסות שוב מעמוד המסמך.","src/components/SendPanel.tsx","85","הסכם → שליחה לחתימה","other","{…}",""
"וב","src/components/SendPanel.tsx","86","הסכם → שליחה לחתימה","sms","","not in previous catalog"
"נשלח אל","src/components/SendPanel.tsx","93","הסכם → שליחה לחתימה","label","",""
"פתיחת המסמך","src/components/SendPanel.tsx","122","הסכם → שליחה לחתימה","button","",""
"חזרה למסמכים","src/components/SendPanel.tsx","128","הסכם → שליחה לחתימה","button","",""
"הכול מוכן לשליחה","src/components/SendPanel.tsx","138","הסכם → שליחה לחתימה","heading","",""
"נשלח אל (הנמען)","src/components/SendPanel.tsx","143","הסכם → שליחה לחתימה","other","",""
"טרם הוזנו פרטי נמען","src/components/SendPanel.tsx","144","הסכם → שליחה לחתימה","other","",""
"שדות למילוי","src/components/SendPanel.tsx","148","הסכם → שליחה לחתימה","other","",""
"${summary.fieldCount} שדות, ${summary.signatureCount === 1 ? 'מתוכם חתימה אחת' : `מתוכם ${summary.signatureCount} חתימות`}","src/components/SendPanel.tsx","149","הסכם → שליחה לחתימה","other","${summary.fieldCount} | ${summary.signatureCount === 1 ? 'מתוכם חתימה אחת' : `מתוכם ${summary.signatureCount}",""
"מתוכם חתימה אחת","src/components/SendPanel.tsx","150","הסכם → שליחה לחתימה","other","",""
"מתוכם ${summary.signatureCount} חתימות","src/components/SendPanel.tsx","150","הסכם → שליחה לחתימה","other","${summary.signatureCount}",""
"עריכת פרטי הנמען","src/components/SendPanel.tsx","160","הסכם → שליחה לחתימה","button","",""
"הוספת פרטי הנמען","src/components/SendPanel.tsx","160","הסכם → שליחה לחתימה","button","",""
"פרטי הנמען — למי לשלוח את המסמך","src/components/SendPanel.tsx","166","הסכם → שליחה לחתימה","heading","",""
"שם החותם, וטלפון או אימייל שאליהם יישלח קישור החתימה.","src/components/SendPanel.tsx","167","הסכם → שליחה לחתימה","help","",""
"איך לשלוח?","src/components/SendPanel.tsx","183","הסכם → שליחה לחתימה","heading","","same text also at: src/components/projects/InviteDialog.tsx:194"
"לא הוזנה כתובת אימייל","src/components/SendPanel.tsx","191","הסכם → שליחה לחתימה","other","",""
"לא הוזן מספר טלפון","src/components/SendPanel.tsx","198","הסכם → שליחה לחתימה","other","",""
"שיתוף ב-WhatsApp זמין לאחר השליחה — הוא פותח את WhatsApp אצלכם עם הודעה מוכנה.","src/components/SendPanel.tsx","203","הסכם → שליחה לחתימה","help","",""
"שליחה לחתימה","src/components/SendPanel.tsx","221","הסכם → שליחה לחתימה","button","",""
"שיתוף ב-WhatsApp","src/components/SendPanel.tsx","304","הסכם → שליחה לחתימה","button","",""
"WhatsApp נפתח. ההודעה תישלח רק לאחר שתלחצו שליחה שם.","src/components/SendPanel.tsx","308","הסכם → שליחה לחתימה","help","",""
"חתימה אחת","src/components/TemplateList.tsx","75","תבניות","other","","same text also at: src/components/ai/ResultCards.tsx:124, src/components/groups/BulkSendDialog.tsx:169, src/components/templates/TemplateDetail.tsx:70"
"${template.signatureCount} חתימות","src/components/TemplateList.tsx","77","תבניות","other","${template.signatureCount}","same text also at: src/components/groups/BulkSendDialog.tsx:169"
"ללא חתימה","src/components/TemplateList.tsx","78","תבניות","other","","same text also at: src/components/templates/TemplateDetail.tsx:70"
"צפייה ועריכה","src/components/TemplateList.tsx","135","תבניות","button","",""
"מסמך חדש מהתבנית","src/components/TemplateList.tsx","143","תבניות","button","","same text also at: src/components/templates/TemplateDetail.tsx:82"
"שינוי שם","src/components/TemplateList.tsx","153","תבניות","button","","same text also at: src/components/templates/TemplateDetail.tsx:66, src/components/templates/TemplateDetail.tsx:66"
"נוצר","src/components/Timeline.tsx","3","הסכם → ציר זמן וסטטוס","other","","same text also at: src/lib/relative-time.ts:14"
"המסמך הוכן","src/components/Timeline.tsx","4","הסכם → ציר זמן וסטטוס","other","","same text also at: src/server/signing/pdf.ts:54"
"הכנת המסמך נכשלה","src/components/Timeline.tsx","5","הסכם → ציר זמן וסטטוס","error","",""
"נשלח באימייל","src/components/Timeline.tsx","7","הסכם → ציר זמן וסטטוס","other","","same text also at: src/server/signing/pdf.ts:56"
"נשלח ב-SMS","src/components/Timeline.tsx","8","הסכם → ציר זמן וסטטוס","sms","","same text also at: src/server/signing/pdf.ts:57"
"שותף ב-WhatsApp","src/components/Timeline.tsx","9","הסכם → ציר זמן וסטטוס","other","","same text also at: src/components/reports/RegistrationsTable.tsx:49"
"נשלח קוד אימות","src/components/Timeline.tsx","11","הסכם → ציר זמן וסטטוס","other","","same text also at: src/server/signing/pdf.ts:59"
"הטלפון אומת","src/components/Timeline.tsx","12","הסכם → ציר זמן וסטטוס","other","","same text also at: src/server/signing/pdf.ts:60"
"הועבר לארכיון","src/components/Timeline.tsx","13","הסכם → ציר זמן וסטטוס","other","","same text also at: src/components/reports/RegistrationsTable.tsx:57"
"הוחזר מהארכיון","src/components/Timeline.tsx","14","הסכם → ציר זמן וסטטוס","other","","same text also at: src/components/reports/RegistrationsTable.tsx:58"
"הוסר במחיקה מוגנת","src/components/Timeline.tsx","15","הסכם → ציר זמן וסטטוס","other","",""
"מולא שדה","src/components/Timeline.tsx","16","הסכם → ציר זמן וסטטוס","other","",""
"הושלם","src/components/Timeline.tsx","18","הסכם → ציר זמן וסטטוס","other","","same text also at: src/server/follow-up/labels.ts:14"
"נדחה","src/components/Timeline.tsx","19","הסכם → ציר זמן וסטטוס","other","","same text also at: src/components/ai/ResultCards.tsx:19, src/components/groups/GroupWorkspace.tsx:27, src/components/projects/LeadsPanel.tsx:238 (+3 more)"
"קישור החתימה חודש","src/components/Timeline.tsx","23","הסכם → ציר זמן וסטטוס","other","",""
"נוצרה גרסה חדשה","src/components/Timeline.tsx","24","הסכם → ציר זמן וסטטוס","other","",""
"נשמר כתבנית","src/components/Timeline.tsx","25","הסכם → ציר זמן וסטטוס","other","",""
"הועלה ל-CRM","src/components/Timeline.tsx","26","הסכם → ציר זמן וסטטוס","other","","glossary: CRM"
"שויך לספק/לקוח","src/components/Timeline.tsx","27","הסכם → ציר זמן וסטטוס","other","",""
"אין עדיין אירועים.","src/components/Timeline.tsx","41","הסכם → ציר זמן וסטטוס","help","",""
"ההעלאה נכשלה. נסו שוב.","src/components/UploadCard.tsx","26","מסמך חדש (העלאה / כתיבה / בחירת חברה)","error","","same text also at: src/components/UploadCard.tsx:55, src/components/documents/CrmWritebackButton.tsx:43, src/components/projects/AgreementPanel.tsx:163 (+1 more)"
"ההעלאה נכשלה. ייתכן שהקובץ גדול מדי.","src/components/UploadCard.tsx","37","מסמך חדש (העלאה / כתיבה / בחירת חברה)","error","",""
"ההעלאה נכשלה. בדקו את החיבור לאינטרנט.","src/components/UploadCard.tsx","65","מסמך חדש (העלאה / כתיבה / בחירת חברה)","error","",""
"העלאת PDF","src/components/UploadCard.tsx","73","מסמך חדש (העלאה / כתיבה / בחירת חברה)","heading","","same text also at: src/components/projects/AgreementPanel.tsx:207, src/components/templates/TemplateUploadWizard.tsx:22"
"מכינים את המסמך ב-Word, ב-Canva או בכל מערכת אחרת, מייצאים כ-PDF — ומעלים אותו כאן.","src/components/UploadCard.tsx","75","מסמך חדש (העלאה / כתיבה / בחירת חברה)","help","",""
"בחירת קובץ","src/components/UploadCard.tsx","95","מסמך חדש (העלאה / כתיבה / בחירת חברה)","button","","same text also at: src/components/templates/TemplateUploadWizard.tsx:156"
"הפעולה לא הושלמה.","src/components/ai/ApprovalCard.tsx","51","XTRA AI (עוזר צ׳אט)","help","",""
"הפעולה בוטלה.","src/components/ai/ApprovalCard.tsx","56","XTRA AI (עוזר צ׳אט)","other","","same text also at: src/server/ai/approvals.ts:101"
"הפעולה בוצעה.","src/components/ai/ApprovalCard.tsx","59","XTRA AI (עוזר צ׳אט)","other","",""
"הפעולה לא הושלמה. בדקו את החיבור ונסו שוב.","src/components/ai/ApprovalCard.tsx","62","XTRA AI (עוזר צ׳אט)","help","",""
"✓ בוצע","src/components/ai/ApprovalCard.tsx","71","XTRA AI (עוזר צ׳אט)","help","",""
"פעולה רגישה — נדרשים שני אישורים.","src/components/ai/ApprovalCard.tsx","80","XTRA AI (עוזר צ׳אט)","help","",""
"אישור אחרון: הפעולה תתבצע בפועל מיד לאחר הלחיצה.","src/components/ai/ApprovalCard.tsx","83","XTRA AI (עוזר צ׳אט)","help","",""
"מבצע…","src/components/ai/ApprovalCard.tsx","94","XTRA AI (עוזר צ׳אט)","button","","same text also at: src/components/tags/BulkBar.tsx:245"
"המשך","src/components/ai/ApprovalCard.tsx","94","XTRA AI (עוזר צ׳אט)","button","","same text also at: src/components/projects/DistributionWizard.tsx:403, src/components/projects/NewCampaignWizard.tsx:209, src/components/quick-send/QuickSendDialog.tsx:325"
"אישור וביצוע","src/components/ai/ApprovalCard.tsx","94","XTRA AI (עוזר צ׳אט)","button","",""
"טיוטה","src/components/ai/ResultCards.tsx","15","XTRA AI (עוזר צ׳אט)","other","","same text also at: src/components/groups/GroupWorkspace.tsx:22, src/components/projects/DistributionWizard.tsx:374, src/lib/distributions.ts:27 (+1 more)"
"פתח","src/components/ai/ResultCards.tsx","59","XTRA AI (עוזר צ׳אט)","button","",""
"${row.pendingCount} ממתינים","src/components/ai/ResultCards.tsx","83","XTRA AI (עוזר צ׳אט)","other","${row.pendingCount}",""
"חסרים פרטים","src/components/ai/ResultCards.tsx","85","XTRA AI (עוזר צ׳אט)","help","",""
"${row.companyCount ?? 0} חברות","src/components/ai/ResultCards.tsx","112","XTRA AI (עוזר צ׳אט)","other","${row.companyCount ?? 0}",""
"${row.signatureCount ?? 0} חתימות","src/components/ai/ResultCards.tsx","124","XTRA AI (עוזר צ׳אט)","other","${row.signatureCount ?? 0}",""
"ועוד {rows.length - 12} תוצאות…","src/components/ai/ResultCards.tsx","134","XTRA AI (עוזר צ׳אט)","other","{rows.length - 12}",""
"מה דורש טיפול?","src/components/ai/XtraAi.tsx","44","XTRA AI (עוזר צ׳אט)","other","","glossary: דורש טיפול"
"מי עדיין לא חתם?","src/components/ai/XtraAi.tsx","45","XTRA AI (עוזר צ׳אט)","other","",""
"הראה לי את המסמכים האחרונים","src/components/ai/XtraAi.tsx","46","XTRA AI (עוזר צ׳אט)","other","",""
"צור קבוצה חדשה","src/components/ai/XtraAi.tsx","47","XTRA AI (עוזר צ׳אט)","other","",""
"לא הצלחנו לטעון את השיחה.","src/components/ai/XtraAi.tsx","140","XTRA AI (עוזר צ׳אט)","error","",""
"XTRA AI אינו זמין כרגע.","src/components/ai/XtraAi.tsx","177","XTRA AI (עוזר צ׳אט)","other","",""
"פתיחת XTRA AI — ${unseen} תשובות חדשות","src/components/ai/XtraAi.tsx","256","XTRA AI (עוזר צ׳אט)","aria","${unseen}",""
"פתיחת XTRA AI","src/components/ai/XtraAi.tsx","256","XTRA AI (עוזר צ׳אט)","aria","",""
"עובד על זה…","src/components/ai/XtraAi.tsx","292","XTRA AI (עוזר צ׳אט)","help","",""
"עוזר חכם — התשובות נוצרות אוטומטית","src/components/ai/XtraAi.tsx","292","XTRA AI (עוזר צ׳אט)","help","",""
"שיחות קודמות","src/components/ai/XtraAi.tsx","298","XTRA AI (עוזר צ׳אט)","aria","",""
"שיחה חדשה","src/components/ai/XtraAi.tsx","309","XTRA AI (עוזר צ׳אט)","aria","","same text also at: src/server/ai/conversations.ts:64, src/server/ai/conversations.ts:121"
"סגירה","src/components/ai/XtraAi.tsx","317","XTRA AI (עוזר צ׳אט)","aria","","same text also at: src/components/companies/CrmDocumentImport.tsx:115, src/components/companies/CrmDocumentImport.tsx:181, src/components/crm/CrmBusinessImport.tsx:89 (+19 more)"
"אין עדיין שיחות.","src/components/ai/XtraAi.tsx","327","XTRA AI (עוזר צ׳אט)","help","",""
"אפשר לבקש ממני לחפש, ליצור מסמכים, להכין שליחות ולעקוב — בעברית רגילה.","src/components/ai/XtraAi.tsx","352","XTRA AI (עוזר צ׳אט)","help","",""
"פעולות שמשנות נתונים או שולחות מסמכים תמיד יוצגו לאישור לפני שאבצע אותן.","src/components/ai/XtraAi.tsx","355","XTRA AI (עוזר צ׳אט)","help","",""
"חושב","src/components/ai/XtraAi.tsx","442","XTRA AI (עוזר צ׳אט)","aria","",""
"מה תרצו שאעשה?","src/components/ai/XtraAi.tsx","475","XTRA AI (עוזר צ׳אט)","placeholder","",""
"הודעה ל-XTRA AI","src/components/ai/XtraAi.tsx","476","XTRA AI (עוזר צ׳אט)","aria","",""
"עצירת התשובה","src/components/ai/XtraAi.tsx","483","XTRA AI (עוזר צ׳אט)","aria","",""
"שליחה","src/components/ai/XtraAi.tsx","492","XTRA AI (עוזר צ׳אט)","aria","","same text also at: src/components/documents/RowActions.tsx:103, src/components/quick-send/QuickSendDialog.tsx:321"
"התמונה גדולה מדי (עד 4MB).","src/components/canvas/CanvasEditor.tsx","150","עורך עיצוב (קנבס)","help","",""
"יש להזין שם למסמך כדי להמשיך.","src/components/canvas/CanvasEditor.tsx","166","עורך עיצוב (קנבס)","help","","same text also at: src/components/composer/UnifiedComposer.tsx:167"
"השמירה נכשלה. נסו שוב.","src/components/canvas/CanvasEditor.tsx","188","עורך עיצוב (קנבס)","error","","same text also at: src/components/composer/UnifiedComposer.tsx:187, src/components/follow-up/FollowUpSettings.tsx:63, src/components/follow-up/TaskPanel.tsx:54 (+10 more)"
"→ חזרה","src/components/canvas/CanvasEditor.tsx","221","עורך עיצוב (קנבס)","button","","same text also at: src/components/composer/UnifiedComposer.tsx:224"
"עבור {companyName}","src/components/canvas/CanvasEditor.tsx","237","עורך עיצוב (קנבס)","other","{companyName}","same text also at: src/components/composer/UnifiedComposer.tsx:240"
"שחזור","src/components/canvas/CanvasEditor.tsx","245","עורך עיצוב (קנבס)","aria","","same text also at: src/components/composer/UnifiedComposer.tsx:264"
"עמוד מלא","src/components/canvas/CanvasEditor.tsx","260","עורך עיצוב (קנבס)","button","","same text also at: src/components/editor/FieldEditor.tsx:388"
"רוחב","src/components/canvas/CanvasEditor.tsx","262","עורך עיצוב (קנבס)","button","","same text also at: src/components/composer/TablePanel.tsx:44, src/components/composer/TablePanel.tsx:79, src/components/editor/FieldEditor.tsx:395"
"נשמר","src/components/canvas/CanvasEditor.tsx","266","עורך עיצוב (קנבס)","other","","same text also at: src/components/editor/FieldEditor.tsx:450, src/components/editor/FieldToolbar.tsx:73, src/components/editor/RecipientForm.tsx:106"
"יש שינויים שלא נשמרו","src/components/canvas/CanvasEditor.tsx","266","עורך עיצוב (קנבס)","other","",""
"שמירה והמשך","src/components/canvas/CanvasEditor.tsx","275","עורך עיצוב (קנבס)","button","","same text also at: src/components/composer/UnifiedComposer.tsx:247"
"עיצוב מוכן לדוגמה <span>הסכם חודש התיירות — 3 עמודים מעוצבים</span>","src/components/canvas/CanvasEditor.tsx","297","עורך עיצוב (קנבס)","other","","not in previous catalog"
"הסכם חודש התיירות — 3 עמודים מעוצבים","src/components/canvas/CanvasEditor.tsx","313","עורך עיצוב (קנבס)","button","","not in previous catalog"
"טקסט","src/components/canvas/CanvasEditor.tsx","317","עורך עיצוב (קנבס)","aria","","same text also at: src/components/canvas/CanvasEditor.tsx:319, src/components/canvas/CanvasEditor.tsx:439, src/components/canvas/element-factory.ts:48 (+6 more)"
"כותרת","src/components/canvas/CanvasEditor.tsx","319","עורך עיצוב (קנבס)","other","","same text also at: src/components/canvas/element-factory.ts:30"
"כותרת משנה","src/components/canvas/CanvasEditor.tsx","319","עורך עיצוב (קנבס)","other","","same text also at: src/components/canvas/element-factory.ts:38, src/components/canvas/element-factory.ts:39, src/components/composer/UnifiedComposer.tsx:279 (+1 more)"
"מדיה","src/components/canvas/CanvasEditor.tsx","323","עורך עיצוב (קנבס)","aria","",""
"תמונה","src/components/canvas/CanvasEditor.tsx","324","עורך עיצוב (קנבס)","other","","same text also at: src/components/canvas/CanvasEditor.tsx:440, src/components/canvas/element-factory.ts:98"
"לוגו","src/components/canvas/CanvasEditor.tsx","325","עורך עיצוב (קנבס)","other","","same text also at: src/components/canvas/CanvasEditor.tsx:325, src/server/ai/tools/design.ts:159"
"עיצוב","src/components/canvas/CanvasEditor.tsx","327","עורך עיצוב (קנבס)","aria","",""
"מלבן","src/components/canvas/CanvasEditor.tsx","329","עורך עיצוב (קנבס)","other","","same text also at: src/components/canvas/element-factory.ts:59"
"עיגול","src/components/canvas/CanvasEditor.tsx","329","עורך עיצוב (קנבס)","other","","same text also at: src/components/canvas/ElementToolbar.tsx:111, src/components/canvas/element-factory.ts:67"
"קו","src/components/canvas/CanvasEditor.tsx","329","עורך עיצוב (קנבס)","other","","same text also at: src/components/canvas/CanvasEditor.tsx:443, src/components/canvas/element-factory.ts:77"
"רקע לעמוד","src/components/canvas/CanvasEditor.tsx","332","עורך עיצוב (קנבס)","other","",""
"תוכן","src/components/canvas/CanvasEditor.tsx","335","עורך עיצוב (קנבס)","aria","","same text also at: src/components/projects/DistributionWizard.tsx:373, src/lib/distributions.ts:16"
"טבלה","src/components/canvas/CanvasEditor.tsx","336","עורך עיצוב (קנבס)","other","","same text also at: src/components/canvas/CanvasEditor.tsx:441, src/components/canvas/element-factory.ts:88"
"שדות לחתימה","src/components/canvas/CanvasEditor.tsx","338","עורך עיצוב (קנבס)","aria","",""
"הוספת עמוד","src/components/canvas/CanvasEditor.tsx","372","עורך עיצוב (קנבס)","aria","",""
"שכפל","src/components/canvas/CanvasEditor.tsx","377","עורך עיצוב (קנבס)","button","",""
"רקע","src/components/canvas/CanvasEditor.tsx","383","עורך עיצוב (קנבס)","label","",""
"צבע רקע לעמוד","src/components/canvas/CanvasEditor.tsx","384","עורך עיצוב (קנבס)","aria","",""
"שכבות","src/components/canvas/CanvasEditor.tsx","391","עורך עיצוב (קנבס)","heading","",""
"העמוד ריק.","src/components/canvas/CanvasEditor.tsx","393","עורך עיצוב (קנבס)","help","",""
"הצג","src/components/canvas/CanvasEditor.tsx","403","עורך עיצוב (קנבס)","aria","",""
"הסתר","src/components/canvas/CanvasEditor.tsx","403","עורך עיצוב (קנבס)","aria","",""
"שחרור נעילה","src/components/canvas/CanvasEditor.tsx","408","עורך עיצוב (קנבס)","aria","",""
"נעילה","src/components/canvas/CanvasEditor.tsx","408","עורך עיצוב (קנבס)","aria","",""
"הבא קדימה","src/components/canvas/CanvasEditor.tsx","421","עורך עיצוב (קנבס)","other","",""
"שלח אחורה","src/components/canvas/CanvasEditor.tsx","422","עורך עיצוב (קנבס)","other","",""
"יישור לימין","src/components/canvas/CanvasEditor.tsx","425","עורך עיצוב (קנבס)","other","","same text also at: src/components/canvas/ElementToolbar.tsx:62, src/components/composer/UnifiedComposer.tsx:342, src/components/composer/UnifiedComposer.tsx:393 (+1 more)"
"מרכוז","src/components/canvas/CanvasEditor.tsx","426","עורך עיצוב (קנבס)","other","","same text also at: src/components/canvas/ElementToolbar.tsx:63, src/components/composer/UnifiedComposer.tsx:343, src/components/composer/UnifiedComposer.tsx:394 (+1 more)"
"יישור לשמאל","src/components/canvas/CanvasEditor.tsx","427","עורך עיצוב (קנבס)","other","","same text also at: src/components/canvas/ElementToolbar.tsx:64, src/components/composer/UnifiedComposer.tsx:344, src/components/composer/resizable-image.tsx:148"
"צורה","src/components/canvas/CanvasEditor.tsx","444","עורך עיצוב (קנבס)","other","",""
"גופן","src/components/canvas/ElementToolbar.tsx","39","עורך עיצוב (קנבס)","aria","","same text also at: src/components/composer/UnifiedComposer.tsx:283, src/components/composer/UnifiedComposer.tsx:288"
"גודל גופן","src/components/canvas/ElementToolbar.tsx","44","עורך עיצוב (קנבס)","aria","","same text also at: src/components/composer/UnifiedComposer.tsx:292"
"מודגש","src/components/canvas/ElementToolbar.tsx","50","עורך עיצוב (קנבס)","other","","same text also at: src/components/composer/UnifiedComposer.tsx:311, src/components/composer/UnifiedComposer.tsx:389"
"נטוי","src/components/canvas/ElementToolbar.tsx","52","עורך עיצוב (קנבס)","other","","same text also at: src/components/composer/UnifiedComposer.tsx:312, src/components/composer/UnifiedComposer.tsx:390"
"קו תחתון","src/components/canvas/ElementToolbar.tsx","54","עורך עיצוב (קנבס)","other","","same text also at: src/components/composer/UnifiedComposer.tsx:313, src/components/composer/UnifiedComposer.tsx:391, src/lib/canvas/showcase.ts:56 (+1 more)"
"צבע טקסט","src/components/canvas/ElementToolbar.tsx","57","עורך עיצוב (קנבס)","other","","same text also at: src/components/composer/UnifiedComposer.tsx:317, src/components/composer/UnifiedComposer.tsx:318, src/components/composer/UnifiedComposer.tsx:322"
"צבע הדגשה","src/components/canvas/ElementToolbar.tsx","58","עורך עיצוב (קנבס)","other","","same text also at: src/components/composer/UnifiedComposer.tsx:327, src/components/composer/UnifiedComposer.tsx:328, src/components/composer/UnifiedComposer.tsx:332"
"לשני הצדדים","src/components/canvas/ElementToolbar.tsx","65","עורך עיצוב (קנבס)","other","",""
"כיוון טקסט","src/components/canvas/ElementToolbar.tsx","71","עורך עיצוב (קנבס)","aria","",""
"ימין לשמאל","src/components/canvas/ElementToolbar.tsx","74","עורך עיצוב (קנבס)","label","",""
"שמאל לימין","src/components/canvas/ElementToolbar.tsx","75","עורך עיצוב (קנבס)","label","",""
"ריווח","src/components/canvas/ElementToolbar.tsx","79","עורך עיצוב (קנבס)","label","","same text also at: src/components/composer/UnifiedComposer.tsx:306"
"ריווח שורות","src/components/canvas/ElementToolbar.tsx","80","עורך עיצוב (קנבס)","aria","","same text also at: src/components/composer/UnifiedComposer.tsx:301"
"החלפת תמונה","src/components/canvas/ElementToolbar.tsx","92","עורך עיצוב (קנבס)","button","","same text also at: src/components/projects/ShareSettings.tsx:99"
"התאמת תמונה","src/components/canvas/ElementToolbar.tsx","94","עורך עיצוב (קנבס)","aria","",""
"התאמה מלאה","src/components/canvas/ElementToolbar.tsx","97","עורך עיצוב (קנבס)","label","",""
"מילוי המסגרת","src/components/canvas/ElementToolbar.tsx","98","עורך עיצוב (קנבס)","label","",""
"צבע מילוי","src/components/canvas/ElementToolbar.tsx","106","עורך עיצוב (קנבס)","other","",""
"צבע מסגרת","src/components/canvas/ElementToolbar.tsx","108","עורך עיצוב (קנבס)","other","",""
"עיגול פינות","src/components/canvas/ElementToolbar.tsx","112","עורך עיצוב (קנבס)","aria","",""
"ממלא אוטומטית","src/components/canvas/ElementToolbar.tsx","123","עורך עיצוב (קנבס)","label","",""
"מקור הנתונים","src/components/canvas/ElementToolbar.tsx","124","עורך עיצוב (קנבס)","aria","",""
"ללא","src/components/canvas/ElementToolbar.tsx","128","עורך עיצוב (קנבס)","label","","same text also at: src/components/projects/AudienceTable.tsx:640"
"{Math.round(element.width)}×{Math.round(element.height)} מ״מ","src/components/canvas/ElementToolbar.tsx","136","עורך עיצוב (קנבס)","other","{Math.round(element.width)} | {Math.round(element.height)}",""
"שקיפות","src/components/canvas/ElementToolbar.tsx","168","עורך עיצוב (קנבס)","label","","same text also at: src/components/canvas/ElementToolbar.tsx:169"
"כותרת ראשית","src/components/canvas/element-factory.ts","29","עורך עיצוב (קנבס)","other","","same text also at: src/components/composer/UnifiedComposer.tsx:278, src/lib/canvas/showcase.ts:49"
"כתבו כאן את תוכן המסמך.","src/components/canvas/element-factory.ts","47","עורך עיצוב (קנבס)","other","",""
"מוצר / שירות","src/components/canvas/element-factory.ts","89","עורך עיצוב (קנבס)","other","",""
"כמות","src/components/canvas/element-factory.ts","89","עורך עיצוב (קנבס)","other","",""
"מחיר","src/components/canvas/element-factory.ts","89","עורך עיצוב (קנבס)","other","",""
"שם מלא","src/components/canvas/element-factory.ts","105","עורך עיצוב (קנבס)","other","","same text also at: src/components/composer/field-node.tsx:19, src/components/editor/RecipientForm.tsx:94, src/components/projects/AgreementPanel.tsx:37 (+6 more)"
"תאריך","src/components/canvas/element-factory.ts","106","עורך עיצוב (קנבס)","other","","same text also at: src/components/composer/field-node.tsx:22, src/components/projects/AgreementPanel.tsx:40, src/components/projects/FormBuilder.tsx:22 (+7 more)"
"סימון","src/components/canvas/element-factory.ts","108","עורך עיצוב (קנבס)","other","","same text also at: src/components/composer/field-node.tsx:23"
"מספר","src/components/canvas/element-factory.ts","111","עורך עיצוב (קנבס)","other","","same text also at: src/components/composer/field-node.tsx:21, src/components/projects/AgreementPanel.tsx:39, src/components/projects/FormBuilder.tsx:21 (+1 more)"
"התאמה לפי ח.פ/ע.מ","src/components/companies/CompanyForm.tsx","19","ספק/לקוח → טופס פרטים","other","","same text also at: src/components/documents/CompanyStep.tsx:20"
"התאמה לפי אימייל","src/components/companies/CompanyForm.tsx","20","ספק/לקוח → טופס פרטים","other","","same text also at: src/components/documents/CompanyStep.tsx:21"
"התאמה לפי טלפון","src/components/companies/CompanyForm.tsx","21","ספק/לקוח → טופס פרטים","other","","same text also at: src/components/documents/CompanyStep.tsx:22"
"שם דומה — ייתכן שזו חברה אחרת","src/components/companies/CompanyForm.tsx","22","ספק/לקוח → טופס פרטים","other","","same text also at: src/components/documents/CompanyStep.tsx:23"
"היכן ליצור את ה${noun}?","src/components/companies/CompanyForm.tsx","156","ספק/לקוח → טופס פרטים","heading","${noun}",""
"ברירת המחדל היא XTRA Sign. רשומת CRM נוצרת ב-Fireberry ומופיעה כאן ברשימת CRM.","src/components/companies/CompanyForm.tsx","157","ספק/לקוח → טופס פרטים","help","","glossary: CRM, XTRA Sign"
"ה${noun} נשמר כאן בלבד, למסמכים ולחתימות.","src/components/companies/CompanyForm.tsx","166","ספק/לקוח → טופס פרטים","button","${noun}",""
"ה${noun} ייווצר גם ב-Fireberry ויקושר לרשומה כאן.","src/components/companies/CompanyForm.tsx","175","ספק/לקוח → טופס פרטים","button","${noun}",""
"יצירה ב-CRM מתבצעת ב-Fireberry עצמו; הרשומה תסונכרן לכאן בסנכרון הבא.","src/components/companies/CompanyForm.tsx","180","ספק/לקוח → טופס פרטים","other","","glossary: CRM"
"נוצר ב:","src/components/companies/CompanyForm.tsx","200","ספק/לקוח → טופס פרטים","other","",""
"שינוי","src/components/companies/CompanyForm.tsx","205","ספק/לקוח → טופס פרטים","button","",""
"שם ה${noun}","src/components/companies/CompanyForm.tsx","211","ספק/לקוח → טופס פרטים","other","${noun}",""
"הרשומה תיווצר גם ב-Fireberry","src/components/companies/CompanyForm.tsx","241","ספק/לקוח → טופס פרטים","label","",""
"לפני היצירה נבדוק אם החברה כבר קיימת שם, כדי לא ליצור כפילות ב-CRM.","src/components/companies/CompanyForm.tsx","242","ספק/לקוח → טופס פרטים","label","","glossary: CRM"
"נראה שהחברה כבר קיימת ב-Fireberry","src/components/companies/CompanyForm.tsx","249","ספק/לקוח → טופס פרטים","help","","same text also at: src/components/documents/CompanyStep.tsx:154"
"בחרו את הרשומה הנכונה כדי לא ליצור כפילות ב-CRM.","src/components/companies/CompanyForm.tsx","250","ספק/לקוח → טופס פרטים","help","","glossary: CRM"
"ח.פ ${match.taxId}","src/components/companies/CompanyForm.tsx","257","ספק/לקוח → טופס פרטים","other","${match.taxId}","same text also at: src/components/documents/CompanyStep.tsx:166"
"ללא פרטים נוספים","src/components/companies/CompanyForm.tsx","259","ספק/לקוח → טופס פרטים","other","","same text also at: src/components/documents/CompanyStep.tsx:171"
"קישור לרשומה הזו","src/components/companies/CompanyForm.tsx","269","ספק/לקוח → טופס פרטים","button","","same text also at: src/components/documents/CompanyStep.tsx:181"
"אף אחת לא מתאימה — שמירה ב-XTRA Sign בלבד","src/components/companies/CompanyForm.tsx","284","ספק/לקוח → טופס פרטים","button","","glossary: XTRA Sign; same text also at: src/components/documents/CompanyStep.tsx:199"
"יצירה ב-XTRA Sign וב-Fireberry","src/components/companies/CompanyForm.tsx","309","ספק/לקוח → טופס פרטים","button","","glossary: XTRA Sign"
"הוספת ${noun}","src/components/companies/CompanyForm.tsx","309","ספק/לקוח → טופס פרטים","button","${noun}","same text also at: src/components/companies/CompanyList.tsx:174"
"עריכה","src/components/companies/CompanyHeader.tsx","106","כרטיס ספק/לקוח → כותרת ופעולות","button","","same text also at: src/components/companies/CompanyList.tsx:86, src/components/documents/RowActions.tsx:102, src/components/settings/UsersTable.tsx:151"
"החזרה מהארכיון","src/components/companies/CompanyHeader.tsx","114","כרטיס ספק/לקוח → כותרת ופעולות","button","","same text also at: src/components/companies/CompanyList.tsx:87, src/components/deletion/DeleteDialog.tsx:184"
"תגים","src/components/companies/CompanyHeader.tsx","140","כרטיס ספק/לקוח → כותרת ופעולות","help","","not in previous catalog; same text also at: src/components/tags/BulkBar.tsx:36"
"מחובר ל-Fireberry ✓","src/components/companies/CompanyHeader.tsx","154","כרטיס ספק/לקוח → כותרת ופעולות","other","",""
"סונכרן לאחרונה: {…}","src/components/companies/CompanyHeader.tsx","157","כרטיס ספק/לקוח → כותרת ופעולות","other","{…}",""
"פתח ב-CRM ↗","src/components/companies/CompanyHeader.tsx","168","כרטיס ספק/לקוח → כותרת ופעולות","button","","glossary: CRM"
"פתיחה","src/components/companies/CompanyList.tsx","85","ספקים / לקוחות (רשימה וסינון)","other","","same text also at: src/components/projects/ProjectRowMenu.tsx:28, src/components/projects/ProjectSettings.tsx:264"
"הסנכרון נכשל.","src/components/companies/CompanyList.tsx","128","ספקים / לקוחות (רשימה וסינון)","error","","same text also at: src/components/companies/CrmSyncButton.tsx:24"
"נוספו ${c.added} · עודכנו ${c.updated} · ללא שינוי ${c.unchanged}","src/components/companies/CompanyList.tsx","132","ספקים / לקוחות (רשימה וסינון)","other","${c.added} | ${c.updated} | ${c.unchanged}",""
"· נכשלו ${c.failed}","src/components/companies/CompanyList.tsx","133","ספקים / לקוחות (רשימה וסינון)","error","${c.failed}","not in previous catalog"
"הסנכרון נכשל. בדקו את החיבור לאינטרנט.","src/components/companies/CompanyList.tsx","138","ספקים / לקוחות (רשימה וסינון)","error","","same text also at: src/components/companies/CrmSyncButton.tsx:31"
"מסנכרן…","src/components/companies/CompanyList.tsx","186","ספקים / לקוחות (רשימה וסינון)","button","","same text also at: src/components/companies/CompanyList.tsx:302, src/components/companies/CrmSyncButton.tsx:40"
"↻ סנכרון מ-Fireberry","src/components/companies/CompanyList.tsx","186","ספקים / לקוחות (רשימה וסינון)","button","",""
"חיפוש ${pluralNoun}","src/components/companies/CompanyList.tsx","192","ספקים / לקוחות (רשימה וסינון)","label","${pluralNoun}",""
"חיפוש לפי שם, ח.פ או איש קשר","src/components/companies/CompanyList.tsx","198","ספקים / לקוחות (רשימה וסינון)","placeholder","","same text also at: src/components/documents/CompanyPicker.tsx:118, src/components/groups/AddCompaniesDialog.tsx:96"
"להתחיל סנכרון מ-Fireberry?","src/components/companies/CompanyList.tsx","209","ספקים / לקוחות (רשימה וסינון)","heading","",""
"ייובאו {pluralNoun} חדשים ומעודכנים מה-CRM. הפעולה מייבאת רק את מה שהשתנה מאז הסנכרון האחרון.","src/components/companies/CompanyList.tsx","210","ספקים / לקוחות (רשימה וסינון)","other","{pluralNoun}","glossary: CRM"
"כן, התחל סנכרון","src/components/companies/CompanyList.tsx","215","ספקים / לקוחות (רשימה וסינון)","button","",""
"לא","src/components/companies/CompanyList.tsx","218","ספקים / לקוחות (רשימה וסינון)","button","","same text also at: src/lib/campaigns.ts:34, src/server/notifications/campaign-mail.ts:36"
"סינון לפי פרויקט","src/components/companies/CompanyList.tsx","237","ספקים / לקוחות (רשימה וסינון)","aria","",""
"צור פרויקט מהבחירה","src/components/companies/CompanyList.tsx","276","ספקים / לקוחות (רשימה וסינון)","other","",""
"לא נמצאו ${pluralNoun} מתאימים","src/components/companies/CompanyList.tsx","283","ספקים / לקוחות (רשימה וסינון)","help","${pluralNoun}",""
"אין ${pluralNoun} מ-CRM","src/components/companies/CompanyList.tsx","283","ספקים / לקוחות (רשימה וסינון)","help","${pluralNoun}","glossary: CRM"
"עדיין אין ${pluralNoun}","src/components/companies/CompanyList.tsx","283","ספקים / לקוחות (רשימה וסינון)","empty_state","${pluralNoun}",""
"נסו חיפוש אחר, או נקו את הסינון.","src/components/companies/CompanyList.tsx","287","ספקים / לקוחות (רשימה וסינון)","help","",""
"סנכרנו מ-Fireberry כדי להביא אותם לכאן.","src/components/companies/CompanyList.tsx","290","ספקים / לקוחות (רשימה וסינון)","help","",""
"רשומות CRM מגיעות לכאן בסנכרון מ-Fireberry.","src/components/companies/CompanyList.tsx","291","ספקים / לקוחות (רשימה וסינון)","help","","glossary: CRM"
"כשתוסיפו ${noun}, הוא יופיע כאן עם כל המסמכים שנשלחו אליו.","src/components/companies/CompanyList.tsx","292","ספקים / לקוחות (רשימה וסינון)","empty_state","${noun}","new 2026-09-07 UX pass"
"ניקוי החיפוש","src/components/companies/CompanyList.tsx","297","ספקים / לקוחות (רשימה וסינון)","button","","new 2026-09-07 UX pass"
"סנכרון מ-Fireberry","src/components/companies/CompanyList.tsx","302","ספקים / לקוחות (רשימה וסינון)","button","","new 2026-09-07 UX pass"
"<span>+</span> הוספה","src/components/companies/CompanyList.tsx","306","ספקים / לקוחות (רשימה וסינון)","other","","new 2026-09-07 UX pass"
"בחירת ${company.name}","src/components/companies/CompanyList.tsx","325","ספקים / לקוחות (רשימה וסינון)","aria","${company.name}","same text also at: src/components/companies/CompanyList.tsx:393, src/components/groups/GroupWorkspace.tsx:310, src/components/groups/GroupWorkspace.tsx:358"
"ממתינים: <strong>{company.pendingCount}</strong>","src/components/companies/CompanyList.tsx","345","ספקים / לקוחות (רשימה וסינון)","other","{company.pendingCount}",""
"נחתמו: <strong>{company.signedCount}</strong>","src/components/companies/CompanyList.tsx","348","ספקים / לקוחות (רשימה וסינון)","other","{company.signedCount}",""
"בחירת כל ${companies.length} השורות המוצגות","src/components/companies/CompanyList.tsx","366","ספקים / לקוחות (רשימה וסינון)","aria","${companies.length}",""
"דוחות","src/components/companies/CompanyTabs.tsx","18","כרטיס ספק/לקוח → לשוניות","other","","same text also at: src/lib/campaigns.ts:39, src/lib/campaigns.ts:143"
"לשוניות","src/components/companies/CompanyTabs.tsx","21","כרטיס ספק/לקוח → לשוניות","aria","",""
"לא הצלחנו לקרוא את רשימת המסמכים.","src/components/companies/CrmDocumentImport.tsx","34","כרטיס ספק/לקוח → ייבוא מסמכים מ-CRM","error","",""
"לא הצלחנו לקרוא את רשימת המסמכים. בדקו את החיבור לאינטרנט.","src/components/companies/CrmDocumentImport.tsx","39","כרטיס ספק/לקוח → ייבוא מסמכים מ-CRM","error","",""
"הייבוא נכשל.","src/components/companies/CrmDocumentImport.tsx","65","כרטיס ספק/לקוח → ייבוא מסמכים מ-CRM","error","","same text also at: src/components/crm/CrmBusinessImport.tsx:61, src/components/crm/CrmTemplateImport.tsx:67, src/components/groups/ExcelImportDialog.tsx:55"
"יובאו ${data.imported}","src/components/companies/CrmDocumentImport.tsx","68","כרטיס ספק/לקוח → ייבוא מסמכים מ-CRM","other","${data.imported}","same text also at: src/components/crm/CrmTemplateImport.tsx:70"
"· דולגו ${data.skipped} (כבר יובאו)","src/components/companies/CrmDocumentImport.tsx","69","כרטיס ספק/לקוח → ייבוא מסמכים מ-CRM","other","${data.skipped}","not in previous catalog"
"· נכשלו ${data.failed.length}: ${data.failed.map((f: { name: string; reason: string }) => `${f.name} — ${f.reason}`).join('; ')}","src/components/companies/CrmDocumentImport.tsx","71","כרטיס ספק/לקוח → ייבוא מסמכים מ-CRM","error","${data.failed.length} | ${data.failed.map((f: { name: string; reason: string } | ${f.name} | ${f.reason}","not in previous catalog"
"הייבוא נכשל. בדקו את החיבור לאינטרנט.","src/components/companies/CrmDocumentImport.tsx","77","כרטיס ספק/לקוח → ייבוא מסמכים מ-CRM","error","",""
"ייבוא מסמכים מ-Fireberry","src/components/companies/CrmDocumentImport.tsx","104","כרטיס ספק/לקוח → ייבוא מסמכים מ-CRM","button","",""
"מסמכים ב-Fireberry","src/components/companies/CrmDocumentImport.tsx","114","כרטיס ספק/לקוח → ייבוא מסמכים מ-CRM","heading","",""
"טוען מסמכים…","src/components/companies/CrmDocumentImport.tsx","122","כרטיס ספק/לקוח → ייבוא מסמכים מ-CRM","help","",""
"אין מסמכים מצורפים לרשומה הזו ב-Fireberry.","src/components/companies/CrmDocumentImport.tsx","126","כרטיס ספק/לקוח → ייבוא מסמכים מ-CRM","help","",""
"קובץ","src/components/companies/CrmDocumentImport.tsx","148","כרטיס ספק/לקוח → ייבוא מסמכים מ-CRM","label","","same text also at: src/components/composer/field-node.tsx:27, src/components/projects/AgreementPanel.tsx:45"
"· ניתן לייבא רק PDF","src/components/companies/CrmDocumentImport.tsx","150","כרטיס ספק/לקוח → ייבוא מסמכים מ-CRM","label","","not in previous catalog"
"כבר יובא","src/components/companies/CrmDocumentImport.tsx","154","כרטיס ספק/לקוח → ייבוא מסמכים מ-CRM","label","","same text also at: src/components/crm/CrmTemplateImport.tsx:167"
"מייבא…","src/components/companies/CrmDocumentImport.tsx","175","כרטיס ספק/לקוח → ייבוא מסמכים מ-CRM","button","","same text also at: src/components/crm/CrmBusinessImport.tsx:114, src/components/crm/CrmTemplateImport.tsx:192, src/components/groups/ExcelImportDialog.tsx:194"
"ייבוא (${chosen.size})","src/components/companies/CrmDocumentImport.tsx","175","כרטיס ספק/לקוח → ייבוא מסמכים מ-CRM","button","${chosen.size}","same text also at: src/components/crm/CrmTemplateImport.tsx:192"
"ייבוא","src/components/companies/CrmDocumentImport.tsx","175","כרטיס ספק/לקוח → ייבוא מסמכים מ-CRM","button","",""
"${selectable.length} קובצי PDF זמינים לייבוא","src/components/companies/CrmDocumentImport.tsx","178","כרטיס ספק/לקוח → ייבוא מסמכים מ-CRM","other","${selectable.length}",""
"אין קבצים חדשים לייבוא","src/components/companies/CrmDocumentImport.tsx","178","כרטיס ספק/לקוח → ייבוא מסמכים מ-CRM","other","",""
"הסנכרון הושלם.","src/components/companies/CrmSyncButton.tsx","28","ספקים/לקוחות","other","","not in previous catalog"
"הסנכרון הושלם (${n} רשומות עודכנו).","src/components/companies/CrmSyncButton.tsx","28","ספקים/לקוחות","other","${n}","not in previous catalog"
"↻ סנכרון עכשיו","src/components/companies/CrmSyncButton.tsx","40","ספקים/לקוחות","button","","not in previous catalog"
"נוצר ב-XTRA Sign וקושר ל-CRM","src/components/companies/SourceBadge.tsx","16","ספקים/לקוחות → מקור הרשומה (XTRA Sign / CRM)","other","","glossary: CRM, XTRA Sign"
"כל המקורות","src/components/companies/SourceGate.tsx","12","ספקים/לקוחות → מקור הרשומה (XTRA Sign / CRM)","other","","same text also at: src/components/companies/SourceGate.tsx:65"
"רשומות שנוצרו כאן, בלי חיבור ל-CRM.","src/components/companies/SourceGate.tsx","43","ספקים/לקוחות → מקור הרשומה (XTRA Sign / CRM)","help","","new 2026-09-07 UX pass; glossary: CRM"
"רשומות שמסונכרנות מה-CRM לקריאה; שינויים נעשים שם.","src/components/companies/SourceGate.tsx","44","ספקים/לקוחות → מקור הרשומה (XTRA Sign / CRM)","help","","new 2026-09-07 UX pass; glossary: CRM"
"אילו ${plural} להציג?","src/components/companies/SourceGate.tsx","48","ספקים/לקוחות → מקור הרשומה (XTRA Sign / CRM)","heading","${plural}",""
"או <Link>כל המקורות</Link> — הדוח על שני המקורות יחד, בפירוט לפי מקור.","src/components/companies/SourceGate.tsx","62","ספקים/לקוחות → מקור הרשומה (XTRA Sign / CRM)","other","","not in previous catalog"
"מקור:","src/components/companies/SourceGate.tsx","86","ספקים/לקוחות → מקור הרשומה (XTRA Sign / CRM)","other","","same text also at: src/components/projects/DistributionWizard.tsx:229"
"החלפה","src/components/companies/SourceGate.tsx","90","ספקים/לקוחות → מקור הרשומה (XTRA Sign / CRM)","button","","same text also at: src/components/composer/FindReplaceBar.tsx:65, src/components/composer/FindReplaceBar.tsx:65"
"חיפוש בטקסט","src/components/composer/FindReplaceBar.tsx","49","כתיבת מסמך (עורך טקסט)","aria","",""
"${count.current} מתוך ${count.total}","src/components/composer/FindReplaceBar.tsx","53","כתיבת מסמך (עורך טקסט)","other","${count.current} | ${count.total}",""
"לא נמצא","src/components/composer/FindReplaceBar.tsx","53","כתיבת מסמך (עורך טקסט)","help","",""
"התאמה קודמת","src/components/composer/FindReplaceBar.tsx","55","כתיבת מסמך (עורך טקסט)","other","",""
"התאמה הבאה","src/components/composer/FindReplaceBar.tsx","56","כתיבת מסמך (עורך טקסט)","other","",""
"החלפה ב…","src/components/composer/FindReplaceBar.tsx","61","כתיבת מסמך (עורך טקסט)","placeholder","",""
"טקסט להחלפה","src/components/composer/FindReplaceBar.tsx","62","כתיבת מסמך (עורך טקסט)","aria","",""
"החלפת הכול","src/components/composer/FindReplaceBar.tsx","66","כתיבת מסמך (עורך טקסט)","other","","same text also at: src/components/composer/FindReplaceBar.tsx:66"
"סגירת החיפוש","src/components/composer/FindReplaceBar.tsx","67","כתיבת מסמך (עורך טקסט)","other","",""
"רוחב מלא","src/components/composer/TablePanel.tsx","27","כתיבת מסמך (עורך טקסט)","other","","same text also at: src/components/composer/resizable-image.tsx:200, src/components/composer/resizable-image.tsx:201"
"חצי","src/components/composer/TablePanel.tsx","29","כתיבת מסמך (עורך טקסט)","other","",""
"לפי תוכן","src/components/composer/TablePanel.tsx","30","כתיבת מסמך (עורך טקסט)","other","",""
"טבלה:","src/components/composer/TablePanel.tsx","40","כתיבת מסמך (עורך טקסט)","other","",""
"רוחב הטבלה","src/components/composer/TablePanel.tsx","46","כתיבת מסמך (עורך טקסט)","aria","",""
"עמודה","src/components/composer/TablePanel.tsx","63","כתיבת מסמך (עורך טקסט)","label","",""
"רוחב העמודה","src/components/composer/TablePanel.tsx","65","כתיבת מסמך (עורך טקסט)","aria","",""
"צבע רקע לתא","src/components/composer/TablePanel.tsx","91","כתיבת מסמך (עורך טקסט)","aria","","same text also at: src/components/composer/TablePanel.tsx:93, src/components/composer/TablePanel.tsx:96"
"הוספת שורה מעל","src/components/composer/TablePanel.tsx","108","כתיבת מסמך (עורך טקסט)","other","",""
"הוספת שורה מתחת","src/components/composer/TablePanel.tsx","113","כתיבת מסמך (עורך טקסט)","other","",""
"הוספת עמודה","src/components/composer/TablePanel.tsx","118","כתיבת מסמך (עורך טקסט)","other","",""
"מחיקת שורה","src/components/composer/TablePanel.tsx","126","כתיבת מסמך (עורך טקסט)","other","",""
"מחיקת עמודה","src/components/composer/TablePanel.tsx","131","כתיבת מסמך (עורך טקסט)","other","",""
"מיזוג תאים","src/components/composer/TablePanel.tsx","139","כתיבת מסמך (עורך טקסט)","other","",""
"פיצול תא","src/components/composer/TablePanel.tsx","145","כתיבת מסמך (עורך טקסט)","other","",""
"שורת כותרת","src/components/composer/TablePanel.tsx","151","כתיבת מסמך (עורך טקסט)","other","",""
"מחיקת הטבלה","src/components/composer/TablePanel.tsx","159","כתיבת מסמך (עורך טקסט)","other","",""
"צפוף","src/components/composer/UnifiedComposer.tsx","88","כתיבת מסמך (עורך טקסט)","other","",""
"רגיל","src/components/composer/UnifiedComposer.tsx","89","כתיבת מסמך (עורך טקסט)","other","",""
"מרווח","src/components/composer/UnifiedComposer.tsx","90","כתיבת מסמך (עורך טקסט)","other","",""
"כפול","src/components/composer/UnifiedComposer.tsx","91","כתיבת מסמך (עורך טקסט)","other","",""
"כתבו כאן את תוכן המסמך…","src/components/composer/UnifiedComposer.tsx","130","כתיבת מסמך (עורך טקסט)","other","",""
"<h1>הסכם</h1><p></p>","src/components/composer/UnifiedComposer.tsx","151","כתיבת מסמך (עורך טקסט)","other","",""
"התמונה גדולה מדי (עד 2MB).","src/components/composer/UnifiedComposer.tsx","201","כתיבת מסמך (עורך טקסט)","help","","same text also at: src/server/projects/share.ts:81"
"טוען עורך…","src/components/composer/UnifiedComposer.tsx","211","כתיבת מסמך (עורך טקסט)","help","",""
"סגנון פסקה","src/components/composer/UnifiedComposer.tsx","268","כתיבת מסמך (עורך טקסט)","aria","",""
"טקסט רגיל","src/components/composer/UnifiedComposer.tsx","277","כתיבת מסמך (עורך טקסט)","label","",""
"כותרת קטנה","src/components/composer/UnifiedComposer.tsx","280","כתיבת מסמך (עורך טקסט)","label","",""
"גודל","src/components/composer/UnifiedComposer.tsx","297","כתיבת מסמך (עורך טקסט)","label","",""
"קו חוצה","src/components/composer/UnifiedComposer.tsx","314","כתיבת מסמך (עורך טקסט)","other","",""
"כתב עילי","src/components/composer/UnifiedComposer.tsx","315","כתיבת מסמך (עורך טקסט)","other","",""
"כתב תחתי","src/components/composer/UnifiedComposer.tsx","316","כתיבת מסמך (עורך טקסט)","other","",""
"ניקוי עיצוב","src/components/composer/UnifiedComposer.tsx","337","כתיבת מסמך (עורך טקסט)","other","",""
"יישור לשני הצדדים","src/components/composer/UnifiedComposer.tsx","345","כתיבת מסמך (עורך טקסט)","other","",""
"רשימה","src/components/composer/UnifiedComposer.tsx","352","כתיבת מסמך (עורך טקסט)","other","",""
"רשימה ממוספרת","src/components/composer/UnifiedComposer.tsx","353","כתיבת מסמך (עורך טקסט)","other","",""
"ציטוט","src/components/composer/UnifiedComposer.tsx","354","כתיבת מסמך (עורך טקסט)","other","",""
"הגדלת כניסה","src/components/composer/UnifiedComposer.tsx","355","כתיבת מסמך (עורך טקסט)","other","",""
"הקטנת כניסה","src/components/composer/UnifiedComposer.tsx","356","כתיבת מסמך (עורך טקסט)","other","",""
"הוספת טבלה","src/components/composer/UnifiedComposer.tsx","359","כתיבת מסמך (עורך טקסט)","other","",""
"הוספת תמונה","src/components/composer/UnifiedComposer.tsx","360","כתיבת מסמך (עורך טקסט)","other","",""
"קו מפריד","src/components/composer/UnifiedComposer.tsx","361","כתיבת מסמך (עורך טקסט)","other","",""
"מעבר עמוד","src/components/composer/UnifiedComposer.tsx","362","כתיבת מסמך (עורך טקסט)","other","",""
"חיפוש והחלפה","src/components/composer/UnifiedComposer.tsx","364","כתיבת מסמך (עורך טקסט)","other","",""
"שדות לחתימה:","src/components/composer/UnifiedComposer.tsx","372","כתיבת מסמך (עורך טקסט)","other","",""
"גררו כדי להזיז","src/components/composer/UnifiedComposer.tsx","399","כתיבת מסמך (עורך טקסט)","aria","",""
"{editor.storage.characterCount.words()} מילים · {…} תווים","src/components/composer/UnifiedComposer.tsx","414","כתיבת מסמך (עורך טקסט)","other","{editor.storage.characterCount.words()} | {…}","not in previous catalog"
"בחירה","src/components/composer/field-node.tsx","24","כתיבת מסמך (עורך טקסט)","other","","same text also at: src/components/projects/AgreementPanel.tsx:42"
"רוחב בפיקסלים","src/components/composer/resizable-image.tsx","170","כתיבת מסמך (עורך טקסט)","label","",""
"חצי רוחב","src/components/composer/resizable-image.tsx","191","כתיבת מסמך (עורך טקסט)","aria","","same text also at: src/components/composer/resizable-image.tsx:192"
"גודל מקורי","src/components/composer/resizable-image.tsx","209","כתיבת מסמך (עורך טקסט)","aria","","same text also at: src/components/composer/resizable-image.tsx:210"
"איפוס","src/components/composer/resizable-image.tsx","214","כתיבת מסמך (עורך טקסט)","button","",""
"לא הצלחנו לקרוא את הרשימה מ-Fireberry.","src/components/crm/CrmBusinessImport.tsx","39","ספקים → ייבוא עסק מ-CRM (Fireberry)","error","","same text also at: src/components/crm/CrmBusinessImport.tsx:44"
"הייבוא נכשל. נסו שוב.","src/components/crm/CrmBusinessImport.tsx","66","ספקים → ייבוא עסק מ-CRM (Fireberry)","error","","same text also at: src/components/crm/CrmTemplateImport.tsx:83"
"בחירת הצעת מחיר","src/components/crm/CrmBusinessImport.tsx","79","ספקים → ייבוא עסק מ-CRM (Fireberry)","button","",""
"הצעות מחיר ב-Fireberry","src/components/crm/CrmBusinessImport.tsx","88","ספקים → ייבוא עסק מ-CRM (Fireberry)","heading","",""
"טוען מ-Fireberry…","src/components/crm/CrmBusinessImport.tsx","95","ספקים → ייבוא עסק מ-CRM (Fireberry)","help","",""
"לא נמצאו הצעות מחיר לרשומה הזו ב-Fireberry.","src/components/crm/CrmBusinessImport.tsx","98","ספקים → ייבוא עסק מ-CRM (Fireberry)","help","",""
"ההצעה תיובא עם כל הנתונים והשורות שבה. שום דבר ב-Fireberry לא משתנה.","src/components/crm/CrmBusinessImport.tsx","123","ספקים → ייבוא עסק מ-CRM (Fireberry)","help","",""
"לא הצלחנו לקרוא את רשימת התבניות.","src/components/crm/CrmTemplateImport.tsx","35","תבניות → ייבוא תבנית מ-CRM","error","",""
"לא הצלחנו לקרוא את רשימת התבניות. בדקו את החיבור לאינטרנט.","src/components/crm/CrmTemplateImport.tsx","40","תבניות → ייבוא תבנית מ-CRM","error","",""
"ללא שינוי ${data.skipped}","src/components/crm/CrmTemplateImport.tsx","71","תבניות → ייבוא תבנית מ-CRM","other","${data.skipped}",""
"נכשלו ${data.failed.length}:","src/components/crm/CrmTemplateImport.tsx","74","תבניות → ייבוא תבנית מ-CRM","error","${data.failed.length}","not in previous catalog"
"ייבוא תבניות מ-Fireberry","src/components/crm/CrmTemplateImport.tsx","107","תבניות → ייבוא תבנית מ-CRM","button","","same text also at: src/components/crm/CrmTemplateImport.tsx:116"
"טוען תבניות מ-Fireberry…","src/components/crm/CrmTemplateImport.tsx","129","תבניות → ייבוא תבנית מ-CRM","help","",""
"לא נמצאו תבניות הדפסה ב-Fireberry.","src/components/crm/CrmTemplateImport.tsx","133","תבניות → ייבוא תבנית מ-CRM","help","",""
"עודכן ${template.modifiedOn.slice(0, 10)}","src/components/crm/CrmTemplateImport.tsx","154","תבניות → ייבוא תבנית מ-CRM","label","${template.modifiedOn.slice(0, 10)}",""
"${template.versions} גרסאות אצלנו","src/components/crm/CrmTemplateImport.tsx","155","תבניות → ייבוא תבנית מ-CRM","label","${template.versions}",""
"קיימת גרסה חדשה","src/components/crm/CrmTemplateImport.tsx","163","תבניות → ייבוא תבנית מ-CRM","label","",""
"הייבוא לא משנה דבר ב-Fireberry. תבנית שיובאה לא משתנה אם התבנית ב-CRM תשתנה.","src/components/crm/CrmTemplateImport.tsx","184","תבניות → ייבוא תבנית מ-CRM","help","","glossary: CRM"
"לא הצלחנו לבדוק את הרשומה.","src/components/deletion/DeleteDialog.tsx","54","דיאלוג מחיקה / ארכיון","error","","same text also at: src/components/deletion/DeleteDialog.tsx:58"
"הרשמה","src/components/deletion/DeleteDialog.tsx","98","דיאלוג מחיקה / ארכיון","other","","same text also at: src/components/projects/CampaignOverview.tsx:30, src/components/projects/LeadsPanel.tsx:262, src/components/reports/RegistrationsTable.tsx:527 (+2 more)"
"התראה","src/components/deletion/DeleteDialog.tsx","98","דיאלוג מחיקה / ארכיון","other","",""
"ה${noun}","src/components/deletion/DeleteDialog.tsx","99","דיאלוג מחיקה / ארכיון","other","${noun}",""
"מחיקת ${noun}","src/components/deletion/DeleteDialog.tsx","103","דיאלוג מחיקה / ארכיון","other","${noun}","same text also at: src/components/deletion/DeleteDialog.tsx:256"
"בודק מה עומד מאחורי הרשומה…","src/components/deletion/DeleteDialog.tsx","108","דיאלוג מחיקה / ארכיון","help","",""
"{the} מקושר/ת ל-Fireberry. הפעולה משפיעה על XTRA Sign בלבד; ברשומה ב-CRM לא ישתנה דבר.","src/components/deletion/DeleteDialog.tsx","113","דיאלוג מחיקה / ארכיון","other","{the}","glossary: CRM, XTRA Sign"
"מחיקה מלאה","src/components/deletion/DeleteDialog.tsx","127","דיאלוג מחיקה / ארכיון","button","","not in previous catalog"
"מחיקה מלאה — לצמיתות","src/components/deletion/DeleteDialog.tsx","132","דיאלוג מחיקה / ארכיון","other","","not in previous catalog"
"{the}{feminine ? 'תימחק' : 'יימחק'} לצמיתות יחד עם כל מה ששייך {feminine ? 'לה' : 'לו'}: הסכמים, קבצים חתומים, היסטוריית חתימות, הרשמות והודעות. אין ארכיון ואין דרך חזרה.","src/components/deletion/DeleteDialog.tsx","136","דיאלוג מחיקה / ארכיון","other","{the} | {feminine ? 'תימחק' : 'יימחק'} | {feminine ? 'לה' : 'לו'}","not in previous catalog; glossary: הרשמות, הסכמים"
"תימחק","src/components/deletion/DeleteDialog.tsx","137","דיאלוג מחיקה / ארכיון","help","","not in previous catalog"
"יימחק","src/components/deletion/DeleteDialog.tsx","137","דיאלוג מחיקה / ארכיון","help","","not in previous catalog"
"לה","src/components/deletion/DeleteDialog.tsx","137","דיאלוג מחיקה / ארכיון","help","","not in previous catalog"
"לו","src/components/deletion/DeleteDialog.tsx","137","דיאלוג מחיקה / ארכיון","help","","not in previous catalog"
"אפשרות זו שמורה לבעלי הארגון בלבד ונרשמת ביומן הביקורת.","src/components/deletion/DeleteDialog.tsx","139","דיאלוג מחיקה / ארכיון","help","","not in previous catalog"
"לאישור, הקלידו כאן את המילה <strong>מחק</strong>","src/components/deletion/DeleteDialog.tsx","143","דיאלוג מחיקה / ארכיון","label","","not in previous catalog"
"הקלידו מחק לאישור","src/components/deletion/DeleteDialog.tsx","144","דיאלוג מחיקה / ארכיון","aria","","not in previous catalog"
"מוחק לצמיתות…","src/components/deletion/DeleteDialog.tsx","154","דיאלוג מחיקה / ארכיון","button","","not in previous catalog"
"מחק לצמיתות","src/components/deletion/DeleteDialog.tsx","154","דיאלוג מחיקה / ארכיון","button","","not in previous catalog"
"הרשומה נשמרת","src/components/deletion/DeleteDialog.tsx","159","דיאלוג מחיקה / ארכיון","other","",""
"${the} בארכיון","src/components/deletion/DeleteDialog.tsx","170","דיאלוג מחיקה / ארכיון","other","${the}",""
"אפשר להחזיר {the} לרשימות הפעילות{…}.","src/components/deletion/DeleteDialog.tsx","174","דיאלוג מחיקה / ארכיון","other","{the} | {…}",""
", או להסיר במחיקה מוגנת","src/components/deletion/DeleteDialog.tsx","174","דיאלוג מחיקה / ארכיון","help","",""
"מחיקה מוגנת","src/components/deletion/DeleteDialog.tsx","188","דיאלוג מחיקה / ארכיון","button","","same text also at: src/components/deletion/DeleteDialog.tsx:195, src/components/deletion/DeleteDialog.tsx:245"
"{the}{feminine ? 'תוסר' : 'יוסר'} מהרשימות הפעילות. {signed} הסכמים חתומים ו-{signed} קבצי PDF יישמרו לצורכי היסטוריה ומעקב, יחד עם היסטוריית החתימות.","src/components/deletion/DeleteDialog.tsx","198","דיאלוג מחיקה / ארכיון","other","{the} | {feminine ? 'תוסר' : 'יוסר'} | {signed} | {signed}","not in previous catalog; glossary: הסכמים"
"תוסר","src/components/deletion/DeleteDialog.tsx","199","דיאלוג מחיקה / ארכיון","help","","same text also at: src/components/deletion/DeleteDialog.tsx:313"
"יוסר","src/components/deletion/DeleteDialog.tsx","199","דיאלוג מחיקה / ארכיון","help","","same text also at: src/components/deletion/DeleteDialog.tsx:313"
"אני מבין/ה שההיסטוריה החתומה תישמר","src/components/deletion/DeleteDialog.tsx","205","דיאלוג מחיקה / ארכיון","label","",""
"מסיר…","src/components/deletion/DeleteDialog.tsx","215","דיאלוג מחיקה / ארכיון","button","",""
"הסר ${noun}","src/components/deletion/DeleteDialog.tsx","215","דיאלוג מחיקה / ארכיון","button","${noun}",""
"לא ניתן למחוק את הרשומה במחיקה רגילה","src/components/deletion/DeleteDialog.tsx","220","דיאלוג מחיקה / ארכיון","error","",""
"נדרש אישור מנהל","src/components/deletion/DeleteDialog.tsx","220","דיאלוג מחיקה / ארכיון","other","",""
"לרשומה זו קיימת היסטוריה חתומה ולכן לא ניתן למחוק אותה באופן רגיל. ניתן להסיר אותה מהרשימות הפעילות תוך שמירת המסמכים והיסטוריית החתימות{…}.","src/components/deletion/DeleteDialog.tsx","224","דיאלוג מחיקה / ארכיון","error","{…}",""
", או לבצע מחיקה מוגנת","src/components/deletion/DeleteDialog.tsx","226","דיאלוג מחיקה / ארכיון","help","",""
", או לבקש אישור מנהל מערכת","src/components/deletion/DeleteDialog.tsx","226","דיאלוג מחיקה / ארכיון","help","",""
"{signed} הסכמים חתומים{…}","src/components/deletion/DeleteDialog.tsx","228","דיאלוג מחיקה / ארכיון","other","{signed} | {…}","not in previous catalog; glossary: הסכמים"
"· ${open} הסכמים פתוחים","src/components/deletion/DeleteDialog.tsx","229","דיאלוג מחיקה / ארכיון","help","${open}","not in previous catalog; glossary: הסכמים"
"רגע…","src/components/deletion/DeleteDialog.tsx","241","דיאלוג מחיקה / ארכיון","button","","same text also at: src/components/deletion/DeleteDialog.tsx:302, src/components/signer/ContinueSigning.tsx:48"
"העבר לארכיון","src/components/deletion/DeleteDialog.tsx","241","דיאלוג מחיקה / ארכיון","button","","same text also at: src/components/deletion/DeleteDialog.tsx:302, src/components/projects/ProjectRowMenu.tsx:30"
"בקשת מחיקת מנהל","src/components/deletion/DeleteDialog.tsx","249","דיאלוג מחיקה / ארכיון","button","",""
"ל{noun}{feminine ? 'זו' : 'זה'} קיימים {open} הסכמים שעדיין לא נחתמו.","src/components/deletion/DeleteDialog.tsx","260","דיאלוג מחיקה / ארכיון","other","{noun} | {feminine ? 'זו' : 'זה'} | {open}","not in previous catalog; glossary: הסכמים"
"זו","src/components/deletion/DeleteDialog.tsx","261","דיאלוג מחיקה / ארכיון","help","","same text also at: src/components/deletion/DeleteDialog.tsx:290"
"זה","src/components/deletion/DeleteDialog.tsx","261","דיאלוג מחיקה / ארכיון","help","","same text also at: src/components/deletion/DeleteDialog.tsx:290"
"מחיקה תבטל אותם ותסיר {the} מהמערכת. קישורי החתימה שלהם יפסיקו לעבוד.","src/components/deletion/DeleteDialog.tsx","263","דיאלוג מחיקה / ארכיון","other","{the}",""
"מוחק…","src/components/deletion/DeleteDialog.tsx","276","דיאלוג מחיקה / ארכיון","button","","same text also at: src/components/deletion/DeleteDialog.tsx:325"
"מחק ${noun} ובטל הסכמים","src/components/deletion/DeleteDialog.tsx","276","דיאלוג מחיקה / ארכיון","button","${noun}","glossary: הסכמים"
"הסרת תבנית","src/components/deletion/DeleteDialog.tsx","283","דיאלוג מחיקה / ארכיון","other","",""
"העברת ${noun} לארכיון","src/components/deletion/DeleteDialog.tsx","283","דיאלוג מחיקה / ארכיון","other","${noun}",""
"התבנית כבר שימשה ליצירת הסכמים. היא תוסר מרשימת התבניות, וההסכמים שנוצרו ממנה ימשיכו לעבוד כרגיל.","src/components/deletion/DeleteDialog.tsx","289","דיאלוג מחיקה / ארכיון","help","","glossary: הסכמים"
"ל${noun} ${feminine ? 'זו' : 'זה'} יש היסטוריה של הסכמים שהסתיימו. ${the} ${feminine ? 'תועבר' : 'יועבר'} לארכיון וההסכמים יישמרו.","src/components/deletion/DeleteDialog.tsx","290","דיאלוג מחיקה / ארכיון","help","${noun} | ${feminine ? 'זו' : 'זה'} | ${the} | ${feminine ? 'תועבר' : 'יועבר'}","glossary: הסכמים"
"תועבר","src/components/deletion/DeleteDialog.tsx","290","דיאלוג מחיקה / ארכיון","help","",""
"יועבר","src/components/deletion/DeleteDialog.tsx","290","דיאלוג מחיקה / ארכיון","help","",""
"הסר מהרשימה","src/components/deletion/DeleteDialog.tsx","302","דיאלוג מחיקה / ארכיון","button","",""
"למחוק את ${the}?","src/components/deletion/DeleteDialog.tsx","308","דיאלוג מחיקה / ארכיון","other","${the}",""
"{the}{feminine ? 'תוסר' : 'יוסר'} מהמערכת ולא ניתן יהיה לשחזר {feminine ? 'אותה' : 'אותו'}.","src/components/deletion/DeleteDialog.tsx","312","דיאלוג מחיקה / ארכיון","error","{the} | {feminine ? 'תוסר' : 'יוסר'} | {feminine ? 'אותה' : 'אותו'}","not in previous catalog"
"אותה","src/components/deletion/DeleteDialog.tsx","313","דיאלוג מחיקה / ארכיון","help","",""
"אותו","src/components/deletion/DeleteDialog.tsx","313","דיאלוג מחיקה / ארכיון","help","",""
"פעולות נוספות","src/components/deletion/RowMenu.tsx","12","תפריט פעולות בשורה (מחיקה / ארכיון)","other","",""
"קישור חתימה","src/components/documents/AttentionDrawer.tsx","41","הסכמים (רשימה)","other","","not in previous catalog"
"תזכורת","src/components/documents/AttentionDrawer.tsx","42","הסכמים (רשימה)","other","","not in previous catalog; same text also at: src/components/projects/AudienceTable.tsx:44, src/server/invitations/invitations.ts:521"
"עותק חתום","src/components/documents/AttentionDrawer.tsx","43","הסכמים (רשימה)","other","","not in previous catalog; same text also at: src/components/projects/AudienceTable.tsx:44, src/server/invitations/invitations.ts:521"
"אישור הרשמה","src/components/documents/AttentionDrawer.tsx","44","הסכמים (רשימה)","other","","not in previous catalog"
"בדיקה","src/components/documents/AttentionDrawer.tsx","45","הסכמים (רשימה)","other","","same text also at: src/components/projects/AudienceTable.tsx:44, src/server/distributions/distributions.ts:303, src/server/distributions/distributions.ts:303 (+1 more)"
"מייל","src/components/documents/AttentionDrawer.tsx","47","הסכמים (רשימה)","other","","not in previous catalog; same text also at: src/components/projects/AudienceTable.tsx:43, src/server/invitations/invitations.ts:520"
"נשלח.","src/components/documents/AttentionDrawer.tsx","75","הסכמים (רשימה)","help","","not in previous catalog"
"הקישור חודש ונשלח.","src/components/documents/AttentionDrawer.tsx","79","הסכמים (רשימה)","help","","not in previous catalog"
"לחותם אין טלפון או מייל.","src/components/documents/AttentionDrawer.tsx","82","הסכמים (רשימה)","help","","not in previous catalog"
"התזכורת נשלחה.","src/components/documents/AttentionDrawer.tsx","84","הסכמים (רשימה)","help","","same text also at: src/server/ai/tools/documents.ts:190"
"תיקון מספר טלפון","src/components/documents/AttentionDrawer.tsx","170","הסכמים (רשימה)","heading","","not in previous catalog"
"תיקון כתובת מייל","src/components/documents/AttentionDrawer.tsx","170","הסכמים (רשימה)","heading","","not in previous catalog"
"ההודעה תישלח שוב לכתובת המתוקנת, והכתובת תישמר על החותם.","src/components/documents/AttentionDrawer.tsx","172","הסכמים (רשימה)","help","","not in previous catalog"
"מספר טלפון","src/components/documents/AttentionDrawer.tsx","174","הסכמים (רשימה)","label","","not in previous catalog"
"כתובת מייל","src/components/documents/AttentionDrawer.tsx","174","הסכמים (רשימה)","label","","not in previous catalog"
"שלח שוב","src/components/documents/AttentionDrawer.tsx","194","הסכמים (רשימה)","button","","same text also at: src/components/projects/InviteDialog.tsx:241, src/components/reports/RegistrationsTable.tsx:219, src/components/reports/RegistrationsTable.tsx:275 (+1 more)"
"הנציג אישר שנשלח","src/components/documents/AttentionDrawer.tsx","206","הסכמים (רשימה)","other","","not in previous catalog"
"הנציג דיווח שלא נשלח","src/components/documents/AttentionDrawer.tsx","207","הסכמים (רשימה)","other","","not in previous catalog"
"השיתוף נפתח, טרם אושר","src/components/documents/AttentionDrawer.tsx","208","הסכמים (רשימה)","other","","not in previous catalog"
"נכשל","src/components/documents/AttentionDrawer.tsx","210","הסכמים (רשימה)","error","","same text also at: src/components/groups/GroupWorkspace.tsx:30, src/components/projects/AudienceTable.tsx:35, src/components/projects/AudienceTable.tsx:687 (+3 more)"
"לא ניתן לטעון את הפרטים.","src/components/documents/AttentionDrawer.tsx","239","הסכמים (רשימה)","error","","not in previous catalog"
"לא ניתן לטעון את הפרטים. בדקו את החיבור לאינטרנט.","src/components/documents/AttentionDrawer.tsx","249","הסכמים (רשימה)","error","","not in previous catalog"
"חותם: {doc.recipientName}","src/components/documents/AttentionDrawer.tsx","288","הסכמים (רשימה)","aria","{doc.recipientName}","not in previous catalog"
"מה קרה, מה לעשות, ובלחיצה אחת זה מטופל.","src/components/documents/AttentionDrawer.tsx","295","הסכמים (רשימה)","dialog","","new 2026-09-07 UX pass"
"מה קרה","src/components/documents/AttentionDrawer.tsx","297","הסכמים (רשימה)","heading","","not in previous catalog"
"אין כרגע דבר שדורש טיפול.","src/components/documents/AttentionDrawer.tsx","310","הסכמים (רשימה)","dialog","","not in previous catalog; glossary: דורש טיפול"
"מה לעשות","src/components/documents/AttentionDrawer.tsx","316","הסכמים (רשימה)","heading","","not in previous catalog"
"ניסיונות שליחה","src/components/documents/AttentionDrawer.tsx","326","הסכמים (רשימה)","heading","","not in previous catalog"
"טוען…","src/components/documents/AttentionDrawer.tsx","327","הסכמים (רשימה)","dialog","","same text also at: src/components/follow-up/FollowUpSettings.tsx:104, src/components/projects/AudienceTable.tsx:676, src/components/projects/MessagesSettings.tsx:61 (+2 more)"
"לא נרשמו הודעות למסמך הזה.","src/components/documents/AttentionDrawer.tsx","328","הסכמים (רשימה)","dialog","","not in previous catalog"
"ניסיון חוזר","src/components/documents/AttentionDrawer.tsx","339","הסכמים (רשימה)","other","","not in previous catalog"
"סומן כטופל","src/components/documents/AttentionDrawer.tsx","340","הסכמים (רשימה)","other","","not in previous catalog"
"הערה: {a.resolvedNote}","src/components/documents/AttentionDrawer.tsx","345","הסכמים (רשימה)","help","{a.resolvedNote}","not in previous catalog"
"פרטי התקלה","src/components/documents/AttentionDrawer.tsx","355","הסכמים (רשימה)","button","","not in previous catalog"
"סמן כטופל","src/components/documents/AttentionDrawer.tsx","371","הסכמים (רשימה)","heading","","not in previous catalog; same text also at: src/components/documents/AttentionDrawer.tsx:387"
"טיפלתם בזה בדרך אחרת — טלפון, מייל ידני, עותק מודפס? ציינו איך, וההסכם יצא מהרשימה.","src/components/documents/AttentionDrawer.tsx","372","הסכמים (רשימה)","dialog","","not in previous catalog"
"למשל: העותק נשלח ידנית מהמייל של המשרד","src/components/documents/AttentionDrawer.tsx","378","הסכמים (רשימה)","placeholder","","not in previous catalog"
"השיוך נכשל.","src/components/documents/CompanyPicker.tsx","73","מסמך חדש (העלאה / כתיבה / בחירת חברה)","error","",""
"השיוך נכשל. נסו שוב.","src/components/documents/CompanyPicker.tsx","79","מסמך חדש (העלאה / כתיבה / בחירת חברה)","error","",""
"שינוי שיוך","src/components/documents/CompanyPicker.tsx","92","מסמך חדש (העלאה / כתיבה / בחירת חברה)","button","",""
"שיוך לספק/לקוח","src/components/documents/CompanyPicker.tsx","92","מסמך חדש (העלאה / כתיבה / בחירת חברה)","button","","same text also at: src/components/documents/RowActions.tsx:95, src/components/reports/RegistrationsTable.tsx:568, src/server/attention/attention.ts:283"
"שיוך לספק או לקוח","src/components/documents/CompanyPicker.tsx","101","מסמך חדש (העלאה / כתיבה / בחירת חברה)","heading","",""
"לא נמצאו תוצאות.","src/components/documents/CompanyPicker.tsx","128","מסמך חדש (העלאה / כתיבה / בחירת חברה)","help","","same text also at: src/components/groups/AddCompaniesDialog.tsx:123"
"הסרת השיוך ({current.name})","src/components/documents/CompanyPicker.tsx","159","מסמך חדש (העלאה / כתיבה / בחירת חברה)","other","{current.name}",""
"היצירה נכשלה.","src/components/documents/CompanyStep.tsx","112","מסמך חדש (העלאה / כתיבה / בחירת חברה)","error","","same text also at: src/components/groups/NewGroupButton.tsx:40, src/components/projects/NewCampaignWizard.tsx:81"
"היצירה נכשלה. נסו שוב.","src/components/documents/CompanyStep.tsx","129","מסמך חדש (העלאה / כתיבה / בחירת חברה)","error","","same text also at: src/components/groups/NewGroupButton.tsx:45, src/components/projects/NewCampaignWizard.tsx:94"
"כדי לא ליצור כפילות ב-CRM — בחרו את הרשומה הנכונה, או חזרו לעריכה אם אף אחת לא מתאימה.","src/components/documents/CompanyStep.tsx","156","מסמך חדש (העלאה / כתיבה / בחירת חברה)","help","","glossary: CRM"
"לקוח/ספק חדש","src/components/documents/CompanyStep.tsx","209","מסמך חדש (העלאה / כתיבה / בחירת חברה)","heading","",""
"כל חברה נשמרת קודם כל ב-XTRA Sign. אפשר גם ליצור או לקשר אותה ל-Fireberry.","src/components/documents/CompanyStep.tsx","212","מסמך חדש (העלאה / כתיבה / בחירת חברה)","help","","glossary: XTRA Sign"
"נשמר ב-XTRA Sign. חיבור ל-Fireberry אינו זמין כרגע.","src/components/documents/CompanyStep.tsx","213","מסמך חדש (העלאה / כתיבה / בחירת חברה)","help","","glossary: XTRA Sign"
"שם החברה <span>*</span>","src/components/documents/CompanyStep.tsx","238","מסמך חדש (העלאה / כתיבה / בחירת חברה)","label","",""
"איפה לשמור?","src/components/documents/CompanyStep.tsx","324","מסמך חדש (העלאה / כתיבה / בחירת חברה)","heading","",""
"XTRA Sign בלבד","src/components/documents/CompanyStep.tsx","328","מסמך חדש (העלאה / כתיבה / בחירת חברה)","other","","glossary: XTRA Sign"
"החברה תשמש למסמכים וחתימות במערכת הזו.","src/components/documents/CompanyStep.tsx","328","מסמך חדש (העלאה / כתיבה / בחירת חברה)","other","",""
"החברה תיווצר או תקושר גם ל-Fireberry.","src/components/documents/CompanyStep.tsx","329","מסמך חדש (העלאה / כתיבה / בחירת חברה)","other","",""
"יצירה והמשך","src/components/documents/CompanyStep.tsx","361","מסמך חדש (העלאה / כתיבה / בחירת חברה)","button","",""
"חזרה לחיפוש","src/components/documents/CompanyStep.tsx","364","מסמך חדש (העלאה / כתיבה / בחירת חברה)","button","",""
"סוג חברה","src/components/documents/CompanyStep.tsx","378","מסמך חדש (העלאה / כתיבה / בחירת חברה)","aria","",""
"חיפוש ספק — שם, ח.פ או איש קשר","src/components/documents/CompanyStep.tsx","404","מסמך חדש (העלאה / כתיבה / בחירת חברה)","placeholder","",""
"חיפוש לקוח — שם, ח.פ או איש קשר","src/components/documents/CompanyStep.tsx","404","מסמך חדש (העלאה / כתיבה / בחירת חברה)","placeholder","",""
"לא נמצא ספק מתאים.","src/components/documents/CompanyStep.tsx","413","מסמך חדש (העלאה / כתיבה / בחירת חברה)","help","",""
"לא נמצא לקוח מתאים.","src/components/documents/CompanyStep.tsx","413","מסמך חדש (העלאה / כתיבה / בחירת חברה)","help","",""
"התחילו להקליד כדי לחפש.","src/components/documents/CompanyStep.tsx","413","מסמך חדש (העלאה / כתיבה / בחירת חברה)","help","",""
"+ יצירת ספק חדש","src/components/documents/CompanyStep.tsx","445","מסמך חדש (העלאה / כתיבה / בחירת חברה)","button","",""
"+ יצירת לקוח חדש","src/components/documents/CompanyStep.tsx","445","מסמך חדש (העלאה / כתיבה / בחירת חברה)","button","",""
"✓ הועלה ל-Fireberry וסומן כהצעה שאושרה","src/components/documents/CrmWritebackButton.tsx","27","הסכם → העלאה / עדכון ל-CRM","help","",""
"נסה שוב להעלות ל-Fireberry","src/components/documents/CrmWritebackButton.tsx","60","הסכם → העלאה / עדכון ל-CRM","button","",""
"נכתב במערכת","src/components/documents/DocumentsTable.tsx","15","הסכמים → טבלה","other","",""
"קובץ PDF","src/components/documents/DocumentsTable.tsx","16","הסכמים → טבלה","other","",""
"בחירת ${doc.title}","src/components/documents/DocumentsTable.tsx","67","הסכמים → טבלה","aria","${doc.title}","not in previous catalog"
"כל מסמך שתשלחו לחתימה יופיע כאן עם מצב החתימה שלו.","src/components/documents/DocumentsTable.tsx","80","הסכמים → טבלה","empty_state","","new 2026-09-07 UX pass"
"נמען: ${doc.recipientName}","src/components/documents/DocumentsTable.tsx","105","הסכמים → טבלה","other","${doc.recipientName}",""
"טרם נבחר נמען","src/components/documents/DocumentsTable.tsx","105","הסכמים → טבלה","other","",""
"בחירת הכול","src/components/documents/DocumentsTable.tsx","144","הסכמים → טבלה","aria","","not in previous catalog; same text also at: src/components/documents/DocumentsTable.tsx:296, src/components/projects/AudienceTable.tsx:276"
"נמען","src/components/documents/DocumentsTable.tsx","149","הסכמים → טבלה","label","","same text also at: src/components/reports/ReportPanel.tsx:177, src/lib/message-template.ts:70, src/server/ai/tools/documents.ts:154 (+1 more)"
"יוצר","src/components/documents/DocumentsTable.tsx","152","הסכמים → טבלה","label","",""
"גרסה ${doc.versionCount}","src/components/documents/DocumentsTable.tsx","181","הסכמים → טבלה","other","${doc.versionCount}",""
"נבחרו {ids.length} מתוך {documents.length}","src/components/documents/DocumentsTable.tsx","298","הסכמים → טבלה","other","{ids.length} | {documents.length}","not in previous catalog"
"בודק…","src/components/documents/DocumentsTable.tsx","302","הסכמים → טבלה","button","","same text also at: src/components/settings/SecuritySettingsForm.tsx:174, src/components/tags/BulkBar.tsx:237"
"שלח שוב הודעות שנכשלו (${ids.length})","src/components/documents/DocumentsTable.tsx","302","הסכמים → טבלה","error","${ids.length}","not in previous catalog"
"ניתן לשלוח שוב ל-{preview.eligible} מתוך {ids.length}","src/components/documents/DocumentsTable.tsx","308","הסכמים → טבלה","other","{preview.eligible} | {ids.length}","not in previous catalog"
"אישור ושליחה","src/components/documents/DocumentsTable.tsx","312","הסכמים → טבלה","button","","not in previous catalog"
"למה לא כולם? ({preview.skipped.length})","src/components/documents/DocumentsTable.tsx","319","הסכמים → טבלה","other","{preview.skipped.length}","not in previous catalog"
"נשלחו {result.sent} · נכשלו {result.failed} · דולגו {result.skipped.length}","src/components/documents/DocumentsTable.tsx","334","הסכמים → טבלה","error","{result.sent} | {result.failed} | {result.skipped.length}","not in previous catalog"
"ללא שיוך","src/components/documents/DocumentsTable.tsx","357","הסכמים → טבלה","other","",""
"נצפו","src/components/documents/InboxControls.tsx","11","הסכמים → סינון ולשוניות","other","",""
"פגו","src/components/documents/InboxControls.tsx","13","הסכמים → סינון ולשוניות","other","","same text also at: src/components/reports/ReportPanel.tsx:43, src/components/reports/ReportPanel.tsx:81, src/components/reports/ReportPanel.tsx:115 (+1 more)"
"בוטלו","src/components/documents/InboxControls.tsx","14","הסכמים → סינון ולשוניות","other","","same text also at: src/components/reports/ReportPanel.tsx:82, src/components/reports/ReportPanel.tsx:228"
"חיפוש מסמכים","src/components/documents/InboxControls.tsx","58","הסכמים → סינון ולשוניות","label","",""
"חיפוש לפי מסמך, חברה, חותם, טלפון או אימייל","src/components/documents/InboxControls.tsx","65","הסכמים → סינון ולשוניות","placeholder","",""
"רק מה שדורש פעולה מכם","src/components/documents/InboxControls.tsx","83","הסכמים → סינון ולשוניות","aria","","new 2026-09-07 UX pass"
"רק מה שדורש פעולה מכם.","src/components/documents/InboxControls.tsx","102","הסכמים → סינון ולשוניות","help","","new 2026-09-07 UX pass"
"צפייה במסמך","src/components/documents/RowActions.tsx","91","הסכמים → פעולות על הסכם","other","","same text also at: src/components/projects/AgreementPanel.tsx:356"
"פתיחת החברה","src/components/documents/RowActions.tsx","93","הסכמים → פעולות על הסכם","other","",""
"לבטל את המסמך? קישור החתימה יפסיק לעבוד.","src/components/documents/RowActions.tsx","116","הסכמים → פעולות על הסכם","other","",""
"ביטול והסרה מהרשימה","src/components/documents/RowActions.tsx","117","הסכמים → פעולות על הסכם","other","",""
"הורדת PDF חתום","src/components/documents/RowActions.tsx","123","הסכמים → פעולות על הסכם","other","","same text also at: src/components/projects/AudienceTable.tsx:607"
"ארכיון / מחיקה מוגנת","src/components/documents/RowActions.tsx","129","הסכמים → פעולות על הסכם","other","",""
"העברה לארכיון","src/components/documents/RowActions.tsx","129","הסכמים → פעולות על הסכם","other","","same text also at: src/components/documents/RowActions.tsx:145"
"חידוש קישור לחתימה","src/components/documents/RowActions.tsx","135","הסכמים → פעולות על הסכם","other","","same text also at: src/components/reports/RegistrationsTable.tsx:437"
"לחדש את קישור החתימה ולשלוח אותו שוב לחותם?","src/components/documents/RowActions.tsx","137","הסכמים → פעולות על הסכם","other","",""
"היצירה מהתבנית נכשלה.","src/components/documents/UseTemplateButton.tsx","33","תבניות","error","",""
"היצירה מהתבנית נכשלה. נסו שוב.","src/components/documents/UseTemplateButton.tsx","38","תבניות","error","",""
"${field.label}, ${isSigner ? 'החותם ממלא' : 'אנחנו ממלאים'}","src/components/editor/FieldBox.tsx","77","עורך שדות (מיקום שדות על המסמך)","aria","${field.label} | ${isSigner ? 'החותם ממלא' : 'אנחנו ממלאים'}",""
"החותם ממלא","src/components/editor/FieldBox.tsx","77","עורך שדות (מיקום שדות על המסמך)","aria","",""
"אנחנו ממלאים","src/components/editor/FieldBox.tsx","77","עורך שדות (מיקום שדות על המסמך)","aria","",""
"שינוי גודל","src/components/editor/FieldBox.tsx","116","עורך שדות (מיקום שדות על המסמך)","aria","",""
"אפשרות 1","src/components/editor/FieldEditor.tsx","156","עורך שדות (מיקום שדות על המסמך)","other","","same text also at: src/components/projects/FormBuilder.tsx:231"
"אפשרות 2","src/components/editor/FieldEditor.tsx","156","עורך שדות (מיקום שדות על המסמך)","other","","same text also at: src/components/projects/FormBuilder.tsx:231"
"התאמה לרוחב","src/components/editor/FieldEditor.tsx","403","עורך שדות (מיקום שדות על המסמך)","button","",""
"<span>+</span> הוספת שדה","src/components/editor/FieldEditor.tsx","406","עורך שדות (מיקום שדות על המסמך)","other","",""
"פרטי הנמען","src/components/editor/FieldEditor.tsx","422","עורך שדות (מיקום שדות על המסמך)","button","",""
"המשך לשליחה","src/components/editor/FieldEditor.tsx","440","עורך שדות (מיקום שדות על המסמך)","button","",""
"שגיאה","src/components/editor/FieldEditor.tsx","450","עורך שדות (מיקום שדות על המסמך)","error","",""
"לחצו במסמך כדי למקם: <span>{…}</span>","src/components/editor/FieldEditor.tsx","456","עורך שדות (מיקום שדות על המסמך)","other","{…}","not in previous catalog"
"עמוד {page.pageNumber}","src/components/editor/FieldEditor.tsx","530","עורך שדות (מיקום שדות על המסמך)","other","{page.pageNumber}",""
"עמוד קודם","src/components/editor/FieldEditor.tsx","557","עורך שדות (מיקום שדות על המסמך)","aria","",""
"עמוד {currentPage} מתוך {pages.length}","src/components/editor/FieldEditor.tsx","562","עורך שדות (מיקום שדות על המסמך)","other","{currentPage} | {pages.length}",""
"עמוד הבא","src/components/editor/FieldEditor.tsx","569","עורך שדות (מיקום שדות על המסמך)","aria","",""
"גררו למסמך, או בחרו ולחצו על המקום הרצוי.","src/components/editor/FieldEditor.tsx","585","עורך שדות (מיקום שדות על המסמך)","help","",""
"פרטי הנמען — למי שולחים","src/components/editor/FieldEditor.tsx","623","עורך שדות (מיקום שדות על המסמך)","heading","",""
"לדוגמה: תפוזנט פתרונות שיווק בע״מ","src/components/editor/FieldPanel.tsx","17","עורך שדות (מיקום שדות על המסמך)","other","","same text also at: src/components/editor/FieldPanel.tsx:18"
"לדוגמה: 15","src/components/editor/FieldPanel.tsx","19","עורך שדות (מיקום שדות על המסמך)","other","",""
"לדוגמה: info@example.co.il","src/components/editor/FieldPanel.tsx","20","עורך שדות (מיקום שדות על המסמך)","other","",""
"לדוגמה: 03-1234567","src/components/editor/FieldPanel.tsx","21","עורך שדות (מיקום שדות על המסמך)","other","",""
"לדוגמה: 01/09/2026","src/components/editor/FieldPanel.tsx","22","עורך שדות (מיקום שדות על המסמך)","other","",""
"הגדרות השדה","src/components/editor/FieldPanel.tsx","50","עורך שדות (מיקום שדות על המסמך)","heading","",""
"החותם חותם כאן, בזמן החתימה.","src/components/editor/FieldPanel.tsx","65","עורך שדות (מיקום שדות על המסמך)","help","",""
"מתי מוזן התאריך?","src/components/editor/FieldPanel.tsx","69","עורך שדות (מיקום שדות על המסמך)","other","",""
"אוטומטי — תאריך החתימה","src/components/editor/FieldPanel.tsx","72","עורך שדות (מיקום שדות על המסמך)","other","",""
"המערכת ממלאת את היום שבו נחתם המסמך.","src/components/editor/FieldPanel.tsx","72","עורך שדות (מיקום שדות על המסמך)","help","",""
"החותם מזין","src/components/editor/FieldPanel.tsx","73","עורך שדות (מיקום שדות על המסמך)","other","",""
"החותם יבחר תאריך בזמן החתימה.","src/components/editor/FieldPanel.tsx","73","עורך שדות (מיקום שדות על המסמך)","help","",""
"אני מזין","src/components/editor/FieldPanel.tsx","74","עורך שדות (מיקום שדות על המסמך)","other","",""
"תאריך קבוע שייקבע עכשיו.","src/components/editor/FieldPanel.tsx","74","עורך שדות (מיקום שדות על המסמך)","help","",""
"מי מזין את המידע בשדה?","src/components/editor/FieldPanel.tsx","86","עורך שדות (מיקום שדות על המסמך)","other","",""
"אני, לפני השליחה","src/components/editor/FieldPanel.tsx","89","עורך שדות (מיקום שדות על המסמך)","other","",""
"הערך יוכנס למסמך לפני שהוא נשלח.","src/components/editor/FieldPanel.tsx","89","עורך שדות (מיקום שדות על המסמך)","help","",""
"החותם, בזמן החתימה","src/components/editor/FieldPanel.tsx","90","עורך שדות (מיקום שדות על המסמך)","other","",""
"החותם יתבקש להשלים אותו.","src/components/editor/FieldPanel.tsx","90","עורך שדות (מיקום שדות על המסמך)","help","",""
"הטקסט שליד תיבת הסימון","src/components/editor/FieldPanel.tsx","100","עורך שדות (מיקום שדות על המסמך)","other","",""
"לדוגמה: אני מאשר/ת את תנאי ההסכם","src/components/editor/FieldPanel.tsx","102","עורך שדות (מיקום שדות על המסמך)","placeholder","",""
"מי מסמן?","src/components/editor/FieldPanel.tsx","106","עורך שדות (מיקום שדות על המסמך)","other","",""
"החותם מסמן","src/components/editor/FieldPanel.tsx","109","עורך שדות (מיקום שדות על המסמך)","other","",""
"החותם יסמן בזמן החתימה.","src/components/editor/FieldPanel.tsx","109","עורך שדות (מיקום שדות על המסמך)","help","",""
"אני מסמן עכשיו","src/components/editor/FieldPanel.tsx","110","עורך שדות (מיקום שדות על המסמך)","other","",""
"הסימון ייקבע כעת.","src/components/editor/FieldPanel.tsx","110","עורך שדות (מיקום שדות על המסמך)","help","",""
"מסומן","src/components/editor/FieldPanel.tsx","122","עורך שדות (מיקום שדות על המסמך)","label","",""
"מה יופיע בשדה?","src/components/editor/FieldPanel.tsx","132","עורך שדות (מיקום שדות על המסמך)","other","",""
"כותרת השדה","src/components/editor/FieldPanel.tsx","141","עורך שדות (מיקום שדות על המסמך)","other","",""
"לדוגמה: שם מלא","src/components/editor/FieldPanel.tsx","143","עורך שדות (מיקום שדות על המסמך)","placeholder","",""
"טקסט עזר לחותם (לא חובה)","src/components/editor/FieldPanel.tsx","147","עורך שדות (מיקום שדות על המסמך)","other","",""
"לדוגמה: כפי שמופיע בתעודת הזהות","src/components/editor/FieldPanel.tsx","149","עורך שדות (מיקום שדות על המסמך)","placeholder","",""
"האפשרויות לבחירה","src/components/editor/FieldPanel.tsx","159","עורך שדות (מיקום שדות על המסמך)","label","",""
"אפשרות אחת בכל שורה.","src/components/editor/FieldPanel.tsx","166","עורך שדות (מיקום שדות על המסמך)","help","",""
"חובה להגדיר ערך לפני השליחה","src/components/editor/FieldPanel.tsx","174","עורך שדות (מיקום שדות על המסמך)","other","",""
"לא נוכל לשלוח את המסמך כל עוד השדה ריק.","src/components/editor/FieldPanel.tsx","175","עורך שדות (מיקום שדות על המסמך)","other","",""
"שדה חובה","src/components/editor/FieldPanel.tsx","181","עורך שדות (מיקום שדות על המסמך)","other","","same text also at: src/components/projects/FormBuilder.tsx:318, src/server/projects/form-schema.ts:177"
"החותם לא יוכל לסיים לפני שמילא את השדה.","src/components/editor/FieldPanel.tsx","182","עורך שדות (מיקום שדות על המסמך)","other","",""
"חובה לסמן","src/components/editor/FieldPanel.tsx","189","עורך שדות (מיקום שדות על המסמך)","other","",""
"החותם לא יוכל לסיים לפני שסימן.","src/components/editor/FieldPanel.tsx","190","עורך שדות (מיקום שדות על המסמך)","other","",""
"עמוד","src/components/editor/FieldPanel.tsx","200","עורך שדות (מיקום שדות על המסמך)","label","",""
"עמוד {n}","src/components/editor/FieldPanel.tsx","209","עורך שדות (מיקום שדות על המסמך)","label","{n}",""
"שדות","src/components/editor/FieldToolbar.tsx","31","עורך שדות (מיקום שדות על המסמך)","heading","","same text also at: src/components/projects/FormBuilder.tsx:127"
"גררו או לחצו","src/components/editor/FieldToolbar.tsx","32","עורך שדות (מיקום שדות על המסמך)","help","",""
"גררו למסמך, או לחצו להוספה","src/components/editor/FieldToolbar.tsx","35","עורך שדות (מיקום שדות על המסמך)","help","",""
"למי שולחים?","src/components/editor/RecipientForm.tsx","91","עורך שדות → פרטי החותם","heading","",""
"שם העסק","src/components/editor/RecipientForm.tsx","95","עורך שדות → פרטי החותם","other","","same text also at: src/lib/agreement-roles.ts:32, src/server/mail/catalog.ts:126, src/server/notifications/campaign-mail.ts:111 (+1 more)"
"יש לך שינויים שלא נשמרו","src/components/editor/useUnsavedGuard.tsx","78","עורך שדות (מיקום שדות על המסמך)","heading","",""
"אם תצא/י עכשיו, השינויים האחרונים שביצעת יאבדו.","src/components/editor/useUnsavedGuard.tsx","79","עורך שדות (מיקום שדות על המסמך)","help","",""
"להישאר בעריכה","src/components/editor/useUnsavedGuard.tsx","87","עורך שדות (מיקום שדות על המסמך)","button","",""
"לצאת בלי לשמור","src/components/editor/useUnsavedGuard.tsx","94","עורך שדות (מיקום שדות על המסמך)","button","",""
"ההגדרות נשמרו.","src/components/follow-up/FollowUpSettings.tsx","61","משימות המשך","success","","same text also at: src/components/projects/ProjectSettings.tsx:154, src/components/projects/SelfServiceSettings.tsx:82, src/components/settings/NotificationSettingsForm.tsx:54"
"נוצרו ${data.created} משימות.","src/components/follow-up/FollowUpSettings.tsx","89","משימות המשך","success","${data.created}","not in previous catalog"
"לא נוצרו משימות חדשות — לכולם כבר יש.","src/components/follow-up/FollowUpSettings.tsx","89","משימות המשך","success","","not in previous catalog"
"הפעולה נכשלה. נסו שוב.","src/components/follow-up/FollowUpSettings.tsx","91","משימות המשך","error","","same text also at: src/components/projects/DistributionsTab.tsx:62, src/components/projects/LeadsPanel.tsx:60, src/components/projects/LeadsPanel.tsx:66 (+2 more)"
"משימות המשך","src/components/follow-up/FollowUpSettings.tsx","101","משימות המשך","heading","","not in previous catalog"
"כאן קובעים אילו משימות ייפתחו לצוות אוטומטית אחרי כל חתימה.","src/components/follow-up/FollowUpSettings.tsx","102","משימות המשך","setting","","new 2026-09-07 UX pass"
"שמרו קודם את ההגדרות","src/components/follow-up/FollowUpSettings.tsx","120","משימות המשך","aria","","not in previous catalog"
"צור משימות למי שכבר חתם","src/components/follow-up/FollowUpSettings.tsx","121","משימות המשך","button","","not in previous catalog"
"לכל מי שחתם כבר יש משימה.","src/components/follow-up/FollowUpSettings.tsx","133","משימות המשך","setting","","not in previous catalog"
"ייווצרו ${preview.candidates} משימות.","src/components/follow-up/FollowUpSettings.tsx","133","משימות המשך","setting","${preview.candidates}","not in previous catalog"
"${preview.skipped} הרשמות בדיקה ידולגו.","src/components/follow-up/FollowUpSettings.tsx","134","משימות המשך","setting","${preview.skipped}","not in previous catalog; glossary: הרשמות"
"אישור","src/components/follow-up/FollowUpSettings.tsx","138","משימות המשך","button","","same text also at: src/components/signer/OtpStep.tsx:158, src/components/tags/BulkBar.tsx:245"
"לא הצלחנו לעדכן את המשימה.","src/components/follow-up/TaskBadge.tsx","46","משימות המשך","error","","not in previous catalog; same text also at: src/components/follow-up/TaskBadge.tsx:52"
"הקמת מוצר באתר","src/components/follow-up/TaskBadge.tsx","60","משימות המשך","aria","","not in previous catalog; same text also at: src/components/projects/AudienceTable.tsx:627, src/components/reports/RegistrationsTable.tsx:616, src/server/follow-up/labels.ts:7"
"סמן שהמוצר הוקם באתר","src/components/follow-up/TaskBadge.tsx","72","משימות המשך","aria","","not in previous catalog"
"✓ הוקם","src/components/follow-up/TaskBadge.tsx","74","משימות המשך","button","","not in previous catalog"
"למוצר","src/components/follow-up/TaskBadge.tsx","78","משימות המשך","button","","not in previous catalog"
"חתמו וטרם הוקמו","src/components/follow-up/TaskFilterChips.tsx","16","משימות המשך","other","","not in previous catalog"
"הקמה בטיפול","src/components/follow-up/TaskFilterChips.tsx","17","משימות המשך","other","","not in previous catalog"
"הוקמו באתר","src/components/follow-up/TaskFilterChips.tsx","18","משימות המשך","other","","not in previous catalog"
"סינון לפי הקמת המוצר","src/components/follow-up/TaskFilterChips.tsx","47","משימות המשך","aria","","not in previous catalog"
"נשמר.","src/components/follow-up/TaskPanel.tsx","51","משימות המשך","success","","same text also at: src/components/projects/AudienceTable.tsx:538, src/components/projects/CampaignStatusSetting.tsx:33, src/components/projects/MessagesSettings.tsx:177"
"כאן מעדכנים איפה ההקמה עומדת, מי מטפל ועד מתי.","src/components/follow-up/TaskPanel.tsx","62","משימות המשך","help","","new 2026-09-07 UX pass"
"מצב ההקמה","src/components/follow-up/TaskPanel.tsx","64","משימות המשך","heading","","not in previous catalog"
"מי מטפל","src/components/follow-up/TaskPanel.tsx","75","משימות המשך","label","","not in previous catalog"
"לא נבחר","src/components/follow-up/TaskPanel.tsx","77","משימות המשך","label","","same text also at: src/components/projects/CampaignSettings.tsx:119, src/components/projects/SelfServiceSettings.tsx:144"
"עד מתי","src/components/follow-up/TaskPanel.tsx","86","משימות המשך","label","","not in previous catalog"
"הערה","src/components/follow-up/TaskPanel.tsx","90","משימות המשך","label","","not in previous catalog; same text also at: src/components/tags/BulkBar.tsx:90, src/components/tags/BulkBar.tsx:193"
"קישור למוצר באתר","src/components/follow-up/TaskPanel.tsx","94","משימות המשך","label","","not in previous catalog"
"+ הוספת חברות","src/components/groups/AddCompaniesDialog.tsx","9","קבוצה → הוספת חברות","other","",""
"הוספת ספקים לפרויקט","src/components/groups/AddCompaniesDialog.tsx","73","קבוצה → הוספת חברות","heading","","glossary: ספקים"
"בחירת כל","src/components/groups/AddCompaniesDialog.tsx","114","קבוצה → הוספת חברות","label","",""
"התוצאות המוצגות","src/components/groups/AddCompaniesDialog.tsx","114","קבוצה → הוספת חברות","label","",""
"נבחרו {chosen.size}","src/components/groups/AddCompaniesDialog.tsx","157","קבוצה → הוספת חברות","other","{chosen.size}",""
"מוסיף…","src/components/groups/AddCompaniesDialog.tsx","164","קבוצה → הוספת חברות","button","",""
"הוספה (${chosen.size})","src/components/groups/AddCompaniesDialog.tsx","164","קבוצה → הוספת חברות","button","${chosen.size}",""
"נוספו ${data?.added ?? 0} חברות","src/components/groups/AddToGroupButton.tsx","33","הוספה לקבוצה","success","${data?.added ?? 0}",""
"ההוספה נכשלה.","src/components/groups/AddToGroupButton.tsx","33","הוספה לקבוצה","error","",""
"הוספה לפרויקט","src/components/groups/AddToGroupButton.tsx","54","הוספה לקבוצה","button","",""
"הוספת {companyIds.length} חברות לפרויקט","src/components/groups/AddToGroupButton.tsx","63","הוספה לקבוצה","other","{companyIds.length}",""
"אין פרויקטים עדיין.","src/components/groups/AddToGroupButton.tsx","69","הוספה לקבוצה","empty_state","",""
"לא הצלחנו להכין את הרשימה.","src/components/groups/BulkSendDialog.tsx","62","קבוצה → שליחה מרוכזת","error","",""
"שליחת הסכם לחתימה","src/components/groups/BulkSendDialog.tsx","127","קבוצה → שליחה מרוכזת","button","",""
"שליחת הסכם — {…}","src/components/groups/BulkSendDialog.tsx","140","קבוצה → שליחה מרוכזת","other","{…}","not in previous catalog"
"${restrictTo.length} נבחרות","src/components/groups/BulkSendDialog.tsx","141","קבוצה → שליחה מרוכזת","heading","${restrictTo.length}",""
"אין תבניות מוכנות לשימוש. שומרים מסמך כתבנית מעמוד המסמך, ומציבים עליה שדה חתימה.","src/components/groups/BulkSendDialog.tsx","152","קבוצה → שליחה מרוכזת","help","",""
"בחרו את התבנית שתישלח לכל ספק ברשימה.","src/components/groups/BulkSendDialog.tsx","156","קבוצה → שליחה מרוכזת","help","",""
"ייווצרו וישלחו <strong>{ready.length} מסמכים נפרדים</strong> — אחד לכל חברה, כל אחד משויך אליה. {…}{…}","src/components/groups/BulkSendDialog.tsx","183","קבוצה → שליחה מרוכזת","other","{ready.length} | {…} | {…}","not in previous catalog"
"{ready.length} מסמכים נפרדים","src/components/groups/BulkSendDialog.tsx","184","קבוצה → שליחה מרוכזת","other","{ready.length}",""
"{blocked.length} חברות לא יישלחו.","src/components/groups/BulkSendDialog.tsx","185","קבוצה → שליחה מרוכזת","other","{blocked.length}",""
"כל מסמך ימולא בנתונים של החברה שלו ({personalizedCount} שדות אישיים).","src/components/groups/BulkSendDialog.tsx","187","קבוצה → שליחה מרוכזת","other","{personalizedCount}",""
"חותם","src/components/groups/BulkSendDialog.tsx","197","קבוצה → שליחה מרוכזת","label","","same text also at: src/server/mail/catalog.ts:88, src/server/notifications/campaign-mail.ts:157, src/server/projects/messages.ts:158"
"יעד","src/components/groups/BulkSendDialog.tsx","198","קבוצה → שליחה מרוכזת","label","",""
"מצב","src/components/groups/BulkSendDialog.tsx","199","קבוצה → שליחה מרוכזת","label","",""
"מוכנה","src/components/groups/BulkSendDialog.tsx","219","קבוצה → שליחה מרוכזת","other","",""
"שולח {ready.length} מסמכים… זה עשוי לקחת מספר שניות.","src/components/groups/BulkSendDialog.tsx","232","קבוצה → שליחה מרוכזת","other","{ready.length}",""
"{result.sent} נשלחו","src/components/groups/BulkSendDialog.tsx","240","קבוצה → שליחה מרוכזת","other","{result.sent}",""
"{result.skipped} כבר נשלחו קודם ולא נשלחו שוב.","src/components/groups/BulkSendDialog.tsx","241","קבוצה → שליחה מרוכזת","other","{result.skipped}",""
"{result.failed.length} נכשלו","src/components/groups/BulkSendDialog.tsx","244","קבוצה → שליחה מרוכזת","error","{result.failed.length}",""
"נסה שוב רק את שנכשלו","src/components/groups/BulkSendDialog.tsx","256","קבוצה → שליחה מרוכזת","error","",""
"שליחת {ready.length} הסכמים","src/components/groups/BulkSendDialog.tsx","268","קבוצה → שליחה מרוכזת","other","{ready.length}","glossary: הסכמים"
"סיום","src/components/groups/BulkSendDialog.tsx","279","קבוצה → שליחה מרוכזת","button","","same text also at: src/components/groups/ExcelImportDialog.tsx:183"
"כל חברה מקבלת מסמך נפרד משלה.","src/components/groups/BulkSendDialog.tsx","282","קבוצה → שליחה מרוכזת","other","",""
"לא הצלחנו לקרוא את הקובץ.","src/components/groups/ExcelImportDialog.tsx","32","קבוצה → ייבוא מאקסל","error","","same text also at: src/components/groups/ExcelImportDialog.tsx:37"
"ייבוא מ-Excel","src/components/groups/ExcelImportDialog.tsx","77","קבוצה → ייבוא מאקסל","button","",""
"ייבוא מ-Excel{groupName ? ` — ${groupName}` : ''}","src/components/groups/ExcelImportDialog.tsx","92","קבוצה → ייבוא מאקסל","other","${groupName}",""
"הייבוא הושלם","src/components/groups/ExcelImportDialog.tsx","102","קבוצה → ייבוא מאקסל","help","",""
"נוצרו {done.created} · שויכו {done.linked} קיימות {…}","src/components/groups/ExcelImportDialog.tsx","103","קבוצה → ייבוא מאקסל","other","{done.created} | {done.linked} | {…}","not in previous catalog"
"· דולגו ${done.skipped}","src/components/groups/ExcelImportDialog.tsx","105","קבוצה → ייבוא מאקסל","help","${done.skipped}","not in previous catalog"
"1. הורידו את התבנית ומלאו אותה.","src/components/groups/ExcelImportDialog.tsx","111","קבוצה → ייבוא מאקסל","help","",""
"2. העלו את הקובץ — נציג לכם בדיוק מה ייווצר.","src/components/groups/ExcelImportDialog.tsx","112","קבוצה → ייבוא מאקסל","help","",""
"3. רק אז מאשרים.","src/components/groups/ExcelImportDialog.tsx","113","קבוצה → ייבוא מאקסל","help","",""
"הורדת תבנית Excel","src/components/groups/ExcelImportDialog.tsx","123","קבוצה → ייבוא מאקסל","button","",""
"קורא את הקובץ…","src/components/groups/ExcelImportDialog.tsx","136","קבוצה → ייבוא מאקסל","label","",""
"בחירת קובץ Excel","src/components/groups/ExcelImportDialog.tsx","136","קבוצה → ייבוא מאקסל","label","",""
".xlsx עד 5MB","src/components/groups/ExcelImportDialog.tsx","137","קבוצה → ייבוא מאקסל","label","",""
"{counts.new} חדשות","src/components/groups/ExcelImportDialog.tsx","143","קבוצה → ייבוא מאקסל","other","{counts.new}",""
"{counts.existing} כבר קיימות","src/components/groups/ExcelImportDialog.tsx","144","קבוצה → ייבוא מאקסל","other","{counts.existing}",""
"{counts.invalid} נדחו","src/components/groups/ExcelImportDialog.tsx","145","קבוצה → ייבוא מאקסל","other","{counts.invalid}",""
"שורה","src/components/groups/ExcelImportDialog.tsx","151","קבוצה → ייבוא מאקסל","label","",""
"מה יקרה","src/components/groups/ExcelImportDialog.tsx","154","קבוצה → ייבוא מאקסל","label","",""
"✅ תיווצר","src/components/groups/ExcelImportDialog.tsx","165","קבוצה → ייבוא מאקסל","other","",""
"⚠ כבר קיימת — נשתמש בקיימת{groupId ? ' ונוסיף לפרויקט' : ''}","src/components/groups/ExcelImportDialog.tsx","167","קבוצה → ייבוא מאקסל","label","{groupId ? ' ונוסיף לפרויקט' : ''}",""
"ונוסיף לפרויקט","src/components/groups/ExcelImportDialog.tsx","167","קבוצה → ייבוא מאקסל","other","","not in previous catalog"
"בחירת קובץ אחר","src/components/groups/ExcelImportDialog.tsx","187","קבוצה → ייבוא מאקסל","button","",""
"ייבוא ${counts.new + counts.existing} חברות","src/components/groups/ExcelImportDialog.tsx","194","קבוצה → ייבוא מאקסל","button","${counts.new + counts.existing}",""
"שום דבר לא נשמר עד שתאשרו.","src/components/groups/ExcelImportDialog.tsx","198","קבוצה → ייבוא מאקסל","other","",""
"בשליחה","src/components/groups/GroupWorkspace.tsx","23","קבוצה (סביבת עבודה)","other","","same text also at: src/lib/distributions.ts:28"
"לא נשלח","src/components/groups/GroupWorkspace.tsx","31","קבוצה (סביבת עבודה)","other","","same text also at: src/components/projects/AudienceTable.tsx:687"
"טרם נשלח","src/components/groups/GroupWorkspace.tsx","38","קבוצה (סביבת עבודה)","other","","same text also at: src/server/invitations/invitations.ts:525"
"חסרים פרטי נמען","src/components/groups/GroupWorkspace.tsx","42","קבוצה (סביבת עבודה)","help","","same text also at: src/server/groups/bulk-send.ts:210, src/server/groups/bulk-send.ts:211"
"להוציא ${selected.size} ספקים מהפרויקט? החברות עצמן לא יימחקו.","src/components/groups/GroupWorkspace.tsx","98","קבוצה (סביבת עבודה)","other","${selected.size}","glossary: ספקים"
"לשלוח תזכורת ל-${remindable.length} ספקים שממתינים לחתימה?","src/components/groups/GroupWorkspace.tsx","124","קבוצה (סביבת עבודה)","other","${remindable.length}","glossary: ספקים"
"שליחת התזכורות נכשלה.","src/components/groups/GroupWorkspace.tsx","135","קבוצה (סביבת עבודה)","error","",""
"נשלחו ${data.sent} תזכורות${data.failed > 0 ? ` · ${data.failed} נכשלו` : ''}","src/components/groups/GroupWorkspace.tsx","140","קבוצה (סביבת עבודה)","error","${data.sent} | ${data.failed > 0 ? ` · ${data.failed}",""
"· ${data.failed} נכשלו","src/components/groups/GroupWorkspace.tsx","140","קבוצה (סביבת עבודה)","error","${data.failed}","not in previous catalog"
"שליחת התזכורות נכשלה. נסו שוב.","src/components/groups/GroupWorkspace.tsx","145","קבוצה (סביבת עבודה)","error","",""
"צפייה בהסכם","src/components/groups/GroupWorkspace.tsx","159","קבוצה (סביבת עבודה)","button","","same text also at: src/components/projects/AgreementPanel.tsx:86, src/components/reports/RegistrationsTable.tsx:214, src/server/mail/templates.tsx:72"
"שליחת הסכם","src/components/groups/GroupWorkspace.tsx","169","קבוצה (סביבת עבודה)","dialog","",""
"ייצוא ל-Excel","src/components/groups/GroupWorkspace.tsx","183","קבוצה (סביבת עבודה)","button","","same text also at: src/components/reports/ProjectReportView.tsx:196, src/components/reports/ReportPanel.tsx:95"
"חיפוש בפרויקט","src/components/groups/GroupWorkspace.tsx","196","קבוצה (סביבת עבודה)","placeholder","",""
"סמנו ספקים כדי לבצע פעולה קבוצתית — שליחת הסכם, תזכורת או ייצוא.","src/components/groups/GroupWorkspace.tsx","218","קבוצה (סביבת עבודה)","help","","glossary: ספקים"
"ספק אחד נבחר","src/components/groups/GroupWorkspace.tsx","225","קבוצה (סביבת עבודה)","other","",""
"${selected.size} ספקים נבחרו","src/components/groups/GroupWorkspace.tsx","225","קבוצה (סביבת עבודה)","other","${selected.size}","glossary: ספקים"
"בחירת כל {companies.length} המוצגים","src/components/groups/GroupWorkspace.tsx","228","קבוצה (סביבת עבודה)","other","{companies.length}",""
"נקה בחירה","src/components/groups/GroupWorkspace.tsx","241","קבוצה (סביבת עבודה)","button","",""
"שלח הסכם ל-${selected.size}","src/components/groups/GroupWorkspace.tsx","252","קבוצה (סביבת עבודה)","dialog","${selected.size}",""
"שלח תזכורת ל-{remindable.length}","src/components/groups/GroupWorkspace.tsx","254","קבוצה (סביבת עבודה)","other","{remindable.length}",""
"ייצוא {selected.size} ל-Excel","src/components/groups/GroupWorkspace.tsx","262","קבוצה (סביבת עבודה)","other","{selected.size}",""
"הוצאה מהפרויקט","src/components/groups/GroupWorkspace.tsx","274","קבוצה (סביבת עבודה)","button","",""
"{remindable.length} מתוך {selected.size} יכולים לקבל תזכורת — תזכורת נשלחת רק למי שהסכם ממתין אצלו לחתימה.","src/components/groups/GroupWorkspace.tsx","278","קבוצה (סביבת עבודה)","other","{remindable.length} | {selected.size}",""
"לא נמצאו ספקים או לקוחות מתאימים","src/components/groups/GroupWorkspace.tsx","287","קבוצה (סביבת עבודה)","help","","not in previous catalog; glossary: ספקים, לקוחות"
"עדיין לא נוספו ספקים או לקוחות","src/components/groups/GroupWorkspace.tsx","287","קבוצה (סביבת עבודה)","help","","not in previous catalog; glossary: ספקים, לקוחות"
"נסו חיפוש אחר.","src/components/groups/GroupWorkspace.tsx","289","קבוצה (סביבת עבודה)","help","",""
"בחרו רשומות קיימות מתוך XTRA Sign או CRM כדי לצרף אותן לקמפיין.","src/components/groups/GroupWorkspace.tsx","289","קבוצה (סביבת עבודה)","help","","not in previous catalog; glossary: קמפיין, CRM, XTRA Sign"
"הוספת ספקים או לקוחות","src/components/groups/GroupWorkspace.tsx","293","קבוצה (סביבת עבודה)","dialog","","not in previous catalog; glossary: ספקים, לקוחות"
"אין פרטי איש קשר","src/components/groups/GroupWorkspace.tsx","317","קבוצה (סביבת עבודה)","label","",""
"בחירת כל התוצאות המוצגות","src/components/groups/GroupWorkspace.tsx","338","קבוצה (סביבת עבודה)","aria","",""
"בחירת כל הספקים","src/components/groups/GroupWorkspace.tsx","338","קבוצה (סביבת עבודה)","aria","","glossary: ספקים"
"סטטוס הסכם","src/components/groups/GroupWorkspace.tsx","345","קבוצה (סביבת עבודה)","label","",""
"פעולה","src/components/groups/GroupWorkspace.tsx","346","קבוצה (סביבת עבודה)","label","",""
"+ קמפיין חדש","src/components/groups/NewGroupButton.tsx","9","קבוצה חדשה","other","","glossary: קמפיין; same text also at: src/components/projects/NewCampaignWizard.tsx:103"
"קמפיין חתימות חדש","src/components/groups/NewGroupButton.tsx","66","קבוצה חדשה","heading","","glossary: קמפיין"
"{…} בקמפיין.","src/components/groups/NewGroupButton.tsx","68","קבוצה חדשה","other","{…}","glossary: קמפיין"
"חברה אחת תיכלל","src/components/groups/NewGroupButton.tsx","69","קבוצה חדשה","help","",""
"${companyIds.length} חברות ייכללו","src/components/groups/NewGroupButton.tsx","69","קבוצה חדשה","help","${companyIds.length}",""
"שם הקמפיין <span>*</span>","src/components/groups/NewGroupButton.tsx","74","קבוצה חדשה","label","","glossary: קמפיין"
"למשל: חודש התיירות 2026","src/components/groups/NewGroupButton.tsx","82","קבוצה חדשה","placeholder","",""
"הקמפיין מיועד ל־","src/components/groups/NewGroupButton.tsx","87","קבוצה חדשה","heading","","glossary: קמפיין"
"תיאור","src/components/groups/NewGroupButton.tsx","120","קבוצה חדשה","label","",""
"יצירת פרויקט","src/components/groups/NewGroupButton.tsx","137","קבוצה חדשה","button","",""
"הוסף כספק/לקוח","src/components/invitations/LinkCompanyPanel.tsx","14","קמפיין → הזמנות ומעקב","other","","not in previous catalog; same text also at: src/components/projects/AudienceTable.tsx:444"
"לא הצלחנו להוסיף.","src/components/invitations/LinkCompanyPanel.tsx","34","קמפיין → הזמנות ומעקב","error","","not in previous catalog"
"לא הצלחנו להוסיף. בדקו את החיבור לאינטרנט.","src/components/invitations/LinkCompanyPanel.tsx","37","קמפיין → הזמנות ומעקב","error","","not in previous catalog"
"ח.פ.","src/components/invitations/LinkCompanyPanel.tsx","43","קמפיין → הזמנות ומעקב","other","","same text also at: src/components/reports/RegistrationsTable.tsx:548, src/lib/message-template.ts:51, src/server/mail/catalog.ts:127 (+2 more)"
"נמצאו רשומות עם אותו {matchWord} — האם זה אותו עסק?","src/components/invitations/LinkCompanyPanel.tsx","50","קמפיין → הזמנות ומעקב","other","{matchWord}","not in previous catalog"
"כן, לקשר","src/components/invitations/LinkCompanyPanel.tsx","59","קמפיין → הזמנות ומעקב","button","","not in previous catalog"
"ספק חדש","src/components/invitations/LinkCompanyPanel.tsx","68","קמפיין → הזמנות ומעקב","button","","not in previous catalog"
"לקוח חדש","src/components/invitations/LinkCompanyPanel.tsx","71","קמפיין → הזמנות ומעקב","button","","not in previous catalog"
"נשמר ב-XTRA Sign בלבד. שום דבר לא נכתב ל-CRM.","src/components/invitations/LinkCompanyPanel.tsx","74","קמפיין → הזמנות ומעקב","help","","not in previous catalog; glossary: CRM, XTRA Sign"
"תצוגה מקדימה של המייל","src/components/mail/MailFrame.tsx","17","הגדרות → אימיילים (תצוגה מקדימה ושליחת בדיקה)","email_body","",""
"גודל תצוגה","src/components/mail/MailFrame.tsx","54","הגדרות → אימיילים (תצוגה מקדימה ושליחת בדיקה)","email_body","",""
"מחשב","src/components/mail/MailFrame.tsx","63","הגדרות → אימיילים (תצוגה מקדימה ושליחת בדיקה)","email_body","",""
"נייד","src/components/mail/MailFrame.tsx","63","הגדרות → אימיילים (תצוגה מקדימה ושליחת בדיקה)","email_body","",""
"תיבת סימון","src/components/projects/AgreementPanel.tsx","41","קמפיין → ההסכם","other","","same text also at: src/components/projects/FormBuilder.tsx:25, src/lib/fields.ts:25"
"ההסכם לחתימה","src/components/projects/AgreementPanel.tsx","63","קמפיין → ההסכם","heading","",""
"{agreement.readyCount} שדות מוכנים למילוי אוטומטי","src/components/projects/AgreementPanel.tsx","65","קמפיין → ההסכם","other","{agreement.readyCount}",""
"חסר מיפוי לשדות חובה: {…}. יש להגדיר אותם לפני השימוש.","src/components/projects/AgreementPanel.tsx","75","קמפיין → ההסכם","help","{…}",""
"לא זוהו שדות למילוי במסמך. יש להגדיר אותם לפני השימוש.","src/components/projects/AgreementPanel.tsx","81","קמפיין → ההסכם","error","","same text also at: src/components/projects/AgreementPanel.tsx:261"
"החלפת הסכם","src/components/projects/AgreementPanel.tsx","92","קמפיין → ההסכם","button","",""
"יש לבחור קובץ PDF.","src/components/projects/AgreementPanel.tsx","141","קמפיין → ההסכם","help","","same text also at: src/components/templates/TemplateUploadWizard.tsx:151"
"שמירת המיפוי נכשלה.","src/components/projects/AgreementPanel.tsx","182","קמפיין → ההסכם","error","",""
"שמירת המיפוי נכשלה. נסו שוב.","src/components/projects/AgreementPanel.tsx","187","קמפיין → ההסכם","error","",""
"ההפעלה נכשלה. בדקו את ההודעה למעלה.","src/components/projects/AgreementPanel.tsx","200","קמפיין → ההסכם","error","",""
"מיפוי שדות","src/components/projects/AgreementPanel.tsx","208","קמפיין → ההסכם","other","",""
"בדיקה והפעלה","src/components/projects/AgreementPanel.tsx","209","קמפיין → ההסכם","other","",""
"{…} החלפה משפיעה על הרשמות חדשות בלבד; הסכמים שכבר נוצרו נשארים כפי שהם.","src/components/projects/AgreementPanel.tsx","224","קמפיין → ההסכם","other","{…}","glossary: הרשמות, הסכמים"
"ההסכם הנוכחי ממשיך לשמש עד שההסכם החדש יופעל.","src/components/projects/AgreementPanel.tsx","225","קמפיין → ההסכם","help","","not in previous catalog"
"שם ההסכם","src/components/projects/AgreementPanel.tsx","232","קמפיין → ההסכם","placeholder","","same text also at: src/components/reports/RegistrationsTable.tsx:593"
"קובץ PDF של ההסכם","src/components/projects/AgreementPanel.tsx","239","קמפיין → ההסכם","aria","",""
"מעלה ומזהה שדות…","src/components/projects/AgreementPanel.tsx","245","קמפיין → ההסכם","button","","same text also at: src/components/templates/TemplateUploadWizard.tsx:161"
"העלאה וזיהוי שדות","src/components/projects/AgreementPanel.tsx","245","קמפיין → ההסכם","button","","same text also at: src/components/templates/TemplateUploadWizard.tsx:161"
"הגדרת שדות על המסמך","src/components/projects/AgreementPanel.tsx","265","קמפיין → ההסכם","button","",""
"זוהו {detected.length} שדות. לכל שדה, בחרו איזה פרט מההרשמה ימולא בו:","src/components/projects/AgreementPanel.tsx","274","קמפיין → ההסכם","other","{detected.length}",""
"ההצעות מסומנות מראש לפי שם השדה במסמך — אשרו או שנו אותן.","src/components/projects/AgreementPanel.tsx","275","קמפיין → ההסכם","help","",""
"{TYPE_LABELS[f.type] ?? f.type} · עמוד {f.page}","src/components/projects/AgreementPanel.tsx","281","קמפיין → ההסכם","other","{TYPE_LABELS[f.type] ?? f.type} | {f.page}",""
"תפקיד השדה ${f.name}","src/components/projects/AgreementPanel.tsx","288","קמפיין → ההסכם","aria","${f.name}",""
"— לא ממולא אוטומטית —","src/components/projects/AgreementPanel.tsx","291","קמפיין → ההסכם","label","","same text also at: src/components/templates/TemplateUploadWizard.tsx:192"
"אותו פרט נבחר ליותר משדה אחד: {duplicates.join(', ')}.","src/components/projects/AgreementPanel.tsx","303","קמפיין → ההסכם","other","{duplicates.join(', ')}",""
"שדות חובה שעדיין לא מופו: {…}.","src/components/projects/AgreementPanel.tsx","308","קמפיין → ההסכם","other","{…}","not in previous catalog"
"לא ימולאו אוטומטית: {missing.map((m) => m.label).join(', ')}.","src/components/projects/AgreementPanel.tsx","312","קמפיין → ההסכם","other","{missing.map((m) => m.label).join(', ')}","same text also at: src/components/projects/AgreementPanel.tsx:352"
"אישור המיפוי","src/components/projects/AgreementPanel.tsx","323","קמפיין → ההסכם","button","",""
"עריכת השדות על המסמך","src/components/projects/AgreementPanel.tsx","326","קמפיין → ההסכם","button","",""
"{name.trim() || 'ההסכם החדש'} · {detected.length} שדות, {chosen.filter(Boolean).length} מהם ימולאו אוטומטית.","src/components/projects/AgreementPanel.tsx","339","קמפיין → ההסכם","other","{name.trim() || 'ההסכם החדש'} | {detected.length} | {chosen.filter(Boolean).length}",""
"ההסכם החדש","src/components/projects/AgreementPanel.tsx","340","קמפיין → ההסכם","help","",""
"מפעיל…","src/components/projects/AgreementPanel.tsx","359","קמפיין → ההסכם","button","","same text also at: src/components/templates/TemplateUploadWizard.tsx:243"
"שמור והפעל","src/components/projects/AgreementPanel.tsx","359","קמפיין → ההסכם","button","","same text also at: src/components/settings/SecuritySettingsForm.tsx:235"
"חזרה למיפוי","src/components/projects/AgreementPanel.tsx","362","קמפיין → ההסכם","button","","same text also at: src/components/templates/TemplateUploadWizard.tsx:226"
"הוזמנו","src/components/projects/AudienceTable.tsx","25","קמפיין","other","","not in previous catalog; same text also at: src/server/invitations/invitations.ts:345"
"חתמו","src/components/projects/AudienceTable.tsx","28","קמפיין","other","","same text also at: src/components/projects/CampaignOverview.tsx:43, src/components/reports/ProjectReportView.tsx:212, src/server/invitations/invitations.ts:348 (+1 more)"
"הוזמן","src/components/projects/AudienceTable.tsx","31","קמפיין","other","","not in previous catalog; same text also at: src/components/projects/InviteDialog.tsx:16, src/server/invitations/invitations.ts:45"
"נרשם","src/components/projects/AudienceTable.tsx","32","קמפיין","other","","same text also at: src/components/projects/InviteDialog.tsx:16, src/components/reports/RegistrationsTable.tsx:43, src/components/reports/RegistrationsTable.tsx:353 (+3 more)"
"חתם","src/components/projects/AudienceTable.tsx","34","קמפיין","other","","same text also at: src/components/projects/CampaignOverview.tsx:33, src/components/projects/InviteDialog.tsx:16, src/components/reports/RegistrationsTable.tsx:52 (+1 more)"
"מעוניין","src/components/projects/AudienceTable.tsx","38","קמפיין","other","","not in previous catalog; same text also at: src/server/invitations/invitations.ts:52"
"לחזור אליו","src/components/projects/AudienceTable.tsx","39","קמפיין","other","","not in previous catalog; same text also at: src/server/invitations/invitations.ts:52"
"לא ענה","src/components/projects/AudienceTable.tsx","40","קמפיין","other","","not in previous catalog; same text also at: src/server/invitations/invitations.ts:52"
"לא מעוניין","src/components/projects/AudienceTable.tsx","41","קמפיין","other","","not in previous catalog; same text also at: src/server/invitations/invitations.ts:52"
"הזמנה","src/components/projects/AudienceTable.tsx","44","קמפיין","other","","not in previous catalog; same text also at: src/server/invitations/invitations.ts:521"
"קישור לחתימה","src/components/projects/AudienceTable.tsx","44","קמפיין","other","","same text also at: src/lib/message-template.ts:58, src/server/invitations/invitations.ts:521"
"הפצה","src/components/projects/AudienceTable.tsx","44","קמפיין","other","","glossary: הפצה; same text also at: src/lib/message-template.ts:75, src/server/invitations/invitations.ts:521"
"לא הצלחנו לבדוק את הזכאות.","src/components/projects/AudienceTable.tsx","77","קמפיין","error","","not in previous catalog"
"נשלחו ${sent} תזכורות. לא נשלחו: ${failed.join(' · ')}","src/components/projects/AudienceTable.tsx","109","קמפיין","success","${sent} | ${failed.join(' · ')}","not in previous catalog"
"נשלחו ${sent} תזכורות.","src/components/projects/AudienceTable.tsx","109","קמפיין","success","${sent}","same text also at: src/server/ai/tools/documents.ts:218"
"+ שליחת הזמנה","src/components/projects/AudienceTable.tsx","141","קמפיין","button","","not in previous catalog; same text also at: src/components/projects/AudienceTable.tsx:235"
"תצוגות","src/components/projects/AudienceTable.tsx","147","קמפיין","aria","","not in previous catalog"
"חיפוש לפי שם או טלפון","src/components/projects/AudienceTable.tsx","158","קמפיין","placeholder","","not in previous catalog"
"חיפוש בקהל","src/components/projects/AudienceTable.tsx","158","קמפיין","aria","","not in previous catalog"
"אחד לחזור אליו היום","src/components/projects/AudienceTable.tsx","167","קמפיין","help","","not in previous catalog"
"${dueToday} לחזור אליהם היום","src/components/projects/AudienceTable.tsx","167","קמפיין","help","${dueToday}","not in previous catalog"
"נבחרו {selected.size}","src/components/projects/AudienceTable.tsx","182","קמפיין","other","{selected.size}",""
"שלח תזכורת לנבחרים","src/components/projects/AudienceTable.tsx","184","קמפיין","button","","not in previous catalog"
"בחר את כל התואמים ({selectable.length})","src/components/projects/AudienceTable.tsx","187","קמפיין","other","{selectable.length}","not in previous catalog"
"ניתן לשלוח ל-<strong>{plan.eligible.length}</strong> מתוך {…}.","src/components/projects/AudienceTable.tsx","201","קמפיין","other","{plan.eligible.length} | {…}","not in previous catalog"
"{…} ב-SMS · {…} באימייל · לפי נוסח התזכורת של הקמפיין.","src/components/projects/AudienceTable.tsx","204","קמפיין","other","{…} | {…}","not in previous catalog; glossary: קמפיין"
"{plan.skipped.length} לא יקבלו — למה?","src/components/projects/AudienceTable.tsx","207","קמפיין","other","{plan.skipped.length}","not in previous catalog"
"שולחים…","src/components/projects/AudienceTable.tsx","219","קמפיין","button","","same text also at: src/components/projects/InviteDialog.tsx:260, src/components/quick-send/QuickSendDialog.tsx:321, src/components/signer/OtpStep.tsx:109"
"שלח ל-${plan.eligible.length}","src/components/projects/AudienceTable.tsx","219","קמפיין","button","${plan.eligible.length}","not in previous catalog"
"לא נמצא אף אחד בתצוגה הזו","src/components/projects/AudienceTable.tsx","231","קמפיין","help","","not in previous catalog"
"עדיין אין הזמנות או הרשמות למעקב","src/components/projects/AudienceTable.tsx","231","קמפיין","empty_state","","not in previous catalog; glossary: הרשמות"
"עדיין לא נשלחו הזמנות","src/components/projects/AudienceTable.tsx","231","קמפיין","help","","not in previous catalog"
"נסו תצוגה אחרת או חיפוש אחר.","src/components/projects/AudienceTable.tsx","232","קמפיין","help","","not in previous catalog"
"הזמנות מקמפיינים ושליחות ישירות יופיעו כאן ברגע שיישלחו.","src/components/projects/AudienceTable.tsx","232","קמפיין","help","","not in previous catalog"
"שלחו קישור אישי לספק או ללקוח, גם אם הוא עדיין אינו נמצא במערכת.","src/components/projects/AudienceTable.tsx","232","קמפיין","help","","not in previous catalog"
"בחירת ${row.name}","src/components/projects/AudienceTable.tsx","248","קמפיין","aria","${row.name}","not in previous catalog; same text also at: src/components/projects/AudienceTable.tsx:291"
"· לא שויך ב-CRM","src/components/projects/AudienceTable.tsx","298","קמפיין","other","","not in previous catalog; glossary: CRM"
"${label} נכשל.","src/components/projects/AudienceTable.tsx","365","קמפיין","error","${label}","not in previous catalog"
"${label} — בוצע.","src/components/projects/AudienceTable.tsx","374","קמפיין","other","${label}","not in previous catalog"
"${label} נכשל. בדקו את החיבור לאינטרנט.","src/components/projects/AudienceTable.tsx","378","קמפיין","error","${label}","not in previous catalog"
"פתיחת WhatsApp","src/components/projects/AudienceTable.tsx","385","קמפיין","other","","not in previous catalog; same text also at: src/components/quick-send/QuickSendDialog.tsx:321"
"שליחה ב-${CHANNEL_WORD[channel]}","src/components/projects/AudienceTable.tsx","385","קמפיין","other","${CHANNEL_WORD[channel]}","not in previous catalog"
"סומן כנשלח ב-WhatsApp.","src/components/projects/AudienceTable.tsx","398","קמפיין","other","","not in previous catalog"
"סומן כלא נשלח.","src/components/projects/AudienceTable.tsx","398","קמפיין","other","","not in previous catalog"
"WhatsApp נפתח עם ההודעה. ההודעה נשלחה?","src/components/projects/AudienceTable.tsx","408","קמפיין","help","","not in previous catalog; same text also at: src/components/quick-send/QuickSendDialog.tsx:274"
"כן, נשלחה","src/components/projects/AudienceTable.tsx","411","קמפיין","button","","not in previous catalog; same text also at: src/components/quick-send/QuickSendDialog.tsx:277"
"לא נשלחה","src/components/projects/AudienceTable.tsx","414","קמפיין","button","","not in previous catalog; same text also at: src/components/projects/InviteDialog.tsx:299, src/components/quick-send/QuickSendDialog.tsx:280"
"שלח שוב ב-SMS","src/components/projects/AudienceTable.tsx","438","קמפיין","other","","not in previous catalog; same text also at: src/components/projects/AudienceTable.tsx:580"
"שלח שוב במייל","src/components/projects/AudienceTable.tsx","439","קמפיין","other","","not in previous catalog; same text also at: src/components/projects/AudienceTable.tsx:585"
"פתח הסכם","src/components/projects/AudienceTable.tsx","443","קמפיין","other","","same text also at: src/components/projects/AudienceTable.tsx:602, src/components/reports/RegistrationsTable.tsx:214"
"פתח ספק/לקוח","src/components/projects/AudienceTable.tsx","444","קמפיין","other","","not in previous catalog"
"אין קישור לשיתוף.","src/components/projects/AudienceTable.tsx","526","קמפיין","other","","not in previous catalog"
"הקישור הועתק.","src/components/projects/AudienceTable.tsx","529","קמפיין","other","","not in previous catalog"
"הוזמן על ידי","src/components/projects/AudienceTable.tsx","555","קמפיין","label","","not in previous catalog"
"ספק/לקוח","src/components/projects/AudienceTable.tsx","561","קמפיין","label","","not in previous catalog"
"תזכורת ב-SMS","src/components/projects/AudienceTable.tsx","580","קמפיין","button","","not in previous catalog"
"תזכורת במייל","src/components/projects/AudienceTable.tsx","585","קמפיין","button","","not in previous catalog"
"העתק קישור לעותק","src/components/projects/AudienceTable.tsx","597","קמפיין","button","","not in previous catalog"
"העתק קישור המשך","src/components/projects/AudienceTable.tsx","597","קמפיין","button","","not in previous catalog"
"העתק שוב","src/components/projects/AudienceTable.tsx","611","קמפיין","dialog","","not in previous catalog"
"נוסף למאגר.","src/components/projects/AudienceTable.tsx","618","קמפיין","dialog","","not in previous catalog"
"אחראי לטיפול","src/components/projects/AudienceTable.tsx","638","קמפיין","label","","not in previous catalog"
"תאריך חזרה","src/components/projects/AudienceTable.tsx","649","קמפיין","label","","not in previous catalog"
"תוצאת השיחה","src/components/projects/AudienceTable.tsx","654","קמפיין","dialog","","not in previous catalog"
"הערה פנימית","src/components/projects/AudienceTable.tsx","665","קמפיין","label","","not in previous catalog"
"שומרים…","src/components/projects/AudienceTable.tsx","669","קמפיין","button","","not in previous catalog"
"שמירת המעקב","src/components/projects/AudienceTable.tsx","669","קמפיין","button","","not in previous catalog"
"היסטוריית שליחות","src/components/projects/AudienceTable.tsx","674","קמפיין","heading","","not in previous catalog"
"עדיין לא נשלחה הודעה.","src/components/projects/AudienceTable.tsx","678","קמפיין","dialog","","not in previous catalog"
"{EVENT_WORD[h.event] ?? h.event} ב-{CHANNEL_WORD[h.channel] ?? h.channel}<span>{h.to}</span>","src/components/projects/AudienceTable.tsx","683","קמפיין","help","{EVENT_WORD[h.event] ?? h.event} | {CHANNEL_WORD[h.channel] ?? h.channel} | {h.to}","not in previous catalog"
"סומן כנשלח","src/components/projects/AudienceTable.tsx","687","קמפיין","other","","not in previous catalog"
"נפתח, לא אושר","src/components/projects/AudienceTable.tsx","687","קמפיין","other","","not in previous catalog"
"מה ההבדל בין האפשרויות?","src/components/projects/CampaignComparison.tsx","12","קמפיין","button","","not in previous catalog"
"${l.data.name ?? 'הרשמה'} נרשם/ה","src/components/projects/CampaignOverview.tsx","30","קמפיין → סקירה","other","${l.data.name ?? 'הרשמה'}",""
"${c.name}: ${c.lastSend!.status === 'signed' ? 'חתם' : c.lastSend!.status === 'viewed' ? 'צפה בהסכם' : c.lastSend!.status === 'sent' ? 'נשלח הסכם' : c.lastSend!.status}","src/components/projects/CampaignOverview.tsx","33","קמפיין → סקירה","other","${c.name} | ${c.lastSend!.status === 'signed' ? 'חתם' : c.lastSend!.status === 'viewed' ? 'צפה בהסכם' : c.lastSend!.status === 'sent' ? 'נשלח הסכם' : c.lastSend!.status}",""
"צפה בהסכם","src/components/projects/CampaignOverview.tsx","33","קמפיין → סקירה","other","","same text also at: src/components/reports/RegistrationsTable.tsx:50, src/server/reports/project-report.ts:99, src/server/reports/registration-actions.ts:61"
"נשלח הסכם","src/components/projects/CampaignOverview.tsx","33","קמפיין → סקירה","other","",""
"נמענים","src/components/projects/CampaignOverview.tsx","41","קמפיין → סקירה","other","","glossary: נמענים; same text also at: src/components/projects/DistributionsTab.tsx:127, src/components/projects/ProjectsList.tsx:77, src/components/projects/ProjectsList.tsx:99"
"הפצה חדשה","src/components/projects/CampaignOverview.tsx","51","קמפיין → סקירה","button","","glossary: הפצה; same text also at: src/components/projects/DistributionWizard.tsx:206"
"פתח עמוד","src/components/projects/CampaignOverview.tsx","56","קמפיין → סקירה","button","","same text also at: src/components/projects/SelfServiceSettings.tsx:282"
"העתק קישור","src/components/projects/CampaignOverview.tsx","58","קמפיין → סקירה","other","","same text also at: src/components/projects/SelfServiceSettings.tsx:285, src/components/reports/RegistrationsTable.tsx:222, src/components/reports/RegistrationsTable.tsx:540"
"עדיין אין פעילות. {…}","src/components/projects/CampaignOverview.tsx","81","קמפיין → סקירה","empty_state","{…}",""
"שתפו את עמוד הקמפיין או צרו הפצה ראשונה.","src/components/projects/CampaignOverview.tsx","81","קמפיין → סקירה","help","","glossary: קמפיין, הפצה"
"הוסיפו נמענים בלשונית ""קהל"" ושלחו הסכם או הפצה.","src/components/projects/CampaignOverview.tsx","81","קמפיין → סקירה","help","","glossary: הפצה, נמענים"
"הגדרות הקמפיין נשמרו.","src/components/projects/CampaignSettings.tsx","77","קמפיין → הגדרות","success","","glossary: קמפיין"
"הקמפיין","src/components/projects/CampaignSettings.tsx","88","קמפיין → הגדרות","heading","","glossary: קמפיין"
"מה הקמפיין עושה","src/components/projects/CampaignSettings.tsx","91","קמפיין → הגדרות","label","","not in previous catalog; glossary: קמפיין"
"איך אנשים נכנסים","src/components/projects/CampaignSettings.tsx","99","קמפיין → הגדרות","label","","not in previous catalog"
"שינוי כאן משנה רק את המסלול והלשוניות. הרשמות והסכמים שכבר נוצרו נשארים כפי שהם.","src/components/projects/CampaignSettings.tsx","105","קמפיין → הגדרות","label","","not in previous catalog; glossary: הרשמות, הסכמים"
"בעלים","src/components/projects/CampaignSettings.tsx","108","קמפיין → הגדרות","label","",""
"— ללא —","src/components/projects/CampaignSettings.tsx","111","קמפיין → הגדרות","label","",""
"המשתמש שנבחר","src/components/projects/CampaignSettings.tsx","119","קמפיין → הגדרות","label","","same text also at: src/components/projects/SelfServiceSettings.tsx:144"
"תאריך התחלה","src/components/projects/CampaignSettings.tsx","123","קמפיין → הגדרות","label","","same text also at: src/lib/message-template.ts:55"
"תאריך סיום","src/components/projects/CampaignSettings.tsx","127","קמפיין → הגדרות","label","","same text also at: src/lib/message-template.ts:56"
"אפשר הרשמות גם לאחר תאריך הסיום","src/components/projects/CampaignSettings.tsx","133","קמפיין → הגדרות","label","","glossary: הרשמות"
"(בלי זה העמוד מציג ""ההרשמה לקמפיין הסתיימה"" מתאריך הסיום)","src/components/projects/CampaignSettings.tsx","134","קמפיין → הגדרות","label","","glossary: קמפיין"
"תוקף קישור לחתימה (ימים)","src/components/projects/CampaignSettings.tsx","138","קמפיין → הגדרות","label","",""
"חל על כל הסכם שהקמפיין שולח. תזכורת או שליחה חוזרת אינן מאריכות תוקף; חידוש קישור הוא פעולה מפורשת.","src/components/projects/CampaignSettings.tsx","140","קמפיין → הגדרות","label","","glossary: קמפיין"
"הסכם ברירת מחדל לשליחה","src/components/projects/CampaignSettings.tsx","143","קמפיין → הגדרות","label","",""
"— לבחור בכל שליחה —","src/components/projects/CampaignSettings.tsx","145","קמפיין → הגדרות","label","",""
"שמירת הקמפיין","src/components/projects/CampaignSettings.tsx","161","קמפיין → הגדרות","button","","glossary: קמפיין"
"סטטוס הקמפיין","src/components/projects/CampaignStatusSetting.tsx","46","קמפיין","heading","","not in previous catalog; glossary: קמפיין; same text also at: src/components/projects/CampaignStatusSetting.tsx:48"
"אפשר לסגור ולפתוח מחדש בכל רגע. סגירה עוצרת הרשמות חדשות בלבד; מסמכים חתומים נשארים זמינים.","src/components/projects/CampaignStatusSetting.tsx","47","קמפיין","help","","not in previous catalog; glossary: הרשמות"
"הודעה לאחר סיום הקמפיין","src/components/projects/CampaignStatusSetting.tsx","62","קמפיין","label","","not in previous catalog; glossary: קמפיין"
"מוצגת בעמוד הסיום במקום הטופס. ריק = הנוסח הכללי.","src/components/projects/CampaignStatusSetting.tsx","64","קמפיין","label","","not in previous catalog"
"שמירת ההודעה","src/components/projects/CampaignStatusSetting.tsx","67","קמפיין","button","","not in previous catalog"
"תצוגה מקדימה של עמוד הסיום","src/components/projects/CampaignStatusSetting.tsx","69","קמפיין","button","","not in previous catalog"
"מי שכבר נרשם יכול להשלים חתימה גם אחרי הסיום","src/components/projects/CampaignStatusSetting.tsx","78","קמפיין","label","","not in previous catalog"
"ברירת המחדל. בלי זה, אחרי הסיום קישורי חתימה פתוחים מציגים את עמוד הסיום; מסמכים שכבר נחתמו נשארים זמינים בכל מקרה.","src/components/projects/CampaignStatusSetting.tsx","79","קמפיין","label","","not in previous catalog"
"בוחרים את מי שיקבל את ההודעה; אפשר לחפש ולסמן כמה שרוצים.","src/components/projects/DistributionWizard.tsx","34","קמפיין → הפצות → אשף הפצה חדשה","other","","new 2026-09-07 UX pass"
"ההודעה תישלח בערוצים שתסמנו, רק למי שיש לו את פרט הקשר המתאים.","src/components/projects/DistributionWizard.tsx","35","קמפיין → הפצות → אשף הפצה חדשה","other","","new 2026-09-07 UX pass"
"כאן כותבים מה הנמענים יקבלו ולאן הקישור מוביל.","src/components/projects/DistributionWizard.tsx","36","קמפיין → הפצות → אשף הפצה חדשה","other","","new 2026-09-07 UX pass; glossary: נמענים"
"נותנים להפצה שם ומחליטים אם לשלוח עכשיו או לשמור כטיוטה.","src/components/projects/DistributionWizard.tsx","37","קמפיין → הפצות → אשף הפצה חדשה","other","","new 2026-09-07 UX pass; glossary: הפצה"
"בדקו שהכול נכון, שלחו בדיקה לעצמכם, ורק אז שלחו לקהל.","src/components/projects/DistributionWizard.tsx","38","קמפיין → הפצות → אשף הפצה חדשה","other","","new 2026-09-07 UX pass"
"הזינו טלפון או אימייל לבדיקה — הפרטים שלכם, לא של נמען.","src/components/projects/DistributionWizard.tsx","165","קמפיין → הפצות → אשף הפצה חדשה","help","",""
"שליחת הבדיקה נכשלה.","src/components/projects/DistributionWizard.tsx","175","קמפיין → הפצות → אשף הפצה חדשה","error","",""
"הודעת הבדיקה נשלחה. בדקו את הטלפון/האימייל שלכם.","src/components/projects/DistributionWizard.tsx","176","קמפיין → הפצות → אשף הפצה חדשה","success","",""
"שליחת הבדיקה נכשלה. נסו שוב.","src/components/projects/DistributionWizard.tsx","178","קמפיין → הפצות → אשף הפצה חדשה","error","",""
"השליחה נכשלה. נסו שוב.","src/components/projects/DistributionWizard.tsx","196","קמפיין → הפצות → אשף הפצה חדשה","error","","same text also at: src/components/projects/JoinForm.tsx:63, src/components/settings/EmailPreview.tsx:52, src/server/quick-send/quick-send.ts:127"
"שלבים","src/components/projects/DistributionWizard.tsx","207","קמפיין → הפצות → אשף הפצה חדשה","aria","","same text also at: src/components/projects/NewCampaignWizard.tsx:114, src/components/quick-send/QuickSendDialog.tsx:136, src/components/templates/TemplateUploadWizard.tsx:129"
"מאיפה לבחור נמענים?","src/components/projects/DistributionWizard.tsx","220","קמפיין → הפצות → אשף הפצה חדשה","heading","","glossary: נמענים"
"רשומות CRM מסונכרנות מקומית; הבחירה לא משנה דבר ב-Fireberry.","src/components/projects/DistributionWizard.tsx","235","קמפיין → הפצות → אשף הפצה חדשה","other","","glossary: CRM"
"חיפוש לפי שם, ח.פ., טלפון או אימייל","src/components/projects/DistributionWizard.tsx","237","קמפיין → הפצות → אשף הפצה חדשה","placeholder","",""
"${results.length} תוצאות","src/components/projects/DistributionWizard.tsx","239","קמפיין → הפצות → אשף הפצה חדשה","other","${results.length}",""
"בחר את כל התוצאות","src/components/projects/DistributionWizard.tsx","240","קמפיין → הפצות → אשף הפצה חדשה","button","",""
"לא נמצאו רשומות.","src/components/projects/DistributionWizard.tsx","253","קמפיין → הפצות → אשף הפצה חדשה","help","",""
"נבחרו <strong>{chosen.size}</strong> · עם טלפון {withPhone} · עם אימייל {withEmail}","src/components/projects/DistributionWizard.tsx","255","קמפיין → הפצות → אשף הפצה חדשה","other","{chosen.size} | {withPhone} | {withEmail}",""
"באילו ערוצים לשלוח?","src/components/projects/DistributionWizard.tsx","263","קמפיין → הפצות → אשף הפצה חדשה","heading","",""
"${withPhone} עם טלפון","src/components/projects/DistributionWizard.tsx","269","קמפיין → הפצות → אשף הפצה חדשה","label","${withPhone}",""
"${withEmail} עם אימייל","src/components/projects/DistributionWizard.tsx","269","קמפיין → הפצות → אשף הפצה חדשה","label","${withEmail}",""
"יגיעו ל-<strong>{reachable}</strong> מתוך {chosen.size} נמענים.{…}","src/components/projects/DistributionWizard.tsx","273","קמפיין → הפצות → אשף הפצה חדשה","other","{reachable} | {chosen.size} | {…}","glossary: נמענים"
"השאר יסומנו כ""דולגו"" — חסר להם פרט קשר לערוץ שנבחר.","src/components/projects/DistributionWizard.tsx","274","קמפיין → הפצות → אשף הפצה חדשה","help","","not in previous catalog"
"מה שולחים?","src/components/projects/DistributionWizard.tsx","282","קמפיין → הפצות → אשף הפצה חדשה","heading","",""
"לקמפיין הזה אין עמוד ציבורי.","src/components/projects/DistributionWizard.tsx","289","קמפיין → הפצות → אשף הפצה חדשה","button","","glossary: קמפיין"
"הודעת SMS","src/components/projects/DistributionWizard.tsx","305","קמפיין → הפצות → אשף הפצה חדשה","label","",""
"{smsInfo.chars} תווים · {smsInfo.segments}{…} (הערכה, {…})","src/components/projects/DistributionWizard.tsx","309","קמפיין → הפצות → אשף הפצה חדשה","other","{smsInfo.chars} | {smsInfo.segments} | {…} | {…}","not in previous catalog"
"הודעה","src/components/projects/DistributionWizard.tsx","309","קמפיין → הפצות → אשף הפצה חדשה","other","","same text also at: src/components/projects/MessagesSettings.tsx:155, src/server/invitations/invitations.ts:526"
"הודעות","src/components/projects/DistributionWizard.tsx","309","קמפיין → הפצות → אשף הפצה חדשה","other","","same text also at: src/components/projects/MessagesSettings.tsx:53, src/components/projects/MessagesSettings.tsx:155, src/components/projects/NotificationSettings.tsx:137 (+1 more)"
"עברית","src/components/projects/DistributionWizard.tsx","309","קמפיין → הפצות → אשף הפצה חדשה","other","",""
"לטינית","src/components/projects/DistributionWizard.tsx","309","קמפיין → הפצות → אשף הפצה חדשה","other","",""
"חסר {'{{campaign_url}}'}","src/components/projects/DistributionWizard.tsx","310","קמפיין → הפצות → אשף הפצה חדשה","help","{{campaign_url}}","not in previous catalog"
"נושא האימייל","src/components/projects/DistributionWizard.tsx","322","קמפיין → הפצות → אשף הפצה חדשה","label","",""
"גוף האימייל","src/components/projects/DistributionWizard.tsx","326","קמפיין → הפצות → אשף הפצה חדשה","label","",""
"טקסט הכפתור","src/components/projects/DistributionWizard.tsx","335","קמפיין → הפצות → אשף הפצה חדשה","label","","same text also at: src/components/projects/MessagesSettings.tsx:171"
"הכפתור מוביל אל: <span>{targetUrl || '—'}</span>","src/components/projects/DistributionWizard.tsx","338","קמפיין → הפצות → אשף הפצה חדשה","other","{targetUrl || '—'}",""
"שם ההפצה <span>*</span>","src/components/projects/DistributionWizard.tsx","347","קמפיין → הפצות → אשף הפצה חדשה","label","","glossary: הפצה"
"למשל: הזמנה ראשונה לספקים","src/components/projects/DistributionWizard.tsx","348","קמפיין → הפצות → אשף הפצה חדשה","placeholder","","glossary: ספקים"
"מתי?","src/components/projects/DistributionWizard.tsx","351","קמפיין → הפצות → אשף הפצה חדשה","heading","",""
"לשלוח עכשיו, מיד אחרי הבדיקה","src/components/projects/DistributionWizard.tsx","355","קמפיין → הפצות → אשף הפצה חדשה","label","",""
"לשמור כטיוטה ולשלוח מאוחר יותר מרשימת ההפצות","src/components/projects/DistributionWizard.tsx","359","קמפיין → הפצות → אשף הפצה חדשה","label","",""
"נמען שקיבל מאיתנו הודעה ב-{MIN_HOURS_BETWEEN_SENDS} השעות האחרונות ידולג, אלא אם מנהל יאשר אחרת בשלב הבא.","src/components/projects/DistributionWizard.tsx","363","קמפיין → הפצות → אשף הפצה חדשה","other","{MIN_HOURS_BETWEEN_SENDS}",""
"קהל","src/components/projects/DistributionWizard.tsx","371","קמפיין → הפצות → אשף הפצה חדשה","label","","same text also at: src/components/projects/NewCampaignWizard.tsx:26, src/lib/campaigns.ts:138, src/lib/distributions.ts:14"
"{chosen.size}{…} · יגיעו ל-{reachable}","src/components/projects/DistributionWizard.tsx","371","קמפיין → הפצות → אשף הפצה חדשה","other","{chosen.size} | {…} | {reachable}","not in previous catalog"
"ערוצים","src/components/projects/DistributionWizard.tsx","372","קמפיין → הפצות → אשף הפצה חדשה","label","","same text also at: src/lib/distributions.ts:15"
"מתי","src/components/projects/DistributionWizard.tsx","374","קמפיין → הפצות → אשף הפצה חדשה","label","",""
"עכשיו","src/components/projects/DistributionWizard.tsx","374","קמפיין → הפצות → אשף הפצה חדשה","help","",""
"אימייל · {email.subject}","src/components/projects/DistributionWizard.tsx","377","קמפיין → הפצות → אשף הפצה חדשה","other","{email.subject}",""
"שליחת בדיקה אליכם","src/components/projects/DistributionWizard.tsx","379","קמפיין → הפצות → אשף הפצה חדשה","heading","","same text also at: src/components/projects/MessagesSettings.tsx:182"
"הטלפון שלכם","src/components/projects/DistributionWizard.tsx","381","קמפיין → הפצות → אשף הפצה חדשה","placeholder","","same text also at: src/components/projects/MessagesSettings.tsx:184"
"טלפון לבדיקה","src/components/projects/DistributionWizard.tsx","381","קמפיין → הפצות → אשף הפצה חדשה","aria","","same text also at: src/components/projects/MessagesSettings.tsx:184"
"האימייל שלכם","src/components/projects/DistributionWizard.tsx","382","קמפיין → הפצות → אשף הפצה חדשה","placeholder","","same text also at: src/components/projects/MessagesSettings.tsx:185"
"אימייל לבדיקה","src/components/projects/DistributionWizard.tsx","382","קמפיין → הפצות → אשף הפצה חדשה","aria","","same text also at: src/components/projects/MessagesSettings.tsx:185"
"שולח בדיקה…","src/components/projects/DistributionWizard.tsx","384","קמפיין → הפצות → אשף הפצה חדשה","button","",""
"שלח בדיקה","src/components/projects/DistributionWizard.tsx","384","קמפיין → הפצות → אשף הפצה חדשה","button","","same text also at: src/components/projects/MessagesSettings.tsx:187"
"הבדיקה נשלחת רק לפרטים שהזנתם כאן ומסומנת כבדיקה. הקהל לא מקבל דבר.","src/components/projects/DistributionWizard.tsx","385","קמפיין → הפצות → אשף הפצה חדשה","help","",""
"לשלוח גם למי שקיבל הודעה ב-","src/components/projects/DistributionWizard.tsx","390","קמפיין → הפצות → אשף הפצה חדשה","label","",""
"השעות האחרונות (נרשם ביומן הביקורת)","src/components/projects/DistributionWizard.tsx","390","קמפיין → הפצות → אשף הפצה חדשה","label","",""
"שלח ל-${reachable} נמענים","src/components/projects/DistributionWizard.tsx","406","קמפיין → הפצות → אשף הפצה חדשה","button","${reachable}","glossary: נמענים"
"שמור כטיוטה","src/components/projects/DistributionWizard.tsx","406","קמפיין → הפצות → אשף הפצה חדשה","button","",""
"טעינת ההפצות נכשלה.","src/components/projects/DistributionsTab.tsx","41","קמפיין → הפצות","error","",""
"נשלח ל-${data.stats.sent} נמענים${data.stats.failed ? `, ${data.stats.failed} נכשלו` : ''}${data.skippedRecent ? `, ${data.skippedRecent} דולגו (נשלח להם לאחרונה)` : ''}.","src/components/projects/DistributionsTab.tsx","59","קמפיין → הפצות","error","${data.stats.sent} | ${data.stats.failed ? `, ${data.stats.failed} | ${data.skippedRecent ? `, ${data.skippedRecent}","glossary: נמענים"
", ${data.stats.failed} נכשלו","src/components/projects/DistributionsTab.tsx","59","קמפיין → הפצות","error","${data.stats.failed}",""
", ${data.skippedRecent} דולגו (נשלח להם לאחרונה)","src/components/projects/DistributionsTab.tsx","59","קמפיין → הפצות","success","${data.skippedRecent}",""
"<span>+</span>הפצה חדשה","src/components/projects/DistributionsTab.tsx","69","קמפיין → הפצות","other","","glossary: הפצה"
"ההפצה נשלחה.","src/components/projects/DistributionsTab.tsx","84","קמפיין → הפצות","success","","glossary: הפצה"
"ההפצה נשמרה כטיוטה.","src/components/projects/DistributionsTab.tsx","84","קמפיין → הפצות","success","","glossary: הפצה"
"נסו שוב","src/components/projects/DistributionsTab.tsx","94","קמפיין → הפצות","error","","same text also at: src/components/projects/MessagesSettings.tsx:58"
"טוען הפצות…","src/components/projects/DistributionsTab.tsx","99","קמפיין → הפצות","other","",""
"עדיין אין הפצות","src/components/projects/DistributionsTab.tsx","102","קמפיין → הפצות","heading","",""
"כשתשלחו SMS או אימייל לקהל שבחרתם{…}, ההפצה תופיע כאן עם מי קיבל ומי לא.","src/components/projects/DistributionsTab.tsx","103","קמפיין → הפצות","other","{…}","new 2026-09-07 UX pass; glossary: הפצה"
"עם הקישור לעמוד הקמפיין","src/components/projects/DistributionsTab.tsx","104","קמפיין → הפצות","help","","new 2026-09-07 UX pass; glossary: קמפיין"
"{items.length} הפצות","src/components/projects/DistributionsTab.tsx","111","קמפיין → הפצות","other","{items.length}",""
"נשלחו","src/components/projects/DistributionsTab.tsx","128","קמפיין → הפצות","label","","same text also at: src/components/reports/ReportPanel.tsx:40, src/components/reports/ReportPanel.tsx:115"
"נכשלו","src/components/projects/DistributionsTab.tsx","129","קמפיין → הפצות","error","",""
"דולגו","src/components/projects/DistributionsTab.tsx","130","קמפיין → הפצות","label","",""
"נתוני מסירה ופתיחה מ-Inforu: הנתון עדיין לא זמין.","src/components/projects/DistributionsTab.tsx","132","קמפיין → הפצות","help","",""
"שלח עכשיו","src/components/projects/DistributionsTab.tsx","135","קמפיין → הפצות","button","",""
"מחק טיוטה","src/components/projects/DistributionsTab.tsx","136","קמפיין → הפצות","button","",""
"טקסט קצר","src/components/projects/FormBuilder.tsx","17","קמפיין → טופס ההצטרפות (בונה טפסים)","other","",""
"טקסט ארוך","src/components/projects/FormBuilder.tsx","18","קמפיין → טופס ההצטרפות (בונה טפסים)","other","",""
"בחירה מרשימה","src/components/projects/FormBuilder.tsx","23","קמפיין → טופס ההצטרפות (בונה טפסים)","other","","same text also at: src/lib/fields.ts:26"
"בחירה מרובה","src/components/projects/FormBuilder.tsx","24","קמפיין → טופס ההצטרפות (בונה טפסים)","other","",""
"למחוק את השדה מהטופס? פניות שכבר התקבלו ישמרו את התשובה.","src/components/projects/FormBuilder.tsx","57","קמפיין → טופס ההצטרפות (בונה טפסים)","other","",""
"· ממלא את כרטיס הספק","src/components/projects/FormBuilder.tsx","77","קמפיין → טופס ההצטרפות (בונה טפסים)","other","","not in previous catalog"
"· מוסתר","src/components/projects/FormBuilder.tsx","78","קמפיין → טופס ההצטרפות (בונה טפסים)","other","","not in previous catalog"
"העברת ${field.label} למעלה","src/components/projects/FormBuilder.tsx","82","קמפיין → טופס ההצטרפות (בונה טפסים)","aria","${field.label}",""
"העברת ${field.label} למטה","src/components/projects/FormBuilder.tsx","85","קמפיין → טופס ההצטרפות (בונה טפסים)","aria","${field.label}",""
"הצגת ${field.label}","src/components/projects/FormBuilder.tsx","88","קמפיין → טופס ההצטרפות (בונה טפסים)","aria","${field.label}",""
"הסתרת ${field.label}","src/components/projects/FormBuilder.tsx","88","קמפיין → טופס ההצטרפות (בונה טפסים)","aria","${field.label}",""
"עריכת ${field.label}","src/components/projects/FormBuilder.tsx","91","קמפיין → טופס ההצטרפות (בונה טפסים)","aria","${field.label}",""
"מחיקת ${field.label}","src/components/projects/FormBuilder.tsx","95","קמפיין → טופס ההצטרפות (בונה טפסים)","aria","${field.label}",""
"כך הטופס ייראה לספק:","src/components/projects/FormBuilder.tsx","107","קמפיין → טופס ההצטרפות (בונה טפסים)","help","",""
"שליחת הפרטים","src/components/projects/FormBuilder.tsx","115","קמפיין → טופס ההצטרפות (בונה טפסים)","button","","same text also at: src/components/projects/JoinForm.tsx:129"
"עורך הטופס","src/components/projects/FormBuilder.tsx","124","קמפיין → טופס ההצטרפות (בונה טפסים)","aria","",""
"הוסף שדה","src/components/projects/FormBuilder.tsx","155","קמפיין → טופס ההצטרפות (בונה טפסים)","button","",""
"הוספת שדה","src/components/projects/FormBuilder.tsx","197","קמפיין → טופס ההצטרפות (בונה טפסים)","aria","",""
"איזה שדה להוסיף?","src/components/projects/FormBuilder.tsx","199","קמפיין → טופס ההצטרפות (בונה טפסים)","heading","",""
"פרטי ספק — ימלאו את כרטיס הספק אוטומטית באישור הליד","src/components/projects/FormBuilder.tsx","203","קמפיין → טופס ההצטרפות (בונה טפסים)","help","",""
"שדה מותאם אישית — נשמר עם הליד ומוצג בכרטיס שלו","src/components/projects/FormBuilder.tsx","219","קמפיין → טופס ההצטרפות (בונה טפסים)","help","",""
"עריכת שדה","src/components/projects/FormBuilder.tsx","266","קמפיין → טופס ההצטרפות (בונה טפסים)","aria","",""
"עריכת שדה — {TYPE_LABELS[field.type]}","src/components/projects/FormBuilder.tsx","287","קמפיין → טופס ההצטרפות (בונה טפסים)","other","{TYPE_LABELS[field.type]}",""
"שדה פרטי ספק: התשובה תמלא את כרטיס הספק אוטומטית באישור הליד.","src/components/projects/FormBuilder.tsx","289","קמפיין → טופס ההצטרפות (בונה טפסים)","help","",""
"כותרת השדה <span>*</span>","src/components/projects/FormBuilder.tsx","293","קמפיין → טופס ההצטרפות (בונה טפסים)","label","",""
"טקסט ברירת המחדל","src/components/projects/FormBuilder.tsx","299","קמפיין → טופס ההצטרפות (בונה טפסים)","label","",""
"Placeholder (רשות)","src/components/projects/FormBuilder.tsx","299","קמפיין → טופס ההצטרפות (בונה טפסים)","label","",""
"טקסט עזרה (רשות)","src/components/projects/FormBuilder.tsx","305","קמפיין → טופס ההצטרפות (בונה טפסים)","label","",""
"אפשרויות — אחת בכל שורה <span>*</span>","src/components/projects/FormBuilder.tsx","311","קמפיין → טופס ההצטרפות (בונה טפסים)","label","",""
"שמירת השדה","src/components/projects/FormBuilder.tsx","323","קמפיין → טופס ההצטרפות (בונה טפסים)","button","",""
"בחירה…","src/components/projects/FormRenderer.tsx","124","עמוד ציבורי: טופס הצטרפות","label","",""
"הזינו שם.","src/components/projects/InviteDialog.tsx","72","קמפיין","help","","not in previous catalog; same text also at: src/components/quick-send/QuickSendDialog.tsx:77"
"הזינו כתובת אימייל.","src/components/projects/InviteDialog.tsx","73","קמפיין","help","","not in previous catalog"
"הזינו מספר טלפון נייד.","src/components/projects/InviteDialog.tsx","74","קמפיין","help","","not in previous catalog"
"בחרו אם זה ספק או לקוח.","src/components/projects/InviteDialog.tsx","75","קמפיין","help","","not in previous catalog; same text also at: src/server/invitations/invitations.ts:172"
"לא הצלחנו ליצור את ההזמנה.","src/components/projects/InviteDialog.tsx","85","קמפיין","error","","not in previous catalog"
"לא הצלחנו לשלוח. בדקו את החיבור לאינטרנט.","src/components/projects/InviteDialog.tsx","97","קמפיין","error","","not in previous catalog"
"שליחת הזמנה","src/components/projects/InviteDialog.tsx","157","קמפיין","heading","","not in previous catalog; same text also at: src/components/reports/ProjectReportView.tsx:118"
"ההודעה נשלחה ב-WhatsApp?","src/components/projects/InviteDialog.tsx","157","קמפיין","heading","","not in previous catalog"
"ההזמנה נשלחה","src/components/projects/InviteDialog.tsx","157","קמפיין","heading","","not in previous catalog"
"שם העסק או איש הקשר","src/components/projects/InviteDialog.tsx","174","קמפיין","label","","not in previous catalog"
"ספק או לקוח","src/components/projects/InviteDialog.tsx","178","קמפיין","aria","","not in previous catalog; same text also at: src/components/quick-send/QuickSendDialog.tsx:205"
"דרך שליחה","src/components/projects/InviteDialog.tsx","195","קמפיין","aria","","not in previous catalog"
"כתובת אימייל","src/components/projects/InviteDialog.tsx","213","קמפיין","label","","not in previous catalog"
"ההודעה תישלח ב-SMS בלבד. אפשר לשלוח שוב בערוץ אחר מתוך פרטי ההזמנה.","src/components/projects/InviteDialog.tsx","224","קמפיין","help","","not in previous catalog"
"WhatsApp ייפתח אצלכם עם ההודעה מוכנה. אחרי השליחה תאשרו כאן שההודעה יצאה.","src/components/projects/InviteDialog.tsx","226","קמפיין","help","","not in previous catalog"
"ההודעה תישלח באימייל בלבד. אפשר לשלוח שוב בערוץ אחר מתוך פרטי ההזמנה.","src/components/projects/InviteDialog.tsx","227","קמפיין","help","","not in previous catalog"
"כבר בקמפיין:","src/components/projects/InviteDialog.tsx","232","קמפיין","help","","not in previous catalog; glossary: קמפיין"
"{e.name || 'ללא שם'} · {STATUS_WORD[e.status] ?? e.status} · לפי {…}","src/components/projects/InviteDialog.tsx","236","קמפיין","help","{e.name || 'ללא שם'} | {STATUS_WORD[e.status] ?? e.status} | {…}","not in previous catalog"
"ללא שם","src/components/projects/InviteDialog.tsx","237","קמפיין","other","","not in previous catalog"
"זה מישהו אחר — המשך כהזמנה חדשה","src/components/projects/InviteDialog.tsx","248","קמפיין","button","","not in previous catalog"
"שלח הזמנה ב-SMS","src/components/projects/InviteDialog.tsx","260","קמפיין","button","","not in previous catalog"
"המשך ל-WhatsApp","src/components/projects/InviteDialog.tsx","260","קמפיין","button","","not in previous catalog"
"שלח הזמנה באימייל","src/components/projects/InviteDialog.tsx","260","קמפיין","button","","not in previous catalog"
"✓ ההזמנה נשלחה אל {name || 'הנמען'}.","src/components/projects/InviteDialog.tsx","268","קמפיין","other","{name || 'הנמען'}","not in previous catalog"
"הנמען","src/components/projects/InviteDialog.tsx","268","קמפיין","help","","not in previous catalog"
"ההזמנה נשמרה, אבל ההודעה לא יצאה: {result.sendMessage ?? 'השליחה נכשלה.'} אפשר לשלוח שוב מהרשימה.","src/components/projects/InviteDialog.tsx","270","קמפיין","error","{result.sendMessage ?? 'השליחה נכשלה.'}","not in previous catalog"
"קישור אישי: <span>{result.link}</span>","src/components/projects/InviteDialog.tsx","275","קמפיין","other","{result.link}","not in previous catalog"
"הזמנה נוספת","src/components/projects/InviteDialog.tsx","281","קמפיין","button","","not in previous catalog; same text also at: src/components/projects/InviteDialog.tsx:312"
"WhatsApp נפתח עם ההודעה מוכנה. אחרי שלחצתם שם על שליחה, סמנו כאן מה קרה:","src/components/projects/InviteDialog.tsx","292","קמפיין","help","","not in previous catalog"
"כן, ההודעה נשלחה","src/components/projects/InviteDialog.tsx","296","קמפיין","button","","not in previous catalog"
"✓ סומן כנשלח.","src/components/projects/InviteDialog.tsx","304","קמפיין","help","","not in previous catalog; same text also at: src/components/quick-send/QuickSendDialog.tsx:288"
"סומן כלא נשלח. אפשר לנסות שוב מהרשימה.","src/components/projects/InviteDialog.tsx","304","קמפיין","help","","not in previous catalog"
"WhatsApp לא נפתח? לחצו כאן","src/components/projects/InviteDialog.tsx","308","קמפיין","button","","not in previous catalog; same text also at: src/components/quick-send/QuickSendDialog.tsx:284"
"השליחה נכשלה. בדקו את החיבור לאינטרנט ונסו שוב.","src/components/projects/JoinForm.tsx","72","עמוד ציבורי: טופס הצטרפות","error","",""
"שם החברה","src/components/projects/LeadsPanel.tsx","19","קמפיין → הרשמות / לידים","other","","same text also at: src/lib/canvas/bindings.ts:11, src/lib/message-template.ts:50, src/server/documents/personalization.ts:23 (+2 more)"
"עיר","src/components/projects/LeadsPanel.tsx","25","קמפיין → הרשמות / לידים","other","","same text also at: src/server/projects/form-schema.ts:51, src/server/projects/form-schema.ts:68"
"טופס XTRA Sign","src/components/projects/LeadsPanel.tsx","34","קמפיין → הרשמות / לידים","other","","glossary: XTRA Sign"
"טופס מוטמע","src/components/projects/LeadsPanel.tsx","35","קמפיין → הרשמות / לידים","other","",""
"עדיין אין לידים","src/components/projects/LeadsPanel.tsx","84","קמפיין → הרשמות / לידים","empty_state","",""
"כשספק ימלא את טופס ההצטרפות של הפרויקט, הפרטים שלו יופיעו כאן לאישור. את הטופס מפעילים בלשונית ההגדרות.","src/components/projects/LeadsPanel.tsx","86","קמפיין → הרשמות / לידים","help","",""
"חדש","src/components/projects/LeadsPanel.tsx","109","קמפיין → הרשמות / לידים","other","","same text also at: src/components/projects/ProjectsList.tsx:44"
"התקבל {…} · {…}{…}","src/components/projects/LeadsPanel.tsx","125","קמפיין → הרשמות / לידים","other","{…} | {…} | {…}","not in previous catalog"
"נראה שהחברה כבר קיימת במערכת: <strong>{lead.duplicate.name}</strong>","src/components/projects/LeadsPanel.tsx","135","קמפיין → הרשמות / לידים","other","{lead.duplicate.name}",""
"שלח הסכם לחתימה","src/components/projects/LeadsPanel.tsx","146","קמפיין → הרשמות / לידים","button","",""
"קשר לחברה הקיימת","src/components/projects/LeadsPanel.tsx","157","קמפיין → הרשמות / לידים","button","",""
"מאשר…","src/components/projects/LeadsPanel.tsx","166","קמפיין → הרשמות / לידים","button","",""
"אשר והפוך לספק","src/components/projects/LeadsPanel.tsx","166","קמפיין → הרשמות / לידים","button","",""
"ערוך","src/components/projects/LeadsPanel.tsx","174","קמפיין → הרשמות / לידים","button","",""
"לדחות את הליד? הפרטים יישמרו אך לא ייווצר ספק.","src/components/projects/LeadsPanel.tsx","180","קמפיין → הרשמות / לידים","button","",""
"דחה","src/components/projects/LeadsPanel.tsx","184","קמפיין → הרשמות / לידים","button","","same text also at: src/components/reports/RegistrationsTable.tsx:212"
"אין לידים חדשים לטיפול.","src/components/projects/LeadsPanel.tsx","202","קמפיין → הרשמות / לידים","help","",""
"לידים שטופלו ({reviewed.length})","src/components/projects/LeadsPanel.tsx","208","קמפיין → הרשמות / לידים","other","{reviewed.length}",""
"אושר · לספק","src/components/projects/LeadsPanel.tsx","222","קמפיין → הרשמות / לידים","button","",""
"הרשמה עצמאית · להסכם","src/components/projects/LeadsPanel.tsx","226","קמפיין → הרשמות / לידים","button","",""
"הרשמה בעיבוד","src/components/projects/LeadsPanel.tsx","230","קמפיין → הרשמות / לידים","other","",""
"הרשמה נכשלה","src/components/projects/LeadsPanel.tsx","234","קמפיין → הרשמות / לידים","error","",""
"עריכת פרטי הליד","src/components/projects/LeadsPanel.tsx","304","קמפיין → הרשמות / לידים","heading","",""
"טעינת ההודעות נכשלה.","src/components/projects/MessagesSettings.tsx","43","קמפיין → הגדרות → הודעות","error","",""
"מה הקמפיין אומר בכל שלב. בלי שינוי, המערכת משתמשת בנוסח שלה.","src/components/projects/MessagesSettings.tsx","54","קמפיין → הגדרות → הודעות","setting","","glossary: קמפיין"
"קוד אימות (OTP) <span>נשלט על ידי המערכת</span>","src/components/projects/MessagesSettings.tsx","68","קמפיין → הגדרות → הודעות","setting","",""
"נשלט על ידי המערכת","src/components/projects/MessagesSettings.tsx","70","קמפיין → הגדרות → הודעות","setting","","not in previous catalog"
"נוסח קבוע, בפורמט שמאפשר מילוי אוטומטי של הקוד בטלפון. אינו ניתן לעריכה.","src/components/projects/MessagesSettings.tsx","73","קמפיין → הגדרות → הודעות","setting","",""
"מותאם לקמפיין","src/components/projects/MessagesSettings.tsx","144","קמפיין → הגדרות → הודעות","button","","glossary: קמפיין"
"ברירת מחדל","src/components/projects/MessagesSettings.tsx","144","קמפיין → הגדרות → הודעות","button","",""
"{smsInfo.chars} תווים · {smsInfo.segments}{…} (הערכה)","src/components/projects/MessagesSettings.tsx","155","קמפיין → הגדרות → הודעות","setting","{smsInfo.chars} | {smsInfo.segments} | {…}","not in previous catalog"
"נושא","src/components/projects/MessagesSettings.tsx","162","קמפיין → הגדרות → הודעות","label","",""
"גוף ההודעה","src/components/projects/MessagesSettings.tsx","166","קמפיין → הגדרות → הודעות","label","",""
"שמור","src/components/projects/MessagesSettings.tsx","177","קמפיין → הגדרות → הודעות","button","",""
"מרענן…","src/components/projects/MessagesSettings.tsx","178","קמפיין → הגדרות → הודעות","button","",""
"רענן תצוגה מקדימה","src/components/projects/MessagesSettings.tsx","178","קמפיין → הגדרות → הודעות","button","",""
"חזרנו לברירת המחדל.","src/components/projects/MessagesSettings.tsx","179","קמפיין → הגדרות → הודעות","button","",""
"שחזר לברירת מחדל","src/components/projects/MessagesSettings.tsx","179","קמפיין → הגדרות → הודעות","button","",""
"הבדיקה נשלחה.","src/components/projects/MessagesSettings.tsx","187","קמפיין → הגדרות → הודעות","button","",""
"נשלח רק לפרטים שהזנתם כאן ומסומן כבדיקה.","src/components/projects/MessagesSettings.tsx","188","קמפיין → הגדרות → הודעות","setting","",""
"תצוגה מקדימה (ערכי דוגמה)","src/components/projects/MessagesSettings.tsx","194","קמפיין → הגדרות → הודעות","setting","",""
"משתנים ללא ערך: {preview.sms.missing.join(', ')}","src/components/projects/MessagesSettings.tsx","201","קמפיין → הגדרות → הודעות","setting","{preview.sms.missing.join(', ')}",""
"אימייל · {preview.email.subject}","src/components/projects/MessagesSettings.tsx","206","קמפיין → הגדרות → הודעות","setting","{preview.email.subject}",""
"משתנים ללא ערך: {preview.email.missing.join(', ')}","src/components/projects/MessagesSettings.tsx","207","קמפיין → הגדרות → הודעות","setting","{preview.email.missing.join(', ')}",""
"מכין תצוגה מקדימה…","src/components/projects/MessagesSettings.tsx","211","קמפיין → הגדרות → הודעות","setting","","same text also at: src/components/settings/EmailPreview.tsx:92"
"הוסף משתנה:","src/components/projects/MessagesSettings.tsx","222","קמפיין → הגדרות → הודעות","setting","",""
"מטרה","src/components/projects/NewCampaignWizard.tsx","26","קמפיינים → אשף קמפיין חדש","step","","not in previous catalog"
"אספו פרטים מאנשים המעוניינים להצטרף, והמשיכו לטיפול או לחתימה לפי הגדרות הקמפיין.","src/components/projects/NewCampaignWizard.tsx","30","קמפיינים → אשף קמפיין חדש","other","","new 2026-09-07 UX pass; glossary: קמפיין"
"שלחו הסכם לנמענים שבחרתם, או תנו לאנשים להירשם ולחתום בעצמם דרך טופס.","src/components/projects/NewCampaignWizard.tsx","31","קמפיינים → אשף קמפיין חדש","other","","new 2026-09-07 UX pass; glossary: נמענים"
"ארבע שאלות קצרות, והקמפיין מוכן לעבודה.","src/components/projects/NewCampaignWizard.tsx","113","קמפיינים → אשף קמפיין חדש","help","","new 2026-09-07 UX pass; glossary: קמפיין"
"מה תרצו לעשות?","src/components/projects/NewCampaignWizard.tsx","126","קמפיינים → אשף קמפיין חדש","help","","not in previous catalog"
"להחתים אנשים על מסמכים","src/components/projects/NewCampaignWizard.tsx","129","קמפיינים → אשף קמפיין חדש","button","","not in previous catalog"
"למי הקמפיין מיועד?","src/components/projects/NewCampaignWizard.tsx","139","קמפיינים → אשף קמפיין חדש","help","","not in previous catalog; glossary: קמפיין; same text also at: src/components/projects/NewCampaignWizard.tsx:141"
"הבחירה קובעת מי יופיע ברשימות הקמפיין וכמי יישמרו הנרשמים.","src/components/projects/NewCampaignWizard.tsx","140","קמפיינים → אשף קמפיין חדש","help","","new 2026-09-07 UX pass; glossary: קמפיין"
"בכל הזמנה או הרשמה תבחרו אם זה ספק או לקוח","src/components/projects/NewCampaignWizard.tsx","148","קמפיינים → אשף קמפיין חדש","help","","not in previous catalog"
"איך אנשים ייכנסו לקמפיין?","src/components/projects/NewCampaignWizard.tsx","154","קמפיינים → אשף קמפיין חדש","help","","not in previous catalog; glossary: קמפיין; same text also at: src/components/projects/NewCampaignWizard.tsx:156"
"בוחרים מאיפה יגיעו האנשים; את שאר ההגדרות אפשר לשנות אחר כך מתוך הקמפיין.","src/components/projects/NewCampaignWizard.tsx","155","קמפיינים → אשף קמפיין חדש","help","","new 2026-09-07 UX pass; glossary: קמפיין"
"בחירת ${audienceLabel(kind)} קיימים","src/components/projects/NewCampaignWizard.tsx","159","קמפיינים → אשף קמפיין חדש","button","${audienceLabel(kind)}","not in previous catalog"
"נשאר רק לתת שם לקמפיין ולבחור את המסמך לחתימה.","src/components/projects/NewCampaignWizard.tsx","169","קמפיינים → אשף קמפיין חדש","help","","new 2026-09-07 UX pass; glossary: קמפיין"
"נשאר רק לתת שם לקמפיין.","src/components/projects/NewCampaignWizard.tsx","169","קמפיינים → אשף קמפיין חדש","help","","new 2026-09-07 UX pass; glossary: קמפיין"
"איך נקרא לקמפיין?","src/components/projects/NewCampaignWizard.tsx","171","קמפיינים → אשף קמפיין חדש","label","","not in previous catalog; glossary: קמפיין"
"למשל: פניות ספקים 2027","src/components/projects/NewCampaignWizard.tsx","172","קמפיינים → אשף קמפיין חדש","placeholder","","not in previous catalog; glossary: ספקים"
"למשל: הסכמי ספקים 2027","src/components/projects/NewCampaignWizard.tsx","172","קמפיינים → אשף קמפיין חדש","placeholder","","not in previous catalog; glossary: ספקים"
"איזה מסמך חותמים?","src/components/projects/NewCampaignWizard.tsx","176","קמפיינים → אשף קמפיין חדש","label","","not in previous catalog"
"אעלה את המסמך אחר כך","src/components/projects/NewCampaignWizard.tsx","182","קמפיינים → אשף קמפיין חדש","label","","not in previous catalog"
"עדיין אין מסמכים במערכת. אחרי היצירה תוכלו להעלות PDF של ההסכם מתוך הקמפיין.","src/components/projects/NewCampaignWizard.tsx","185","קמפיינים → אשף קמפיין חדש","label","","not in previous catalog; glossary: קמפיין"
"אחרי היצירה תקבלו קישור לטופס, וכל פנייה חדשה תופיע בקמפיין ותמתין לטיפול.","src/components/projects/NewCampaignWizard.tsx","191","קמפיינים → אשף קמפיין חדש","help","","new 2026-09-07 UX pass; glossary: קמפיין"
"אחרי היצירה תקבלו קישור לטופס; מי שנרשם עובר ישירות לחתימה ומקבל עותק חתום במייל.","src/components/projects/NewCampaignWizard.tsx","193","קמפיינים → אשף קמפיין חדש","help","","new 2026-09-07 UX pass"
"אחרי היצירה בוחרים את האנשים בלשונית ״קהל״ ושולחים לכל אחד את המסמך לחתימה.","src/components/projects/NewCampaignWizard.tsx","194","קמפיינים → אשף קמפיין חדש","help","","new 2026-09-07 UX pass"
"יצירת הקמפיין","src/components/projects/NewCampaignWizard.tsx","211","קמפיינים → אשף קמפיין חדש","button","","glossary: קמפיין"
"הכתובת אינה תקינה.","src/components/projects/NotificationSettings.tsx","33","קמפיין → הגדרות → התראות לצוות","success","",""
"הגדרות ההתראות נשמרו.","src/components/projects/NotificationSettings.tsx","55","קמפיין → הגדרות → התראות לצוות","success","",""
"התראות לצוות","src/components/projects/NotificationSettings.tsx","67","קמפיין → הגדרות → התראות לצוות","heading","",""
"מי מקבל עדכונים על הקמפיין הזה, ומתי. הכתובות כאן מצטרפות לכתובות שבהגדרות המערכת.","src/components/projects/NotificationSettings.tsx","68","קמפיין → הגדרות → התראות לצוות","setting","","glossary: קמפיין"
"מי מקבל?","src/components/projects/NotificationSettings.tsx","71","קמפיין → הגדרות → התראות לצוות","setting","",""
"הסרת ${e}","src/components/projects/NotificationSettings.tsx","76","קמפיין → הגדרות → התראות לצוות","aria","${e}",""
"עדיין לא הוגדרו כתובות לקמפיין.","src/components/projects/NotificationSettings.tsx","81","קמפיין → הגדרות → התראות לצוות","setting","","glossary: קמפיין"
"כתובת אימייל להתראות","src/components/projects/NotificationSettings.tsx","96","קמפיין → הגדרות → התראות לצוות","aria","",""
"+ הוסף כתובת","src/components/projects/NotificationSettings.tsx","100","קמפיין → הגדרות → התראות לצוות","button","",""
"על מה, ומתי?","src/components/projects/NotificationSettings.tsx","106","קמפיין → הגדרות → התראות לצוות","setting","",""
"מיידי","src/components/projects/NotificationSettings.tsx","112","קמפיין → הגדרות → התראות לצוות","setting","","same text also at: src/components/settings/NotificationSettingsForm.tsx:15, src/components/settings/NotificationSettingsForm.tsx:16, src/components/settings/NotificationSettingsForm.tsx:17"
"בסיכום היומי","src/components/projects/NotificationSettings.tsx","112","קמפיין → הגדרות → התראות לצוות","setting","",""
"הסיכום היומי יוצא {daily.sentence}. השעה נקבעת בלוח הזמנים של המערכת ואינה ניתנת לשינוי מכאן.","src/components/projects/NotificationSettings.tsx","116","קמפיין → הגדרות → התראות לצוות","setting","{daily.sentence}",""
"שמירת ההתראות","src/components/projects/NotificationSettings.tsx","128","קמפיין → הגדרות → התראות לצוות","button","",""
"הודעות לנמענים","src/components/projects/NotificationSettings.tsx","134","קמפיין → הגדרות → התראות לצוות","heading","","glossary: נמענים"
"מה הספק או הלקוח מקבל במהלך התהליך. הנוסחים עצמם נערכים בלשונית <Link>הודעות</Link>.","src/components/projects/NotificationSettings.tsx","135","קמפיין → הגדרות → התראות לצוות","setting","",""
"אחרי חתימה — לשלוח לחותם אימייל עם כפתור להורדת המסמך החתום","src/components/projects/NotificationSettings.tsx","142","קמפיין → הגדרות → התראות לצוות","label","",""
"נשלח מיד לאחר שה-PDF החתום נוצר. הכפתור מאובטח ותקף למסמך הזה בלבד.","src/components/projects/NotificationSettings.tsx","144","קמפיין → הגדרות → התראות לצוות","setting","",""
"שם השולח (רשות)","src/components/projects/NotificationSettings.tsx","148","קמפיין → הגדרות → התראות לצוות","label","",""
"כתובת למענה (רשות)","src/components/projects/NotificationSettings.tsx","152","קמפיין → הגדרות → התראות לצוות","label","",""
"כתובת שמאושרת בחשבון השליחה.","src/components/projects/NotificationSettings.tsx","154","קמפיין → הגדרות → התראות לצוות","label","",""
"משפט קצר משלכם (רשות)","src/components/projects/NotificationSettings.tsx","157","קמפיין → הגדרות → התראות לצוות","label","",""
"לצרף גם את הקובץ למייל","src/components/projects/NotificationSettings.tsx","162","קמפיין → הגדרות → התראות לצוות","label","",""
"(לא מומלץ; הכפתור המאובטח נשלח תמיד)","src/components/projects/NotificationSettings.tsx","163","קמפיין → הגדרות → התראות לצוות","label","",""
"נרשם שלא סיים לחתום באותו ביקור מקבל, כמה דקות אחר כך, הודעה עם קישור לחזור ולחתום. מי שחתם — לא.","src/components/projects/NotificationSettings.tsx","168","קמפיין → הגדרות → התראות לצוות","setting","",""
"החזר לפעילים","src/components/projects/ProjectRowMenu.tsx","30","קמפיינים (רשימה)","other","",""
"פרויקט","src/components/projects/ProjectRowMenu.tsx","37","קמפיינים (רשימה)","dialog","","same text also at: src/components/projects/ProjectSettings.tsx:328"
"כללי","src/components/projects/ProjectSettings.tsx","34","קמפיין → הגדרות → פרטי הקמפיין","setting","",""
"שם, סוג, תאריכים, בעלים","src/components/projects/ProjectSettings.tsx","34","קמפיין → הגדרות → פרטי הקמפיין","help","",""
"שם הקמפיין, התאריכים שלו, מצבו ומי אחראי עליו.","src/components/projects/ProjectSettings.tsx","34","קמפיין → הגדרות → פרטי הקמפיין","help","","new 2026-09-07 UX pass; glossary: קמפיין"
"עמוד והרשמה","src/components/projects/ProjectSettings.tsx","35","קמפיין → הגדרות → פרטי הקמפיין","setting","",""
"כתובת, טופס, הטמעה, שיתוף, הסכם","src/components/projects/ProjectSettings.tsx","35","קמפיין → הגדרות → פרטי הקמפיין","help","",""
"העמוד והטופס שדרכם אנשים נרשמים, ואיך משתפים אותם.","src/components/projects/ProjectSettings.tsx","35","קמפיין → הגדרות → פרטי הקמפיין","help","","new 2026-09-07 UX pass"
"מה הנמענים מקבלים","src/components/projects/ProjectSettings.tsx","36","קמפיין → הגדרות → פרטי הקמפיין","help","","glossary: נמענים"
"הנוסח שהנמענים מקבלים ב-SMS ובאימייל בכל שלב.","src/components/projects/ProjectSettings.tsx","36","קמפיין → הגדרות → פרטי הקמפיין","help","","new 2026-09-07 UX pass; glossary: נמענים"
"מי בצוות מקבל עדכון ומתי","src/components/projects/ProjectSettings.tsx","37","קמפיין → הגדרות → פרטי הקמפיין","help","",""
"מי בצוות מקבל עדכון כשמשהו קורה בקמפיין.","src/components/projects/ProjectSettings.tsx","37","קמפיין → הגדרות → פרטי הקמפיין","help","","new 2026-09-07 UX pass; glossary: קמפיין"
"מתקדם","src/components/projects/ProjectSettings.tsx","38","קמפיין → הגדרות → פרטי הקמפיין","setting","",""
"מקורות מורשים, מחיקה","src/components/projects/ProjectSettings.tsx","38","קמפיין → הגדרות → פרטי הקמפיין","help","",""
"הגדרות שנוגעים בהן לעתים רחוקות: מקורות מורשים, משימות המשך ומחיקה.","src/components/projects/ProjectSettings.tsx","38","קמפיין → הגדרות → פרטי הקמפיין","help","","new 2026-09-07 UX pass"
"שמירת ההגדרות","src/components/projects/ProjectSettings.tsx","166","קמפיין → הגדרות → פרטי הקמפיין","button","",""
"הקמפיין נוצר. כדי להפעיל הרשמה וחתימה אוטומטית: בחרו את ההסכם ואת הבעלים בכרטיס ""הרשמה וחתימה עצמאית"", וחברו עמוד קמפיין או השתמשו בטופס הציבורי.","src/components/projects/ProjectSettings.tsx","181","קמפיין → הגדרות → פרטי הקמפיין","success","","glossary: קמפיין"
"הקמפיין נוצר והטופס הציבורי פעיל. קוד ההטמעה נמצא בכרטיס ""פרסום והטמעה"".","src/components/projects/ProjectSettings.tsx","183","קמפיין → הגדרות → פרטי הקמפיין","success","","glossary: קמפיין"
"הקמפיין נוצר והטופס הציבורי פעיל. פרטי ה-API להגשת הרשמות נמצאים בכרטיס ""פרסום והטמעה"".","src/components/projects/ProjectSettings.tsx","185","קמפיין → הגדרות → פרטי הקמפיין","success","","glossary: קמפיין, הרשמות"
"הקמפיין נוצר. דף קמפיין מותאם אישית נבנה על ידי מפתח, שמחבר אותו לקמפיין הזה.","src/components/projects/ProjectSettings.tsx","187","קמפיין → הגדרות → פרטי הקמפיין","success","","glossary: קמפיין"
"הקמפיין נוצר והטופס הציבורי פעיל. הכתובת לשיתוף נמצאת בכרטיס ""טופס ההצטרפות"".","src/components/projects/ProjectSettings.tsx","188","קמפיין → הגדרות → פרטי הקמפיין","success","","glossary: קמפיין"
"חלקי ההגדרות","src/components/projects/ProjectSettings.tsx","192","קמפיין → הגדרות → פרטי הקמפיין","aria","",""
"שם ותיאור","src/components/projects/ProjectSettings.tsx","214","קמפיין → הגדרות → פרטי הקמפיין","heading","",""
"שם הקמפיין","src/components/projects/ProjectSettings.tsx","216","קמפיין → הגדרות → פרטי הקמפיין","label","","glossary: קמפיין; same text also at: src/lib/message-template.ts:53"
"תיאור (פנימי)","src/components/projects/ProjectSettings.tsx","220","קמפיין → הגדרות → פרטי הקמפיין","label","",""
"טופס הצטרפות","src/components/projects/ProjectSettings.tsx","238","קמפיין → הגדרות → פרטי הקמפיין","heading","",""
"הטופס הציבורי שבו נרשמים משאירים פרטים. {…}","src/components/projects/ProjectSettings.tsx","239","קמפיין → הגדרות → פרטי הקמפיין","setting","{…}",""
"כשההרשמה והחתימה העצמאית פעילות, עמוד הקמפיין משתמש בטופס שלו והטופס הזה לא מוצג.","src/components/projects/ProjectSettings.tsx","241","קמפיין → הגדרות → פרטי הקמפיין","setting","","not in previous catalog; glossary: קמפיין"
"פעיל","src/components/projects/ProjectSettings.tsx","246","קמפיין → הגדרות → פרטי הקמפיין","label","","same text also at: src/components/projects/ProjectsList.tsx:45, src/components/projects/SelfServiceSettings.tsx:111, src/components/projects/SelfServiceSettings.tsx:267 (+2 more)"
"הועתק ✓","src/components/projects/ProjectSettings.tsx","262","קמפיין → הגדרות → פרטי הקמפיין","button","","same text also at: src/components/projects/PublishPanel.tsx:41"
"העתקת קישור","src/components/projects/ProjectSettings.tsx","262","קמפיין → הגדרות → פרטי הקמפיין","button","",""
"כותרת הטופס","src/components/projects/ProjectSettings.tsx","268","קמפיין → הגדרות → פרטי הקמפיין","label","",""
"הסבר קצר","src/components/projects/ProjectSettings.tsx","272","קמפיין → הגדרות → פרטי הקמפיין","label","",""
"למשל: מלאו פרטים ונחזור אליכם עם הסכם ההתקשרות.","src/components/projects/ProjectSettings.tsx","273","קמפיין → הגדרות → פרטי הקמפיין","placeholder","",""
"הודעת תודה אחרי שליחה","src/components/projects/ProjectSettings.tsx","276","קמפיין → הגדרות → פרטי הקמפיין","label","",""
"שדות הטופס","src/components/projects/ProjectSettings.tsx","280","קמפיין → הגדרות → פרטי הקמפיין","heading","",""
"שדות פרטי העסק ממלאים את כרטיס הספק אוטומטית; שדות מותאמים נשמרים עם ההרשמה.","src/components/projects/ProjectSettings.tsx","281","קמפיין → הגדרות → פרטי הקמפיין","setting","",""
"פרסום והטמעה","src/components/projects/ProjectSettings.tsx","290","קמפיין → הגדרות → פרטי הקמפיין","heading","",""
"אותו טופס, שלוש דרכים: הקישור, הטמעה באתר חיצוני, או שליחה ישירה מהאתר שלכם.","src/components/projects/ProjectSettings.tsx","291","קמפיין → הגדרות → פרטי הקמפיין","setting","",""
"אפשרויות ההטמעה וה-API יופיעו אחרי השמירה הראשונה של הטופס.","src/components/projects/ProjectSettings.tsx","297","קמפיין → הגדרות → פרטי הקמפיין","setting","",""
"מקורות מורשים להגשת הרשמות","src/components/projects/ProjectSettings.tsx","309","קמפיין → הגדרות → פרטי הקמפיין","heading","","glossary: הרשמות"
"כתובות אתרים שמותר להן לשלוח את הטופס (הטמעה ו-API). ריק = כל אתר.","src/components/projects/ProjectSettings.tsx","310","קמפיין → הגדרות → פרטי הקמפיין","setting","",""
"מחיקת הקמפיין","src/components/projects/ProjectSettings.tsx","316","קמפיין → הגדרות → פרטי הקמפיין","heading","","glossary: קמפיין; same text also at: src/components/projects/ProjectSettings.tsx:319"
"קמפיין עם הסכמים חתומים עובר לארכיון ולא נמחק; ההיסטוריה נשמרת.","src/components/projects/ProjectSettings.tsx","317","קמפיין → הגדרות → פרטי הקמפיין","setting","","glossary: קמפיין, הסכמים"
"הסתיים","src/components/projects/ProjectsList.tsx","40","קמפיינים (רשימה)","other","","same text also at: src/lib/campaigns.ts:172"
"מתוכנן","src/components/projects/ProjectsList.tsx","42","קמפיינים (רשימה)","other","",""
"· ${project.companyCount} ${project.campaignKind === 'public' ? 'ספקים' : 'נמענים'}","src/components/projects/ProjectsList.tsx","77","קמפיינים (רשימה)","help","${project.companyCount} | ${project.campaignKind === 'public' ? 'ספקים' : 'נמענים'}","not in previous catalog; glossary: נמענים, ספקים"
"· ${project.registrations} הרשמות","src/components/projects/ProjectsList.tsx","78","קמפיינים (רשימה)","help","${project.registrations}","not in previous catalog; glossary: הרשמות"
"· ${project.signed} חתמו","src/components/projects/ProjectsList.tsx","79","קמפיינים (רשימה)","help","${project.signed}","not in previous catalog"
"· ${project.pending} ממתינים","src/components/projects/ProjectsList.tsx","80","קמפיינים (רשימה)","help","${project.pending}","not in previous catalog"
"פעילות אחרונה ${dateFormat.format(new Date(project.lastActivityAt))}","src/components/projects/ProjectsList.tsx","82","קמפיינים (רשימה)","help","${dateFormat.format(new Date(project.lastActivityAt))}",""
"עדיין ללא פעילות","src/components/projects/ProjectsList.tsx","82","קמפיינים (רשימה)","help","",""
"+{project.pending} ממתינים","src/components/projects/ProjectsList.tsx","127","קמפיינים (רשימה)","label","{project.pending}",""
"חיפוש קמפייןים","src/components/projects/ProjectsSearch.tsx","33","קמפיינים (רשימה)","label","","not in previous catalog; glossary: קמפיין"
"חיפוש קמפיין","src/components/projects/ProjectsSearch.tsx","39","קמפיינים (רשימה)","placeholder","","not in previous catalog; glossary: קמפיין"
"שם החברה בע״מ","src/components/projects/PublishPanel.tsx","24","קמפיין → פרסום (כתובת ציבורית)","other","",""
"העתקה","src/components/projects/PublishPanel.tsx","28","קמפיין → פרסום (כתובת ציבורית)","other","",""
"הטמעה באתר שלכם <span>{open === 'embed' ? '−' : '+'}</span>","src/components/projects/PublishPanel.tsx","90","קמפיין → פרסום (כתובת ציבורית)","other","{open === 'embed' ? '−' : '+'}",""
"מדביקים את שתי השורות האלה בכל עמוד — הטופס יופיע שם, יתאים את גובהו לבד, ויעבוד גם בטלפון.","src/components/projects/PublishPanel.tsx","102","קמפיין → פרסום (כתובת ציבורית)","help","",""
"אפשר להאזין לאירוע <code>xtra-form:submitted</code> אחרי שליחה מוצלחת.","src/components/projects/PublishPanel.tsx","106","קמפיין → פרסום (כתובת ציבורית)","other","",""
"העתק קוד הטמעה","src/components/projects/PublishPanel.tsx","109","קמפיין → פרסום (כתובת ציבורית)","other","",""
"חיבור מותאם אישית (API) <span>{open === 'api' ? '−' : '+'}</span>","src/components/projects/PublishPanel.tsx","117","קמפיין → פרסום (כתובת ציבורית)","other","{open === 'api' ? '−' : '+'}",""
"לבניית עמוד נחיתה משלכם: שולחים JSON לכתובת הזו וכל שליחה הופכת לליד בפרויקט. מזהה הטופס ציבורי ומאפשר רק יצירת ליד — הוא לא חושף ולא משנה שום נתון.","src/components/projects/PublishPanel.tsx","129","קמפיין → פרסום (כתובת ציבורית)","help","",""
"מזהה הטופס","src/components/projects/PublishPanel.tsx","142","קמפיין → פרסום (כתובת ציבורית)","label","",""
"השדות","src/components/projects/PublishPanel.tsx","150","קמפיין → פרסום (כתובת ציבורית)","help","",""
"מזהה (id)","src/components/projects/PublishPanel.tsx","155","קמפיין → פרסום (כתובת ציבורית)","label","",""
"שדה","src/components/projects/PublishPanel.tsx","156","קמפיין → פרסום (כתובת ציבורית)","label","","same text also at: src/server/ai/tools/canvas.ts:170, src/server/documents/canvas-save.ts:113"
"חובה","src/components/projects/PublishPanel.tsx","158","קמפיין → פרסום (כתובת ציבורית)","label","",""
"כן","src/components/projects/PublishPanel.tsx","167","קמפיין → פרסום (כתובת ציבורית)","label","","same text also at: src/lib/campaigns.ts:36, src/lib/campaigns.ts:36, src/lib/campaigns.ts:37 (+6 more)"
"גוף הבקשה — דוגמה","src/components/projects/PublishPanel.tsx","175","קמפיין → פרסום (כתובת ציבורית)","help","",""
"JavaScript — דוגמה","src/components/projects/PublishPanel.tsx","181","קמפיין → פרסום (כתובת ציבורית)","help","",""
"אפשר לצרף כותרת <code>Idempotency-Key</code> כדי ששליחה חוזרת של אותה בקשה לא תיצור ליד כפול. תשובת הצלחה: <code>201 {'{ ""ok"": true }'}</code>; שגיאת ולידציה: <code>422</code> עם פירוט לפי שדה.","src/components/projects/PublishPanel.tsx","186","קמפיין → פרסום (כתובת ציבורית)","other","{ ""ok"": true }","not in previous catalog"
"הגבלת דומיינים (רשות)","src/components/projects/PublishPanel.tsx","192","קמפיין → פרסום (כתובת ציבורית)","label","",""
"אם ממלאים — רק העמודים בדומיינים האלה יוכלו לשלוח מהדפדפן. שורה לכל דומיין, למשל: https://example.co.il","src/components/projects/PublishPanel.tsx","194","קמפיין → פרסום (כתובת ציבורית)","label","",""
"נשמר. חל על הרשמות חדשות בלבד.","src/components/projects/RegistrationTargetSetting.tsx","33","קמפיין","other","","not in previous catalog; glossary: הרשמות"
"שמירת נרשמים","src/components/projects/RegistrationTargetSetting.tsx","45","קמפיין","heading","","not in previous catalog; same text also at: src/components/projects/RegistrationTargetSetting.tsx:47"
"היכן לשמור {noun} שנרשמים דרך הקמפיין?","src/components/projects/RegistrationTargetSetting.tsx","46","קמפיין","other","{noun}","not in previous catalog; glossary: קמפיין"
"— ברירת מחדל","src/components/projects/RegistrationTargetSetting.tsx","52","קמפיין","label","","not in previous catalog"
"ההרשמה העצמאית פעילה.","src/components/projects/SelfServiceSettings.tsx","82","קמפיין → הגדרות → הרשמה עצמית","success","",""
"הרשמה וחתימה עצמאית","src/components/projects/SelfServiceSettings.tsx","97","קמפיין → הגדרות → הרשמה עצמית","heading","",""
"ספק נכנס לעמוד הקמפיין, ממלא פרטים, קורא את ההסכם, מאמת טלפון וחותם — בלי שלב ידני. הספק, ההסכם והחתימה נוצרים אוטומטית בפרויקט הזה.","src/components/projects/SelfServiceSettings.tsx","99","קמפיין → הגדרות → הרשמה עצמית","setting","","glossary: קמפיין"
"לפרויקט הזה עדיין לא חובר עמוד קמפיין. עמוד קמפיין נבנה ומחובר לפרויקט על ידי צוות הפיתוח.","src/components/projects/SelfServiceSettings.tsx","119","קמפיין → הגדרות → הרשמה עצמית","setting","","glossary: קמפיין"
"בעלים של ההסכמים שנוצרים","src/components/projects/SelfServiceSettings.tsx","133","קמפיין → הגדרות → הרשמה עצמית","label","","glossary: הסכמים"
"— בחרו משתמש —","src/components/projects/SelfServiceSettings.tsx","136","קמפיין → הגדרות → הרשמה עצמית","label","",""
"כותרת עמוד התודה","src/components/projects/SelfServiceSettings.tsx","150","קמפיין → הגדרות → הרשמה עצמית","label","",""
"טקסט נוסף בעמוד התודה (רשות)","src/components/projects/SelfServiceSettings.tsx","155","קמפיין → הגדרות → הרשמה עצמית","label","",""
"כדי להפעיל: {skin ? '' : 'לחבר עמוד קמפיין, '}להגדיר הסכם לחתימה ולבחור בעלים.","src/components/projects/SelfServiceSettings.tsx","165","קמפיין → הגדרות → הרשמה עצמית","setting","{skin ? '' : 'לחבר עמוד קמפיין, '}","glossary: קמפיין"
"לחבר עמוד קמפיין,","src/components/projects/SelfServiceSettings.tsx","166","קמפיין → הגדרות → הרשמה עצמית","setting","","not in previous catalog; glossary: קמפיין"
"שמירת ההרשמה העצמאית","src/components/projects/SelfServiceSettings.tsx","188","קמפיין → הגדרות → הרשמה עצמית","button","",""
"העתיקו את הקישור:","src/components/projects/SelfServiceSettings.tsx","228","קמפיין → הגדרות → הרשמה עצמית","setting","","same text also at: src/components/reports/RegistrationsTable.tsx:140"
"שינוי הכתובת נכשל.","src/components/projects/SelfServiceSettings.tsx","244","קמפיין → הגדרות → הרשמה עצמית","error","",""
"הכתובת עודכנה. הכתובת הקודמת ממשיכה לעבוד ומפנה לכתובת החדשה.","src/components/projects/SelfServiceSettings.tsx","250","קמפיין → הגדרות → הרשמה עצמית","setting","",""
"שינוי הכתובת נכשל. נסו שוב.","src/components/projects/SelfServiceSettings.tsx","252","קמפיין → הגדרות → הרשמה עצמית","error","",""
"עמוד הקמפיין","src/components/projects/SelfServiceSettings.tsx","261","קמפיין → הגדרות → הרשמה עצמית","heading","","glossary: קמפיין"
"לא פעיל","src/components/projects/SelfServiceSettings.tsx","267","קמפיין → הגדרות → הרשמה עצמית","setting","",""
"הכתובת תיקבע כשההרשמה העצמאית תופעל.","src/components/projects/SelfServiceSettings.tsx","276","קמפיין → הגדרות → הרשמה עצמית","setting","",""
"הועתק","src/components/projects/SelfServiceSettings.tsx","285","קמפיין → הגדרות → הרשמה עצמית","button","","same text also at: src/components/ui/CopyButton.tsx:22"
"שינוי כתובת","src/components/projects/SelfServiceSettings.tsx","297","קמפיין → הגדרות → הרשמה עצמית","button","",""
"כתובת חדשה","src/components/projects/SelfServiceSettings.tsx","305","קמפיין → הגדרות → הרשמה עצמית","label","",""
"הכתובת הישנה תמשיך לעבוד ותפנה אוטומטית לכתובת החדשה.","src/components/projects/SelfServiceSettings.tsx","325","קמפיין → הגדרות → הרשמה עצמית","setting","",""
"שמירת הכתובת","src/components/projects/SelfServiceSettings.tsx","333","קמפיין → הגדרות → הרשמה עצמית","button","",""
"כתובות קודמות ({slug.history.length})","src/components/projects/SelfServiceSettings.tsx","355","קמפיין → הגדרות → הרשמה עצמית","setting","{slug.history.length}",""
"עד ${new Date(h.replacedAt).toLocaleDateString('he-IL', { timeZone: 'Asia/Jerusalem' })}","src/components/projects/SelfServiceSettings.tsx","363","קמפיין → הגדרות → הרשמה עצמית","setting","${new Date(h.replacedAt).toLocaleDateString('he-IL', { timeZone: 'Asia/Jerusalem' }",""
"טעינת הגדרות השיתוף נכשלה.","src/components/projects/ShareSettings.tsx","33","קמפיין → הגדרות → כרטיס שיתוף (תמונה וטקסט לרשתות)","error","",""
"תצוגה מקדימה לשיתוף","src/components/projects/ShareSettings.tsx","71","קמפיין → הגדרות → כרטיס שיתוף (תמונה וטקסט לרשתות)","heading","",""
"כך ייראה הקישור לעמוד הקמפיין כששולחים אותו בוואטסאפ, ב-SMS או ברשתות.","src/components/projects/ShareSettings.tsx","72","קמפיין → הגדרות → כרטיס שיתוף (תמונה וטקסט לרשתות)","setting","","glossary: קמפיין"
"כותרת לשיתוף","src/components/projects/ShareSettings.tsx","79","קמפיין → הגדרות → כרטיס שיתוף (תמונה וטקסט לרשתות)","label","",""
"תיאור לשיתוף","src/components/projects/ShareSettings.tsx","83","קמפיין → הגדרות → כרטיס שיתוף (תמונה וטקסט לרשתות)","label","",""
"תמונה לשיתוף","src/components/projects/ShareSettings.tsx","88","קמפיין → הגדרות → כרטיס שיתוף (תמונה וטקסט לרשתות)","setting","",""
"מומלץ 1200×630, עד 2MB. {…}","src/components/projects/ShareSettings.tsx","89","קמפיין → הגדרות → כרטיס שיתוף (תמונה וטקסט לרשתות)","setting","{…}",""
"כרגע: התמונה המובנית של הקמפיין.","src/components/projects/ShareSettings.tsx","89","קמפיין → הגדרות → כרטיס שיתוף (תמונה וטקסט לרשתות)","setting","","glossary: קמפיין"
"כרגע: תמונה שהועלתה.","src/components/projects/ShareSettings.tsx","89","קמפיין → הגדרות → כרטיס שיתוף (תמונה וטקסט לרשתות)","setting","",""
"כרגע: ללא תמונה.","src/components/projects/ShareSettings.tsx","89","קמפיין → הגדרות → כרטיס שיתוף (תמונה וטקסט לרשתות)","setting","",""
"בחירת תמונה לשיתוף","src/components/projects/ShareSettings.tsx","90","קמפיין → הגדרות → כרטיס שיתוף (תמונה וטקסט לרשתות)","aria","",""
"התמונה הועלתה.","src/components/projects/ShareSettings.tsx","95","קמפיין → הגדרות → כרטיס שיתוף (תמונה וטקסט לרשתות)","setting","",""
"העלאת תמונה","src/components/projects/ShareSettings.tsx","99","קמפיין → הגדרות → כרטיס שיתוף (תמונה וטקסט לרשתות)","button","",""
"התמונה הוסרה.","src/components/projects/ShareSettings.tsx","101","קמפיין → הגדרות → כרטיס שיתוף (תמונה וטקסט לרשתות)","button","",""
"הסרה","src/components/projects/ShareSettings.tsx","101","קמפיין → הגדרות → כרטיס שיתוף (תמונה וטקסט לרשתות)","button","",""
"הגדרות השיתוף נשמרו.","src/components/projects/ShareSettings.tsx","106","קמפיין → הגדרות → כרטיס שיתוף (תמונה וטקסט לרשתות)","button","",""
"כך זה ייראה","src/components/projects/ShareSettings.tsx","111","קמפיין → הגדרות → כרטיס שיתוף (תמונה וטקסט לרשתות)","setting","",""
"ללא תמונה","src/components/projects/ShareSettings.tsx","117","קמפיין → הגדרות → כרטיס שיתוף (תמונה וטקסט לרשתות)","setting","",""
"אזור בקמפיין","src/components/projects/TabPicker.tsx","14","קמפיין","label","","not in previous catalog; glossary: קמפיין"
"בחרו ספק או לקוח מהרשימה, או עברו ל""נמען חדש"".","src/components/quick-send/QuickSendDialog.tsx","76","שליחה מהירה (בית)","help","","not in previous catalog"
"הזינו טלפון או אימייל.","src/components/quick-send/QuickSendDialog.tsx","78","שליחה מהירה (בית)","help","","not in previous catalog"
"בחרו מסמך.","src/components/quick-send/QuickSendDialog.tsx","81","שליחה מהירה (בית)","help","","not in previous catalog"
"לנמען אין אימייל. בחרו SMS או WhatsApp, או השלימו אימייל.","src/components/quick-send/QuickSendDialog.tsx","88","שליחה מהירה (בית)","help","","not in previous catalog"
"לנמען אין טלפון. בחרו אימייל, או השלימו טלפון.","src/components/quick-send/QuickSendDialog.tsx","89","שליחה מהירה (בית)","help","","not in previous catalog"
"למי","src/components/quick-send/QuickSendDialog.tsx","121","שליחה מהירה (בית)","other","",""
"מה","src/components/quick-send/QuickSendDialog.tsx","122","שליחה מהירה (בית)","other","","not in previous catalog"
"איך","src/components/quick-send/QuickSendDialog.tsx","123","שליחה מהירה (בית)","other","","not in previous catalog"
"המסמך נשלח","src/components/quick-send/QuickSendDialog.tsx","132","שליחה מהירה (בית)","heading","","same text also at: src/server/signing/pdf.ts:55"
"בוחרים למי, איזה מסמך ואיך לשלוח — הנמען מקבל קישור אישי לחתימה.","src/components/quick-send/QuickSendDialog.tsx","134","שליחה מהירה (בית)","help","","new 2026-09-07 UX pass"
"סוג נמען","src/components/quick-send/QuickSendDialog.tsx","152","שליחה מהירה (בית)","aria","","not in previous catalog"
"ספק/לקוח קיים","src/components/quick-send/QuickSendDialog.tsx","155","שליחה מהירה (בית)","label","","not in previous catalog"
"נמען חדש","src/components/quick-send/QuickSendDialog.tsx","159","שליחה מהירה (בית)","label","","not in previous catalog"
"חיפוש לפי שם, ח.פ. או טלפון","src/components/quick-send/QuickSendDialog.tsx","166","שליחה מהירה (בית)","label","","not in previous catalog"
"לא נמצא. אפשר לשלוח כ""נמען חדש"".","src/components/quick-send/QuickSendDialog.tsx","170","שליחה מהירה (בית)","help","","not in previous catalog"
"הקלידו כדי לחפש.","src/components/quick-send/QuickSendDialog.tsx","170","שליחה מהירה (בית)","help","","not in previous catalog"
"אין פרטי קשר","src/components/quick-send/QuickSendDialog.tsx","177","שליחה מהירה (בית)","button","","not in previous catalog"
"שם העסק או האדם","src/components/quick-send/QuickSendDialog.tsx","192","שליחה מהירה (בית)","label","","not in previous catalog"
"טלפון נייד","src/components/quick-send/QuickSendDialog.tsx","197","שליחה מהירה (בית)","label","","same text also at: src/components/settings/UsersTable.tsx:250, src/lib/self-service-registration.ts:28, src/server/self-service/onboarding.ts:88"
"לא נוצר ספק או לקוח במאגר. אחרי החתימה אפשר להוסיף בלחיצה.","src/components/quick-send/QuickSendDialog.tsx","215","שליחה מהירה (בית)","help","","not in previous catalog"
"שולחים אל <span>{recipientName}</span>","src/components/quick-send/QuickSendDialog.tsx","223","שליחה מהירה (בית)","other","{recipientName}","not in previous catalog"
"אין עדיין תבניות עם שדה חתימה. אפשר להעלות PDF בתהליך המלא.","src/components/quick-send/QuickSendDialog.tsx","226","שליחה מהירה (בית)","help","","not in previous catalog"
"להעלות PDF אחר במקום","src/components/quick-send/QuickSendDialog.tsx","237","שליחה מהירה (בית)","button","","not in previous catalog"
"להעלות PDF (דרך התהליך המלא)","src/components/quick-send/QuickSendDialog.tsx","237","שליחה מהירה (בית)","button","","not in previous catalog"
"ערוץ שליחה","src/components/quick-send/QuickSendDialog.tsx","244","שליחה מהירה (בית)","aria","","not in previous catalog"
"כך זה ייראה:","src/components/quick-send/QuickSendDialog.tsx","259","שליחה מהירה (בית)","help","","not in previous catalog"
"שלום {recipientName}, מחכה לך מסמך לחתימה מ-XTRA: {…}","src/components/quick-send/QuickSendDialog.tsx","260","שליחה מהירה (בית)","other","{recipientName} | {…}","not in previous catalog"
"WhatsApp נפתח אצלכם עם ההודעה מוכנה; אחרי השליחה תאשרו כאן שההודעה יצאה.","src/components/quick-send/QuickSendDialog.tsx","265","שליחה מהירה (בית)","help","","not in previous catalog"
"החותם מקבל קישור אישי, מאמת בקוד לטלפון, ממלא מה שחסר וחותם.","src/components/quick-send/QuickSendDialog.tsx","265","שליחה מהירה (בית)","help","","not in previous catalog"
"סומן כלא נשלח. אפשר לשלוח שוב מהמסמך.","src/components/quick-send/QuickSendDialog.tsx","288","שליחה מהירה (בית)","help","","not in previous catalog"
"✓ נשלח אל {recipientName}. נעדכן כשייחתם.","src/components/quick-send/QuickSendDialog.tsx","291","שליחה מהירה (בית)","other","{recipientName}","not in previous catalog"
"המסמך נוצר, אבל ההודעה לא יצאה: {result.deliveryError ?? 'השליחה נכשלה.'} אפשר לשלוח שוב מהמסמך.","src/components/quick-send/QuickSendDialog.tsx","293","שליחה מהירה (בית)","error","{result.deliveryError ?? 'השליחה נכשלה.'}","not in previous catalog"
"פתח את המסמך","src/components/quick-send/QuickSendDialog.tsx","297","שליחה מהירה (בית)","button","","not in previous catalog"
"נתוני התנועה זמינים החל מ-${longDate.format(new Date(report.trafficSince))}.","src/components/reports/ProjectReportView.tsx","56","קמפיין → דוח קמפיין","report","${longDate.format(new Date(report.trafficSince))}",""
"נתוני תנועה לעמוד הקמפיין יתחילו להיאסף מהכניסה הראשונה לעמוד.","src/components/reports/ProjectReportView.tsx","57","קמפיין → דוח קמפיין","report","","glossary: קמפיין"
"המשפך","src/components/reports/ProjectReportView.tsx","66","קמפיין → דוח קמפיין","heading","",""
"כניסה ← הרשמה","src/components/reports/ProjectReportView.tsx","70","קמפיין → דוח קמפיין","label","",""
"הרשמה ← חתימה","src/components/reports/ProjectReportView.tsx","74","קמפיין → דוח קמפיין","label","",""
"פעילות לאורך זמן <span>· לפי {…}</span>","src/components/reports/ProjectReportView.tsx","81","קמפיין → דוח קמפיין","report","{…}","not in previous catalog"
"· לפי {…}","src/components/reports/ProjectReportView.tsx","82","קמפיין → דוח קמפיין","heading","{…}","not in previous catalog"
"יום","src/components/reports/ProjectReportView.tsx","82","קמפיין → דוח קמפיין","report","",""
"שבוע","src/components/reports/ProjectReportView.tsx","82","קמפיין → דוח קמפיין","report","",""
"סטטוס ההסכמים","src/components/reports/ProjectReportView.tsx","90","קמפיין → דוח קמפיין","heading","","glossary: הסכמים; same text also at: src/components/reports/ProjectReportView.tsx:395"
"מקורות מובילים","src/components/reports/ProjectReportView.tsx","95","קמפיין → דוח קמפיין","heading","",""
"שיתוף הקישור","src/components/reports/ProjectReportView.tsx","114","קמפיין → דוח קמפיין","button","","new 2026-09-07 UX pass"
"כל התקופה","src/components/reports/ProjectReportView.tsx","117","קמפיין → דוח קמפיין","button","","same text also at: src/components/reports/ProjectReportView.tsx:156"
"היום","src/components/reports/ProjectReportView.tsx","153","קמפיין → דוח קמפיין","report","",""
"7 ימים","src/components/reports/ProjectReportView.tsx","154","קמפיין → דוח קמפיין","report","",""
"30 ימים","src/components/reports/ProjectReportView.tsx","155","קמפיין → דוח קמפיין","report","",""
"מתאריך","src/components/reports/ProjectReportView.tsx","160","קמפיין → דוח קמפיין","label","","same text also at: src/components/reports/ReportPanel.tsx:54"
"עד תאריך","src/components/reports/ProjectReportView.tsx","164","קמפיין → דוח קמפיין","label","","same text also at: src/components/reports/ReportPanel.tsx:63"
"נכשלו / בוטלו","src/components/reports/ProjectReportView.tsx","174","קמפיין → דוח קמפיין","error","",""
"מקור הגעה","src/components/reports/ProjectReportView.tsx","178","קמפיין → דוח קמפיין","label","","same text also at: src/server/reports/project-report.ts:520"
"כניסות לדף","src/components/reports/ProjectReportView.tsx","209","קמפיין → דוח קמפיין","report","",""
"מבקרים ייחודיים","src/components/reports/ProjectReportView.tsx","209","קמפיין → דוח קמפיין","help","",""
"הסכמים שנוצרו","src/components/reports/ProjectReportView.tsx","211","קמפיין → דוח קמפיין","report","","glossary: הסכמים"
"אחוז השלמה","src/components/reports/ProjectReportView.tsx","214","קמפיין → דוח קמפיין","report","",""
"חתמו מתוך הנרשמים","src/components/reports/ProjectReportView.tsx","214","קמפיין → דוח קמפיין","help","",""
"ללא שינוי","src/components/reports/ProjectReportView.tsx","232","קמפיין → דוח קמפיין","report","",""
"לעומת התקופה הקודמת","src/components/reports/ProjectReportView.tsx","237","קמפיין → דוח קמפיין","report","",""
"השלב הקודם לא נמדד עבור כולם","src/components/reports/ProjectReportView.tsx","282","קמפיין → דוח קמפיין","aria","",""
"— {step}% מהשלב הקודם","src/components/reports/ProjectReportView.tsx","294","קמפיין → דוח קמפיין","report","{step}",""
"כניסות","src/components/reports/ProjectReportView.tsx","315","קמפיין → דוח קמפיין","report","","same text also at: src/components/reports/ProjectReportView.tsx:452"
"חתימות","src/components/reports/ProjectReportView.tsx","317","קמפיין → דוח קמפיין","report","","same text also at: src/components/reports/ProjectReportView.tsx:454"
"עדיין אין פעילות בטווח שנבחר — הרחיבו את הטווח או שלחו הזמנה.","src/components/reports/ProjectReportView.tsx","338","קמפיין → דוח קמפיין","empty_state","","new 2026-09-07 UX pass"
"פעילות לאורך זמן","src/components/reports/ProjectReportView.tsx","339","קמפיין → דוח קמפיין","aria","",""
"עדיין אין הסכמים בטווח שנבחר — הרחיבו את הטווח או שלחו הזמנה.","src/components/reports/ProjectReportView.tsx","392","קמפיין → דוח קמפיין","empty_state","","new 2026-09-07 UX pass; glossary: הסכמים"
"עדיין אין כניסות לעמוד הקמפיין — כשתשתפו את הקישור, המקורות יופיעו כאן.","src/components/reports/ProjectReportView.tsx","445","קמפיין → דוח קמפיין","empty_state","","new 2026-09-07 UX pass; glossary: קמפיין"
"המרה","src/components/reports/ProjectReportView.tsx","455","קמפיין → דוח קמפיין","label","",""
"נשלח אימייל","src/components/reports/RegistrationsTable.tsx","45","קמפיין → הרשמות (טבלה, סינון ופעולות)","report","",""
"נשלח SMS","src/components/reports/RegistrationsTable.tsx","46","קמפיין → הרשמות (טבלה, סינון ופעולות)","sms","",""
"שליחת אימייל נכשלה","src/components/reports/RegistrationsTable.tsx","47","קמפיין → הרשמות (טבלה, סינון ופעולות)","error","",""
"שליחת SMS נכשלה","src/components/reports/RegistrationsTable.tsx","48","קמפיין → הרשמות (טבלה, סינון ופעולות)","sms","",""
"החתימה הושלמה","src/components/reports/RegistrationsTable.tsx","53","קמפיין → הרשמות (טבלה, סינון ופעולות)","report","","same text also at: src/server/signing/pdf.ts:62"
"סירב","src/components/reports/RegistrationsTable.tsx","54","קמפיין → הרשמות (טבלה, סינון ופעולות)","report","",""
"הוסר","src/components/reports/RegistrationsTable.tsx","59","קמפיין → הרשמות (טבלה, סינון ופעולות)","report","","same text also at: src/lib/relative-time.ts:21"
"הרשמות בקמפיין","src/components/reports/RegistrationsTable.tsx","68","קמפיין → הרשמות (טבלה, סינון ופעולות)","report","","glossary: קמפיין, הרשמות"
"לדחות את ההרשמה? הפרטים יישמרו אך לא ייווצר","src/components/reports/RegistrationsTable.tsx","114","קמפיין → הרשמות (טבלה, סינון ופעולות)","report","","not in previous catalog"
"ההרשמה אושרה ו${audienceNoun === 'ספק' ? 'הספק נוצר' : 'הלקוח נוצר'}.","src/components/reports/RegistrationsTable.tsx","121","קמפיין → הרשמות (טבלה, סינון ופעולות)","success","${audienceNoun === 'ספק' ? 'הספק נוצר' : 'הלקוח נוצר'}",""
"הספק נוצר","src/components/reports/RegistrationsTable.tsx","121","קמפיין → הרשמות (טבלה, סינון ופעולות)","success","",""
"הלקוח נוצר","src/components/reports/RegistrationsTable.tsx","121","קמפיין → הרשמות (טבלה, סינון ופעולות)","success","",""
"ההרשמה נדחתה.","src/components/reports/RegistrationsTable.tsx","121","קמפיין → הרשמות (טבלה, סינון ופעולות)","success","",""
"לא הצלחנו להכין קישור.","src/components/reports/RegistrationsTable.tsx","129","קמפיין → הרשמות (טבלה, סינון ופעולות)","error","",""
"ההודעה עם הקישור הועתקה.","src/components/reports/RegistrationsTable.tsx","138","קמפיין → הרשמות (טבלה, סינון ופעולות)","success","",""
"נשלח ל-${data.sent.length} נמענים${failedCount ? `, ${failedCount} נכשלו` : ''}${data.skipped.length ? `, ${data.skipped.length} דולגו` : ''}.","src/components/reports/RegistrationsTable.tsx","167","קמפיין → הרשמות (טבלה, סינון ופעולות)","error","${data.sent.length} | ${failedCount ? `, ${failedCount} | ${data.skipped.length ? `, ${data.skipped.length}","glossary: נמענים"
", ${failedCount} נכשלו","src/components/reports/RegistrationsTable.tsx","167","קמפיין → הרשמות (טבלה, סינון ופעולות)","error","${failedCount}",""
", ${data.skipped.length} דולגו","src/components/reports/RegistrationsTable.tsx","167","קמפיין → הרשמות (טבלה, סינון ופעולות)","success","${data.skipped.length}",""
"${data.updated ?? 0} משימות סומנו כהוקמו.","src/components/reports/RegistrationsTable.tsx","190","קמפיין → הרשמות (טבלה, סינון ופעולות)","success","${data.updated ?? 0}","not in previous catalog"
"פתח פרטים","src/components/reports/RegistrationsTable.tsx","209","קמפיין → הרשמות (טבלה, סינון ופעולות)","report","",""
"אשר והפוך ל${audienceNoun}","src/components/reports/RegistrationsTable.tsx","210","קמפיין → הרשמות (טבלה, סינון ופעולות)","report","${audienceNoun}",""
"ערוך פרטים","src/components/reports/RegistrationsTable.tsx","211","קמפיין → הרשמות (טבלה, סינון ופעולות)","report","",""
"פתח ספק","src/components/reports/RegistrationsTable.tsx","213","קמפיין → הרשמות (טבלה, סינון ופעולות)","report","",""
"שלח עותק במייל","src/components/reports/RegistrationsTable.tsx","216","קמפיין → הרשמות (טבלה, סינון ופעולות)","report","","same text also at: src/components/reports/RegistrationsTable.tsx:538"
"שתף קישור מאובטח","src/components/reports/RegistrationsTable.tsx","217","קמפיין → הרשמות (טבלה, סינון ופעולות)","report","",""
"שלח תזכורת","src/components/reports/RegistrationsTable.tsx","218","קמפיין → הרשמות (טבלה, סינון ופעולות)","report","","same text also at: src/components/reports/RegistrationsTable.tsx:233, src/components/reports/RegistrationsTable.tsx:272, src/components/reports/RegistrationsTable.tsx:535 (+2 more)"
"חדש קישור לחתימה","src/components/reports/RegistrationsTable.tsx","220","קמפיין → הרשמות (טבלה, סינון ופעולות)","report","","same text also at: src/components/reports/RegistrationsTable.tsx:537"
"שתף ב-WhatsApp","src/components/reports/RegistrationsTable.tsx","221","קמפיין → הרשמות (טבלה, סינון ופעולות)","report","","same text also at: src/components/reports/RegistrationsTable.tsx:539"
"ערוך פרטי קשר","src/components/reports/RegistrationsTable.tsx","223","קמפיין → הרשמות (טבלה, סינון ופעולות)","report","",""
"אשר","src/components/reports/RegistrationsTable.tsx","229","קמפיין → הרשמות (טבלה, סינון ופעולות)","button","",""
"פתח מסמך","src/components/reports/RegistrationsTable.tsx","237","קמפיין → הרשמות (טבלה, סינון ופעולות)","button","","same text also at: src/server/ai/tools/documents.ts:134"
"נסה שוב","src/components/reports/RegistrationsTable.tsx","241","קמפיין → הרשמות (טבלה, סינון ופעולות)","button","",""
"מוצגות ${rows.length} מתוך ${number.format(total)} — הקובץ המלא בייצוא","src/components/reports/RegistrationsTable.tsx","260","קמפיין → הרשמות (טבלה, סינון ופעולות)","report","${rows.length} | ${number.format(total)}",""
"${number.format(rows.length)} הרשמות","src/components/reports/RegistrationsTable.tsx","260","קמפיין → הרשמות (טבלה, סינון ופעולות)","report","${number.format(rows.length)}","glossary: הרשמות"
"{selected.size} נבחרו","src/components/reports/RegistrationsTable.tsx","270","קמפיין → הרשמות (טבלה, סינון ופעולות)","report","{selected.size}",""
"שלח עותק חתום במייל","src/components/reports/RegistrationsTable.tsx","278","קמפיין → הרשמות (טבלה, סינון ופעולות)","button","",""
"סמן כהוקם","src/components/reports/RegistrationsTable.tsx","282","קמפיין → הרשמות (טבלה, סינון ופעולות)","button","","not in previous catalog"
"ניקוי הבחירה","src/components/reports/RegistrationsTable.tsx","286","קמפיין → הרשמות (טבלה, סינון ופעולות)","button","",""
"אין הרשמות בטווח ובסינון שנבחרו.","src/components/reports/RegistrationsTable.tsx","310","קמפיין → הרשמות (טבלה, סינון ופעולות)","report","","glossary: הרשמות"
"בחירת ${r.businessName}","src/components/reports/RegistrationsTable.tsx","319","קמפיין → הרשמות (טבלה, סינון ופעולות)","aria","${r.businessName}","same text also at: src/components/reports/RegistrationsTable.tsx:364"
"לא שויך ב-CRM","src/components/reports/RegistrationsTable.tsx","328","קמפיין → הרשמות (טבלה, סינון ופעולות)","report","","not in previous catalog; glossary: CRM"
"בחירת כל ההרשמות","src/components/reports/RegistrationsTable.tsx","348","קמפיין → הרשמות (טבלה, סינון ופעולות)","aria","","glossary: הרשמות"
"עסק","src/components/reports/RegistrationsTable.tsx","350","קמפיין → הרשמות (טבלה, סינון ופעולות)","label","",""
"לא שויך ב-CRM — בדקו שיוך","src/components/reports/RegistrationsTable.tsx","373","קמפיין → הרשמות (טבלה, סינון ופעולות)","report","","not in previous catalog; glossary: CRM"
"סימון כהוקם","src/components/reports/RegistrationsTable.tsx","418","קמפיין → הרשמות (טבלה, סינון ופעולות)","heading","","not in previous catalog"
"משימה אחת תסומן כהוקמה באתר.","src/components/reports/RegistrationsTable.tsx","419","קמפיין → הרשמות (טבלה, סינון ופעולות)","report","","not in previous catalog"
"${marking.length} משימות יסומנו כהוקמו באתר.","src/components/reports/RegistrationsTable.tsx","419","קמפיין → הרשמות (טבלה, סינון ופעולות)","report","${marking.length}","not in previous catalog"
"ההסכמים עצמם לא משתנים — רק מצב ההקמה.","src/components/reports/RegistrationsTable.tsx","420","קמפיין → הרשמות (טבלה, סינון ופעולות)","report","","not in previous catalog; glossary: הסכמים"
"מסמן…","src/components/reports/RegistrationsTable.tsx","426","קמפיין → הרשמות (טבלה, סינון ופעולות)","button","","not in previous catalog"
"סמן כהוקם (${marking.length})","src/components/reports/RegistrationsTable.tsx","426","קמפיין → הרשמות (טבלה, סינון ופעולות)","button","${marking.length}","not in previous catalog"
"שליחה חוזרת","src/components/reports/RegistrationsTable.tsx","437","קמפיין → הרשמות (טבלה, סינון ופעולות)","heading","",""
"שליחת עותק חתום","src/components/reports/RegistrationsTable.tsx","437","קמפיין → הרשמות (טבלה, סינון ופעולות)","heading","",""
"בודק מי מתאים לפעולה…","src/components/reports/RegistrationsTable.tsx","439","קמפיין → הרשמות (טבלה, סינון ופעולות)","report","",""
"נוסח התזכורת של הקמפיין, עם קישור חתימה אישי חדש.","src/components/reports/RegistrationsTable.tsx","456","קמפיין → הרשמות (טבלה, סינון ופעולות)","report","","glossary: קמפיין"
"ההודעה המקורית נשלחת שוב, עם קישור חתימה אישי חדש.","src/components/reports/RegistrationsTable.tsx","456","קמפיין → הרשמות (טבלה, סינון ופעולות)","report","",""
"קישור חדש עם תוקף חדש לפי הגדרות הקמפיין; המסמך חוזר להמתין לחתימה. נרשם ב-Audit.","src/components/reports/RegistrationsTable.tsx","456","קמפיין → הרשמות (טבלה, סינון ופעולות)","report","","glossary: קמפיין"
"אישור החתימה עם כפתור מאובטח להורדת המסמך.","src/components/reports/RegistrationsTable.tsx","456","קמפיין → הרשמות (טבלה, סינון ופעולות)","report","",""
"שלח (${pending.plan?.eligible.length ?? 0})","src/components/reports/RegistrationsTable.tsx","463","קמפיין → הרשמות (טבלה, סינון ופעולות)","button","${pending.plan?.eligible.length ?? 0}",""
"לא הצלחנו לטעון את הפרטים.","src/components/reports/RegistrationsTable.tsx","504","קמפיין → הרשמות (טבלה, סינון ופעולות)","error","","same text also at: src/components/reports/RegistrationsTable.tsx:508"
"כל מה שידוע על ההרשמה הזו, והפעולות שאפשר לעשות ממנה.","src/components/reports/RegistrationsTable.tsx","528","קמפיין → הרשמות (טבלה, סינון ופעולות)","dialog","","new 2026-09-07 UX pass"
"פרטי העסק","src/components/reports/RegistrationsTable.tsx","545","קמפיין → הרשמות (טבלה, סינון ופעולות)","heading","",""
"תפקיד","src/components/reports/RegistrationsTable.tsx","550","קמפיין → הרשמות (טבלה, סינון ופעולות)","dialog","","same text also at: src/lib/agreement-roles.ts:37, src/lib/agreement-roles.ts:37, src/lib/self-service-registration.ts:27 (+4 more)"
"פתח את הספק ←","src/components/reports/RegistrationsTable.tsx","556","קמפיין → הרשמות (טבלה, סינון ופעולות)","button","",""
"ההרשמה נשמרה מקומית כי ב-CRM לא נמצאה חברה אחת עם אותו ח.פ. בדקו למי היא שייכת וקשרו אותה, או השאירו אותה כרשומה מקומית.","src/components/reports/RegistrationsTable.tsx","565","קמפיין → הרשמות (טבלה, סינון ופעולות)","help","","not in previous catalog; glossary: CRM"
"ההרשמה","src/components/reports/RegistrationsTable.tsx","573","קמפיין → הרשמות (טבלה, סינון ופעולות)","heading","",""
"תאריך ושעה","src/components/reports/RegistrationsTable.tsx","575","קמפיין → הרשמות (טבלה, סינון ופעולות)","dialog","",""
"כל שדות הטופס ({detail.submission.fields.length})","src/components/reports/RegistrationsTable.tsx","583","קמפיין → הרשמות (טבלה, סינון ופעולות)","dialog","{detail.submission.fields.length}",""
"תוקף הקישור","src/components/reports/RegistrationsTable.tsx","598","קמפיין → הרשמות (טבלה, סינון ופעולות)","dialog","",""
"מהרשמה לחתימה","src/components/reports/RegistrationsTable.tsx","599","קמפיין → הרשמות (טבלה, סינון ופעולות)","dialog","",""
"פתח את ההסכם ←","src/components/reports/RegistrationsTable.tsx","603","קמפיין → הרשמות (טבלה, סינון ופעולות)","button","",""
"פעילות","src/components/reports/RegistrationsTable.tsx","622","קמפיין → הרשמות (טבלה, סינון ופעולות)","heading","",""
"אחוז חתימה","src/components/reports/ReportPanel.tsx","44","קמפיין → דוח (פאנל וייצוא)","report","","same text also at: src/components/reports/ReportPanel.tsx:115"
"כל המקורות — פירוט לפי מקור","src/components/reports/ReportPanel.tsx","111","קמפיין → דוח (פאנל וייצוא)","report","",""
"אין הסכמים שנשלחו בטווח הזה.","src/components/reports/ReportPanel.tsx","144","קמפיין → דוח (פאנל וייצוא)","report","","glossary: הסכמים"
"נשלח ${dateFormat.format(row.sentAt)}","src/components/reports/ReportPanel.tsx","164","קמפיין → דוח (פאנל וייצוא)","report","${dateFormat.format(row.sentAt)}",""
"· נחתם ${dateFormat.format(row.completedAt)}","src/components/reports/ReportPanel.tsx","165","קמפיין → דוח (פאנל וייצוא)","report","${dateFormat.format(row.completedAt)}","not in previous catalog"
"מוצגים {rowLimit} ההסכמים האחרונים — הייצוא ל-Excel כולל את כולם.","src/components/reports/ReportPanel.tsx","208","קמפיין → דוח (פאנל וייצוא)","report","{rowLimit}","glossary: הסכמים"
"סטטוסים","src/components/reports/ReportPanel.tsx","233","קמפיין → דוח (פאנל וייצוא)","report","",""
"חתימות לאורך זמן","src/components/reports/ReportPanel.tsx","259","קמפיין → דוח (פאנל וייצוא)","report","",""
"שבוע ${weekFormat.format(point.week)}: ${point.signed} נחתמו","src/components/reports/ReportPanel.tsx","265","קמפיין → דוח (פאנל וייצוא)","aria","${weekFormat.format(point.week)} | ${point.signed}",""
"פרטי הארגון","src/components/settings/BrandKitForm.tsx","68","הגדרות → ארגון ומיתוג","heading","","same text also at: src/components/settings/SettingsNav.tsx:14"
"הפרטים האלה מופיעים בראש כל מסמך שנוצר במערכת.","src/components/settings/BrandKitForm.tsx","70","הגדרות → ארגון ומיתוג","help","",""
"שם הארגון","src/components/settings/BrandKitForm.tsx","73","הגדרות → ארגון ומיתוג","other","","same text also at: src/lib/message-template.ts:62"
"שם משפטי (לחוזים)","src/components/settings/BrandKitForm.tsx","74","הגדרות → ארגון ומיתוג","other","",""
"כתובת הלוגו","src/components/settings/BrandKitForm.tsx","80","הגדרות → ארגון ומיתוג","other","",""
"מיתוג","src/components/settings/BrandKitForm.tsx","85","הגדרות → ארגון ומיתוג","heading","",""
"כשמבקשים מ-XTRA AI לעצב מסמך, הוא משתמש בצבעים האלה.","src/components/settings/BrandKitForm.tsx","87","הגדרות → ארגון ומיתוג","help","",""
"צבע ראשי","src/components/settings/BrandKitForm.tsx","91","הגדרות → ארגון ומיתוג","label","","same text also at: src/components/settings/BrandKitForm.tsx:95"
"צבע משני","src/components/settings/BrandKitForm.tsx","110","הגדרות → ארגון ומיתוג","label","","same text also at: src/components/settings/BrandKitForm.tsx:114"
"גופן מועדף","src/components/settings/BrandKitForm.tsx","128","הגדרות → ארגון ומיתוג","other","",""
"שורת תחתית למסמכים","src/components/settings/BrandKitForm.tsx","129","הגדרות → ארגון ומיתוג","other","",""
"✓ נשמר","src/components/settings/BrandKitForm.tsx","147","הגדרות → ארגון ומיתוג","other","",""
"לא הצלחנו להכין את התצוגה המקדימה.","src/components/settings/EmailPreview.tsx","35","הגדרות → אימיילים (תצוגה מקדימה ושליחת בדיקה)","error","",""
"מייל בדיקה נשלח אל ${to}.","src/components/settings/EmailPreview.tsx","50","הגדרות → אימיילים (תצוגה מקדימה ושליחת בדיקה)","success","${to}",""
"לחותם","src/components/settings/EmailPreview.tsx","63","הגדרות → אימיילים (תצוגה מקדימה ושליחת בדיקה)","help","",""
"לצוות","src/components/settings/EmailPreview.tsx","63","הגדרות → אימיילים (תצוגה מקדימה ושליחת בדיקה)","help","",""
"גרסת טקסט","src/components/settings/EmailPreview.tsx","88","הגדרות → אימיילים (תצוגה מקדימה ושליחת בדיקה)","button","",""
"התצוגה כאן היא של הדפדפן. לבדיקה אמיתית ב-Gmail / Outlook / בנייד, שלחו מייל בדיקה לכתובת שלכם.","src/components/settings/EmailPreview.tsx","94","הגדרות → אימיילים (תצוגה מקדימה ושליחת בדיקה)","help","",""
"כתובת לשליחת מייל בדיקה","src/components/settings/EmailPreview.tsx","102","הגדרות → אימיילים (תצוגה מקדימה ושליחת בדיקה)","aria","",""
"שלח מייל בדיקה","src/components/settings/EmailPreview.tsx","111","הגדרות → אימיילים (תצוגה מקדימה ושליחת בדיקה)","button","",""
"מסמך נחתם","src/components/settings/NotificationSettingsForm.tsx","15","הגדרות → התראות","setting","",""
"ליד חדש מטופס הצטרפות","src/components/settings/NotificationSettingsForm.tsx","16","הגדרות → התראות","setting","",""
"שליחה נכשלה","src/components/settings/NotificationSettingsForm.tsx","17","הגדרות → התראות","error","","same text also at: src/lib/project-notifications.ts:9, src/lib/relative-time.ts:28, src/lib/relative-time.ts:29 (+2 more)"
"מסמכים שממתינים כמה ימים","src/components/settings/NotificationSettingsForm.tsx","18","הגדרות → התראות","setting","",""
"סיכום יומי","src/components/settings/NotificationSettingsForm.tsx","18","הגדרות → התראות","setting","","same text also at: src/components/settings/NotificationSettingsForm.tsx:19"
"קישורים שעומדים לפוג","src/components/settings/NotificationSettingsForm.tsx","19","הגדרות → התראות","setting","",""
"כתובות אימייל לקבלת התראות","src/components/settings/NotificationSettingsForm.tsx","66","הגדרות → התראות","label","",""
"כתובת אחת בכל שורה. אפשר יותר מאחת.","src/components/settings/NotificationSettingsForm.tsx","67","הגדרות → התראות","label","",""
"אילו אירועים שולחים אימייל","src/components/settings/NotificationSettingsForm.tsx","79","הגדרות → התראות","heading","",""
"החיבור תקין.","src/components/settings/SecuritySettingsForm.tsx","46","הגדרות → אבטחה (CAPTCHA)","help","",""
"הבדיקה נכשלה.","src/components/settings/SecuritySettingsForm.tsx","46","הגדרות → אבטחה (CAPTCHA)","error","",""
"הבדיקה נכשלה. בדקו את החיבור לאינטרנט.","src/components/settings/SecuritySettingsForm.tsx","48","הגדרות → אבטחה (CAPTCHA)","error","",""
"ההגדרות נשמרו. הגנת CAPTCHA פעילה.","src/components/settings/SecuritySettingsForm.tsx","73","הגדרות → אבטחה (CAPTCHA)","success","",""
"ההגדרות נשמרו. הגנת CAPTCHA כבויה.","src/components/settings/SecuritySettingsForm.tsx","73","הגדרות → אבטחה (CAPTCHA)","success","",""
"הגנת CAPTCHA","src/components/settings/SecuritySettingsForm.tsx","86","הגדרות → אבטחה (CAPTCHA)","heading","",""
"מסננת שליחות אוטומטיות בהתחברות ובטפסים הציבוריים, ברקע וללא חידות. עובדת לצד הגבלות הקצב הקיימות.","src/components/settings/SecuritySettingsForm.tsx","87","הגדרות → אבטחה (CAPTCHA)","setting","",""
"CAPTCHA פעיל","src/components/settings/SecuritySettingsForm.tsx","91","הגדרות → אבטחה (CAPTCHA)","label","",""
"כיבוי CAPTCHA מפחית את ההגנה מפני שליחות אוטומטיות וניצול לרעה.","src/components/settings/SecuritySettingsForm.tsx","96","הגדרות → אבטחה (CAPTCHA)","setting","",""
"איפה להגן","src/components/settings/SecuritySettingsForm.tsx","108","הגדרות → אבטחה (CAPTCHA)","setting","",""
"התחברות (לפני שליחת קוד)","src/components/settings/SecuritySettingsForm.tsx","112","הגדרות → אבטחה (CAPTCHA)","label","",""
"טפסים ציבוריים והרשמה לקמפיינים","src/components/settings/SecuritySettingsForm.tsx","116","הגדרות → אבטחה (CAPTCHA)","label","",""
"חשבון Google","src/components/settings/SecuritySettingsForm.tsx","124","הגדרות → אבטחה (CAPTCHA)","heading","",""
"אפשר להחליף פרויקט או מפתחות בכל עת: מזינים, בודקים, ושומרים. ההגדרות הישנות נשארות בתוקף עד שהחדשות נבדקו ונשמרו.","src/components/settings/SecuritySettingsForm.tsx","125","הגדרות → אבטחה (CAPTCHA)","setting","",""
"השרת אינו מוגדר לשמירת מפתחות מוצפנים. יש להגדיר את משתנה הסביבה SIGN_SECRETS_KEY פעם אחת בסביבת ההרצה.","src/components/settings/SecuritySettingsForm.tsx","128","הגדרות → אבטחה (CAPTCHA)","error","",""
"API Key (אישור ליצירת Assessments)","src/components/settings/SecuritySettingsForm.tsx","141","הגדרות → אבטחה (CAPTCHA)","setting","",""
"הזינו מפתח חדש","src/components/settings/SecuritySettingsForm.tsx","150","הגדרות → אבטחה (CAPTCHA)","placeholder","",""
"החלפת מפתח","src/components/settings/SecuritySettingsForm.tsx","165","הגדרות → אבטחה (CAPTCHA)","button","",""
"המפתח נשמר מוצפן ואינו מוצג שוב. רשימת הדומיינים המורשים למפתח מנוהלת ב-Google Cloud, לא כאן.","src/components/settings/SecuritySettingsForm.tsx","169","הגדרות → אבטחה (CAPTCHA)","setting","",""
"בדיקת חיבור","src/components/settings/SecuritySettingsForm.tsx","174","הגדרות → אבטחה (CAPTCHA)","button","",""
"הגנה","src/components/settings/SecuritySettingsForm.tsx","185","הגדרות → אבטחה (CAPTCHA)","heading","",""
"מותאם ({threshold})","src/components/settings/SecuritySettingsForm.tsx","198","הגדרות → אבטחה (CAPTCHA)","setting","{threshold}",""
"הגדרות מתקדמות","src/components/settings/SecuritySettingsForm.tsx","201","הגדרות → אבטחה (CAPTCHA)","button","",""
"בקשות עם ציון נמוך מהסף נדחות. Google ממליצה לכוון לפי הנתונים בפועל אחרי 48 שעות.","src/components/settings/SecuritySettingsForm.tsx","216","הגדרות → אבטחה (CAPTCHA)","label","",""
"לפני הפעלה עם פרטים חדשים יש להריץ &quot;בדיקת חיבור&quot; מוצלחת.","src/components/settings/SecuritySettingsForm.tsx","226","הגדרות → אבטחה (CAPTCHA)","setting","",""
"אבטחה","src/components/settings/SettingsNav.tsx","18","הגדרות → ניווט","setting","",""
"<span>+</span> הוספת משתמש","src/components/settings/UsersTable.tsx","51","הגדרות → משתמשים","other","","not in previous catalog"
"משתמש חדש","src/components/settings/UsersTable.tsx","68","הגדרות → משתמשים","aria","",""
"המשתמש ייכנס עם מספר הטלפון שתזינו כאן ויקבל קוד חד-פעמי ב-SMS.","src/components/settings/UsersTable.tsx","69","הגדרות → משתמשים","other","",""
"יצירת משתמש","src/components/settings/UsersTable.tsx","70","הגדרות → משתמשים","other","",""
"המשתמש נוצר ויכול להיכנס עם מספר הטלפון שהוגדר.","src/components/settings/UsersTable.tsx","78","הגדרות → משתמשים","success","",""
"(אתם)","src/components/settings/UsersTable.tsx","106","הגדרות → משתמשים","other","",""
"מושבת","src/components/settings/UsersTable.tsx","121","הגדרות → משתמשים","other","",""
"הרשאה של ${user.name}","src/components/settings/UsersTable.tsx","127","הגדרות → משתמשים","aria","${user.name}",""
"משתמש","src/components/settings/UsersTable.tsx","139","הגדרות → משתמשים","label","","same text also at: src/components/settings/UsersTable.tsx:266"
"מנהל מערכת","src/components/settings/UsersTable.tsx","140","הגדרות → משתמשים","label","","same text also at: src/components/settings/UsersTable.tsx:267"
"הפעלה","src/components/settings/UsersTable.tsx","168","הגדרות → משתמשים","button","",""
"השבתה","src/components/settings/UsersTable.tsx","168","הגדרות → משתמשים","button","",""
"עריכת ${user.name}","src/components/settings/UsersTable.tsx","176","הגדרות → משתמשים","aria","${user.name}",""
"שינוי מספר הטלפון משנה את הדרך שבה המשתמש נכנס למערכת.","src/components/settings/UsersTable.tsx","177","הגדרות → משתמשים","other","",""
"הפרטים עודכנו.","src/components/settings/UsersTable.tsx","186","הגדרות → משתמשים","success","",""
"הרשאה","src/components/settings/UsersTable.tsx","258","הגדרות → משתמשים","label","",""
"לא הצלחנו להמשיך. נסו שוב בעוד רגע.","src/components/signer/ContinueSigning.tsx","23","עמוד ציבורי: חתימה","public_page","","not in previous catalog"
"לא הצלחנו להמשיך. בדקו את החיבור לאינטרנט ונסו שוב.","src/components/signer/ContinueSigning.tsx","28","עמוד ציבורי: חתימה","public_page","","not in previous catalog"
"המסמך כבר נחתם","src/components/signer/ContinueSigning.tsx","40","עמוד ציבורי: חתימה","public_page","","not in previous catalog"
"קבלו קוד לטלפון כדי להוריד את העותק החתום.","src/components/signer/ContinueSigning.tsx","43","עמוד ציבורי: חתימה","public_page","","not in previous catalog"
"קבלו קוד לטלפון${maskedPhone ? ` ${maskedPhone}` : ''} כדי להמשיך מהמקום שבו עצרתם. שום דבר לא אבד.","src/components/signer/ContinueSigning.tsx","44","עמוד ציבורי: חתימה","public_page","${maskedPhone ? ` ${maskedPhone}","not in previous catalog"
"שלחו לי קוד להורדה","src/components/signer/ContinueSigning.tsx","48","עמוד ציבורי: חתימה","public_page","","not in previous catalog"
"שלחו לי קוד והמשיכו","src/components/signer/ContinueSigning.tsx","48","עמוד ציבורי: חתימה","public_page","","not in previous catalog"
"האימות נכשל.","src/components/signer/OtpStep.tsx","76","עמוד חתימה → אימות קוד (OTP)","public_page","",""
"אימות זהות","src/components/signer/OtpStep.tsx","91","עמוד חתימה → אימות קוד (OTP)","public_page","",""
"נשלח קוד אימות חד-פעמי למספר <span>{maskedPhone ?? ''}</span>","src/components/signer/OtpStep.tsx","92","עמוד חתימה → אימות קוד (OTP)","public_page","{maskedPhone ?? ''}","not in previous catalog"
"שלחנו קוד בן 6 ספרות אל <span>{maskedPhone ?? ''}</span> . בטלפון, הקוד יוצע לכם מעל המקלדת.","src/components/signer/OtpStep.tsx","125","עמוד חתימה → אימות קוד (OTP)","public_page","{maskedPhone ?? ''}","not in previous catalog"
"שטח חתימה","src/components/signer/SignaturePad.tsx","13","עמוד חתימה → ציור חתימה","public_page","","same text also at: src/components/signer/SignatureSheet.tsx:145"
"ניקוי וחתימה מחדש","src/components/signer/SignaturePad.tsx","14","עמוד חתימה → ציור חתימה","public_page","",""
"חתמו כאן באצבע או בעכבר","src/components/signer/SignaturePad.tsx","119","עמוד חתימה → ציור חתימה","public_page","",""
"החתימה שלך","src/components/signer/SignatureSheet.tsx","113","עמוד חתימה → ציור חתימה","public_page","","same text also at: src/components/signer/SignatureSheet.tsx:115"
"ציור חתימה","src/components/signer/SignatureSheet.tsx","129","עמוד חתימה → ציור חתימה","public_page","",""
"הקלדת שם","src/components/signer/SignatureSheet.tsx","129","עמוד חתימה → ציור חתימה","public_page","",""
"ניקוי","src/components/signer/SignatureSheet.tsx","148","עמוד חתימה → ציור חתימה","public_page","","same text also at: src/components/tags/TagFilter.tsx:73"
"לאחר האישור המסמך ייחתם ולא יהיה ניתן לערוך אותו.","src/components/signer/SignatureSheet.tsx","176","עמוד חתימה → ציור חתימה","public_page","",""
"אישור וחתימה","src/components/signer/SignatureSheet.tsx","198","עמוד חתימה → ציור חתימה","public_page","",""
"לחתימה הבאה","src/components/signer/SignerDocument.tsx","123","עמוד חתימה → המסמך והשדות","public_page","",""
"לשדה הבא","src/components/signer/SignerDocument.tsx","124","עמוד חתימה → המסמך והשדות","public_page","",""
"{completedCount} מתוך {steps.length} הושלמו","src/components/signer/SignerDocument.tsx","180","עמוד חתימה → המסמך והשדות","public_page","{completedCount} | {steps.length}",""
"סיום ושליחת המסמך","src/components/signer/SignerDocument.tsx","202","עמוד חתימה → המסמך והשדות","public_page","",""
"חתימה: ${field.label}","src/components/signer/SignerDocument.tsx","268","עמוד חתימה → המסמך והשדות","public_page","${field.label}",""
"✓ נחתם","src/components/signer/SignerDocument.tsx","275","עמוד חתימה → המסמך והשדות","public_page","",""
"✍ לחצו לחתימה","src/components/signer/SignerDocument.tsx","275","עמוד חתימה → המסמך והשדות","public_page","",""
"נדרשת חתימה כדי לסיים.","src/components/signer/SignerFlow.tsx","58","עמוד חתימה (חותם)","public_page","",""
"לא הצלחנו לשמור את הפרטים.","src/components/signer/SignerFlow.tsx","73","עמוד חתימה (חותם)","public_page","",""
"החתימה נכשלה. בדקו את החיבור לאינטרנט.","src/components/signer/SignerFlow.tsx","89","עמוד חתימה (חותם)","public_page","",""
"החתימה הושלמה בהצלחה","src/components/signer/SignerFlow.tsx","101","עמוד חתימה (חותם)","public_page","","same text also at: src/server/mail/catalog.ts:82, src/server/notifications/campaign-mail.ts:151"
"העתק של המסמך החתום נשלח אליך.","src/components/signer/SignerFlow.tsx","102","עמוד חתימה (חותם)","public_page","",""
"הורדת המסמך","src/components/signer/SignerFlow.tsx","107","עמוד חתימה (חותם)","public_page","",""
"שלום {signerName},","src/components/signer/SignerFlow.tsx","119","עמוד חתימה (חותם)","public_page","{signerName}",""
"מחכה לך מסמך לחתימה","src/components/signer/SignerFlow.tsx","120","עמוד חתימה (חותם)","public_page","",""
"לצפייה וחתימה","src/components/signer/SignerFlow.tsx","127","עמוד חתימה (חותם)","public_page","","same text also at: src/lib/message-template.ts:161, src/server/documents/send-agreement.ts:83, src/server/mail/catalog.ts:50 (+2 more)"
"אפשר להתחיל","src/components/signer/SignerFlow.tsx","147","עמוד חתימה (חותם)","public_page","",""
"נדרשות ${actionCount} פעולות. נוביל אותך ביניהן אחת-אחת — לא צריך לחפש כלום.","src/components/signer/SignerFlow.tsx","150","עמוד חתימה (חותם)","public_page","${actionCount}",""
"נותר רק לחתום. נוביל אותך לשם.","src/components/signer/SignerFlow.tsx","151","עמוד חתימה (חותם)","public_page","",""
"התחלת חתימה","src/components/signer/SignerFlow.tsx","158","עמוד חתימה (חותם)","public_page","",""
"הוספת תגים","src/components/tags/BulkBar.tsx","16","תגים","other","","not in previous catalog; same text also at: src/components/tags/BulkBar.tsx:88"
"הסרת תגים","src/components/tags/BulkBar.tsx","16","תגים","other","","not in previous catalog; same text also at: src/components/tags/BulkBar.tsx:89"
"הוספת הערה","src/components/tags/BulkBar.tsx","16","תגים","other","","not in previous catalog"
"דרך פשוטה לארגן ספקים ולקוחות ולמצוא אותם במהירות.","src/components/tags/BulkBar.tsx","20","תגים","other","","new 2026-09-07 UX pass; glossary: ספקים, לקוחות; same text also at: src/components/tags/TagFilter.tsx:33"
"התגים שתבחרו יוסרו מכל הרשומות שנבחרו.","src/components/tags/BulkBar.tsx","21","תגים","other","","new 2026-09-07 UX pass"
"ההערה תתווסף כשורה חדשה להערות של כל רשומה, מתחת למה שכבר כתוב.","src/components/tags/BulkBar.tsx","22","תגים","other","","new 2026-09-07 UX pass"
"התגים שתבחרו יתווספו ל-${n} רשומות.","src/components/tags/BulkBar.tsx","27","תגים","other","${n}","new 2026-09-07 UX pass"
"התגים שתבחרו יוסרו מ-${n} רשומות.","src/components/tags/BulkBar.tsx","27","תגים","other","${n}","new 2026-09-07 UX pass"
"ההערה תתווסף ל-${n} רשומות.","src/components/tags/BulkBar.tsx","27","תגים","other","${n}","new 2026-09-07 UX pass"
"נבחרו {companyIds.length}","src/components/tags/BulkBar.tsx","87","תגים","other","{companyIds.length}","not in previous catalog"
"יצירת התג נכשלה.","src/components/tags/BulkBar.tsx","151","תגים","error","","not in previous catalog; same text also at: src/components/tags/BulkBar.tsx:157, src/components/tags/TagPicker.tsx:74, src/components/tags/TagPicker.tsx:82 (+1 more)"
"עודכנו ${done.updated} · ללא שינוי ${done.skipped}","src/components/tags/BulkBar.tsx","168","תגים","success","${done.updated} | ${done.skipped}","not in previous catalog"
"למשל: נשלח תזכורת בטלפון","src/components/tags/BulkBar.tsx","194","תגים","placeholder","","not in previous catalog"
"לרשומות שנבחרו אין תגים.","src/components/tags/BulkBar.tsx","197","תגים","help","","not in previous catalog"
"בחירת תגים","src/components/tags/BulkBar.tsx","199","תגים","aria","","not in previous catalog"
"אין תגים עדיין — צרו את הראשון למטה.","src/components/tags/BulkBar.tsx","209","תגים","empty_state","","not in previous catalog"
"תג חדש","src/components/tags/BulkBar.tsx","215","תגים","label","","not in previous catalog"
"תג חדש…","src/components/tags/BulkBar.tsx","227","תגים","placeholder","","not in previous catalog"
"צור תג חדש","src/components/tags/BulkBar.tsx","231","תגים","button","","not in previous catalog"
"סינון לפי תגים","src/components/tags/TagFilter.tsx","32","תגים","aria","","not in previous catalog"
"תגים:","src/components/tags/TagFilter.tsx","33","תגים","other","","not in previous catalog"
"איך לשלב תגים","src/components/tags/TagFilter.tsx","51","תגים","aria","","not in previous catalog"
"כל התגים","src/components/tags/TagFilter.tsx","54","תגים","other","","not in previous catalog"
"אחד מהם","src/components/tags/TagFilter.tsx","55","תגים","other","","not in previous catalog"
"הסרת התג ${tag.name}","src/components/tags/TagPicker.tsx","113","תגים","aria","${tag.name}","not in previous catalog"
"עדיין אין תגים. דרך פשוטה לארגן ספקים ולקוחות ולמצוא אותם במהירות.","src/components/tags/TagPicker.tsx","120","תגים","empty_state","","new 2026-09-07 UX pass; glossary: ספקים, לקוחות"
"הוספת תג","src/components/tags/TagPicker.tsx","124","תגים","label","","not in previous catalog"
"הוספת תג… (Enter ליצירה)","src/components/tags/TagPicker.tsx","142","תגים","placeholder","","not in previous catalog"
"צור תג חדש ""${input.trim()}""","src/components/tags/TagPicker.tsx","159","תגים","button","${input.trim()}","not in previous catalog"
"שינוי השם נכשל.","src/components/templates/TemplateDetail.tsx","37","תבנית (דף התבנית: שם, שדות, החלפת PDF, מסמך חדש)","error","",""
"השם עודכן.","src/components/templates/TemplateDetail.tsx","40","תבנית (דף התבנית: שם, שדות, החלפת PDF, מסמך חדש)","other","",""
"{pages.length} עמודים · {fields.length} שדות · {mapped} ממולאים אוטומטית · {…}{…}","src/components/templates/TemplateDetail.tsx","69","תבנית (דף התבנית: שם, שדות, החלפת PDF, מסמך חדש)","other","{pages.length} | {fields.length} | {mapped} | {…} | {…}","not in previous catalog"
"${signatures} חתימות","src/components/templates/TemplateDetail.tsx","70","תבנית (דף התבנית: שם, שדות, החלפת PDF, מסמך חדש)","help","${signatures}",""
"· בשימוש ב-${usedBy.length} קמפיינים","src/components/templates/TemplateDetail.tsx","71","תבנית (דף התבנית: שם, שדות, החלפת PDF, מסמך חדש)","help","${usedBy.length}","not in previous catalog"
"עריכת שדות","src/components/templates/TemplateDetail.tsx","83","תבנית (דף התבנית: שם, שדות, החלפת PDF, מסמך חדש)","button","",""
"החלפת PDF","src/components/templates/TemplateDetail.tsx","84","תבנית (דף התבנית: שם, שדות, החלפת PDF, מסמך חדש)","button","",""
"החלפת ה-PDF","src/components/templates/TemplateDetail.tsx","93","תבנית (דף התבנית: שם, שדות, החלפת PDF, מסמך חדש)","heading","",""
"גרסה חדשה של המסמך. הקמפיינים שמשתמשים בתבנית עוברים אליה; מסמכים שכבר נשלחו נשארים כפי שהם.","src/components/templates/TemplateDetail.tsx","94","תבנית (דף התבנית: שם, שדות, החלפת PDF, מסמך חדש)","help","",""
"לתבנית הזו אין עדיין שדות. בלי שדות אי אפשר למלא פרטים או לחתום — <Link>הציבו שדות בעורך</Link>.","src/components/templates/TemplateDetail.tsx","102","תבנית (דף התבנית: שם, שדות, החלפת PDF, מסמך חדש)","other","",""
"הציבו שדות בעורך","src/components/templates/TemplateDetail.tsx","103","תבנית (דף התבנית: שם, שדות, החלפת PDF, מסמך חדש)","button","","not in previous catalog"
"זיהוי שדות ומיפוי","src/components/templates/TemplateUploadWizard.tsx","23","תבניות → תבנית חדשה (אשף העלאת PDF)","other","",""
"אישור והפעלה","src/components/templates/TemplateUploadWizard.tsx","25","תבניות → תבנית חדשה (אשף העלאת PDF)","other","","same text also at: src/components/templates/TemplateUploadWizard.tsx:243"
"לא הצלחנו להכין תצוגה מקדימה.","src/components/templates/TemplateUploadWizard.tsx","89","תבניות → תבנית חדשה (אשף העלאת PDF)","error","",""
"ההחלפה נכשלה.","src/components/templates/TemplateUploadWizard.tsx","110","תבניות → תבנית חדשה (אשף העלאת PDF)","error","",""
"בוחרים את קובץ ה-PDF ונותנים לתבנית שם.","src/components/templates/TemplateUploadWizard.tsx","139","תבניות → תבנית חדשה (אשף העלאת PDF)","help","","new 2026-09-07 UX pass"
"למשל: הסכם ספק 2027","src/components/templates/TemplateUploadWizard.tsx","142","תבניות → תבנית חדשה (אשף העלאת PDF)","placeholder","",""
"בחירת קובץ PDF","src/components/templates/TemplateUploadWizard.tsx","154","תבניות → תבנית חדשה (אשף העלאת PDF)","aria","",""
"גררו לכאן קובץ PDF, או","src/components/templates/TemplateUploadWizard.tsx","155","תבניות → תבנית חדשה (אשף העלאת PDF)","help","",""
"החלפת קובץ","src/components/templates/TemplateUploadWizard.tsx","156","תבניות → תבנית חדשה (אשף העלאת PDF)","button","",""
"PDF עד 25MB; שדות מילוי שקיימים בקובץ מזוהים אוטומטית, ואם אין — מציבים אותם בעורך אחרי ההעלאה.","src/components/templates/TemplateUploadWizard.tsx","157","תבניות → תבנית חדשה (אשף העלאת PDF)","help","","new 2026-09-07 UX pass"
"ההחלפה שומרת גרסאות: מסמכים שכבר נשלחו או נחתמו שומרים את הגרסה שלהם. רק מסמכים חדשים ייעשו מהתבנית החדשה.","src/components/templates/TemplateUploadWizard.tsx","159","תבניות → תבנית חדשה (אשף העלאת PDF)","help","",""
"בקובץ לא זוהו שדות מילוי.","src/components/templates/TemplateUploadWizard.tsx","170","תבניות → תבנית חדשה (אשף העלאת PDF)","help","",""
"זה קורה כשה-PDF הוא סריקה או מסמך ״שטוח״ בלי שדות טופס. אפשר להמשיך בשתי דרכים:","src/components/templates/TemplateUploadWizard.tsx","171","תבניות → תבנית חדשה (אשף העלאת PDF)","help","","new 2026-09-07 UX pass"
"לפתוח את עורך השדות ולהציב את השדות (שם העסק, ח.פ., חתימה, תאריך…) ידנית על העמודים.","src/components/templates/TemplateUploadWizard.tsx","173","תבניות → תבנית חדשה (אשף העלאת PDF)","help","",""
"או להעלות קובץ אחר שבו שדות המילוי מוגדרים.","src/components/templates/TemplateUploadWizard.tsx","174","תבניות → תבנית חדשה (אשף העלאת PDF)","help","",""
"לפתיחת עורך השדות","src/components/templates/TemplateUploadWizard.tsx","177","תבניות → תבנית חדשה (אשף העלאת PDF)","button","",""
"העלאת קובץ אחר","src/components/templates/TemplateUploadWizard.tsx","178","תבניות → תבנית חדשה (אשף העלאת PDF)","button","",""
"זוהו {detected.length} שדות. לכל שדה, בחרו איזה פרט ימולא בו אוטומטית:","src/components/templates/TemplateUploadWizard.tsx","183","תבניות → תבנית חדשה (אשף העלאת PDF)","other","{detected.length}",""
"עמוד {f.page} · {f.type}","src/components/templates/TemplateUploadWizard.tsx","189","תבניות → תבנית חדשה (אשף העלאת PDF)","other","{f.page} | {f.type}",""
"פרט לשדה ${f.name}","src/components/templates/TemplateUploadWizard.tsx","191","תבניות → תבנית חדשה (אשף העלאת PDF)","aria","${f.name}",""
"עדיין לא מופו: {missing.map((m) => m.label).join(', ')}. אפשר להמשיך ולהשלים בעורך השדות.","src/components/templates/TemplateUploadWizard.tsx","200","תבניות → תבנית חדשה (אשף העלאת PDF)","other","{missing.map((m) => m.label).join(', ')}",""
"המשך לתצוגה מקדימה","src/components/templates/TemplateUploadWizard.tsx","202","תבניות → תבנית חדשה (אשף העלאת PDF)","button","",""
"לעורך השדות","src/components/templates/TemplateUploadWizard.tsx","203","תבניות → תבנית חדשה (אשף העלאת PDF)","button","",""
"כך ייראה המסמך: השדות המסומנים ימולאו אוטומטית מהפרטים, וחתימה ותאריך — בעת החתימה.","src/components/templates/TemplateUploadWizard.tsx","212","תבניות → תבנית חדשה (אשף העלאת PDF)","help","","new 2026-09-07 UX pass"
"הכול תקין, להמשך","src/components/templates/TemplateUploadWizard.tsx","225","תבניות → תבנית חדשה (אשף העלאת PDF)","button","",""
"החלפת התבנית","src/components/templates/TemplateUploadWizard.tsx","234","תבניות → תבנית חדשה (אשף העלאת PDF)","help","",""
"הפעלת התבנית","src/components/templates/TemplateUploadWizard.tsx","234","תבניות → תבנית חדשה (אשף העלאת PDF)","help","",""
"התבנית החדשה תחליף את הקודמת בכל קמפיין שהשתמש בה (הסכם ברירת המחדל וההסכם של עמוד ההרשמה). התבנית הקודמת יורדת מהרשימה; מסמכים שכבר נשלחו או נחתמו לא משתנים.","src/components/templates/TemplateUploadWizard.tsx","237","תבניות → תבנית חדשה (אשף העלאת PDF)","help","","glossary: קמפיין"
"התבנית תופיע ברשימת התבניות ותהיה זמינה לקמפיינים ולמסמכים חדשים.","src/components/templates/TemplateUploadWizard.tsx","238","תבניות → תבנית חדשה (אשף העלאת PDF)","help","",""
"{rebound} קמפיינים הועברו לתבנית החדשה.","src/components/templates/TemplateUploadWizard.tsx","241","תבניות → תבנית חדשה (אשף העלאת PDF)","other","{rebound}",""
"אישור והחלפה","src/components/templates/TemplateUploadWizard.tsx","243","תבניות → תבנית חדשה (אשף העלאת PDF)","button","",""
"העתק","src/components/ui/CopyButton.tsx","6","כפתור העתקה","other","",""
"העתיקו:","src/components/ui/CopyButton.tsx","17","כפתור העתקה","button","",""
"שם העסק / החברה","src/lib/agreement-roles.ts","32","שדות חתימה — סוגים, בעלים ותפקידים","other","","same text also at: src/lib/self-service-registration.ts:24, src/server/mail/catalog.ts:105, src/server/notifications/campaign-mail.ts:52 (+2 more)"
"מספר ח.פ. / ע.מ.","src/lib/agreement-roles.ts","33","שדות חתימה — סוגים, בעלים ותפקידים","other","","same text also at: src/lib/self-service-registration.ts:25"
"ח.פ","src/lib/agreement-roles.ts","33","שדות חתימה — סוגים, בעלים ותפקידים","help","","same text also at: src/server/ai/tools/design.ts:157"
"דוא","src/lib/agreement-roles.ts","35","שדות חתימה — סוגים, בעלים ותפקידים","help","",""
"שם מורשה החתימה","src/lib/agreement-roles.ts","36","שדות חתימה — סוגים, בעלים ותפקידים","other","",""
"מורשה","src/lib/agreement-roles.ts","36","שדות חתימה — סוגים, בעלים ותפקידים","help","",""
"ישירות","src/lib/campaign-events.ts","102","קמפיין → תוויות, סוגים וסטטוסים","other","",""
"טופס לאיסוף פרטים מספקים או מלקוחות. כל פנייה חדשה ממתינה לטיפול הצוות, ואפשר להמשיך ממנה לחתימה או להוסיף כספק/לקוח.","src/lib/campaigns.ts","21","קמפיין → תוויות, סוגים וסטטוסים","help","","not in previous catalog; glossary: ספקים, לקוחות"
"שליחת הסכמים לנמענים שנבחרו, או הרשמה וחתימה עצמאית דרך טופס. המערכת מנהלת את ההסכמים, החתימות והמסמכים החתומים.","src/lib/campaigns.ts","22","קמפיין → תוויות, סוגים וסטטוסים","help","","not in previous catalog; glossary: נמענים, הסכמים"
"מה קורה אחרי הטופס","src/lib/campaigns.ts","33","קמפיין → תוויות, סוגים וסטטוסים","other","","not in previous catalog"
"הפנייה מחכה לצוות (לאשר / להמשיך לחתימה ידנית)","src/lib/campaigns.ts","33","קמפיין → תוויות, סוגים וסטטוסים","other","","not in previous catalog"
"הנרשם עובר ישירות להסכם, קוד וחתימה","src/lib/campaigns.ts","33","קמפיין → תוויות, סוגים וסטטוסים","other","","not in previous catalog"
"צריך הסכם?","src/lib/campaigns.ts","34","קמפיין → תוויות, סוגים וסטטוסים","other","","not in previous catalog"
"כן (אפשר להעלות אחר כך)","src/lib/campaigns.ts","34","קמפיין → תוויות, סוגים וסטטוסים","other","","not in previous catalog"
"קהל קיים","src/lib/campaigns.ts","35","קמפיין → תוויות, סוגים וסטטוסים","other","","not in previous catalog; same text also at: src/lib/campaigns.ts:56, src/lib/campaigns.ts:90, src/lib/campaigns.ts:90"
"אפשר, לא חובה","src/lib/campaigns.ts","35","קמפיין → תוויות, סוגים וסטטוסים","other","","not in previous catalog; same text also at: src/lib/campaigns.ts:35"
"טופס / הטמעה / API / עמוד מותאם","src/lib/campaigns.ts","36","קמפיין → תוויות, סוגים וסטטוסים","other","","not in previous catalog"
"הפצות SMS/Email","src/lib/campaigns.ts","37","קמפיין → תוויות, סוגים וסטטוסים","other","","not in previous catalog"
"הזמנה אישית","src/lib/campaigns.ts","38","קמפיין → תוויות, סוגים וסטטוסים","other","","not in previous catalog"
"פניות, מקורות, נציגים","src/lib/campaigns.ts","39","קמפיין → תוויות, סוגים וסטטוסים","other","","not in previous catalog"
"+ חתימות, משימות המשך","src/lib/campaigns.ts","39","קמפיין → תוויות, סוגים וסטטוסים","other","","not in previous catalog"
"שניהם","src/lib/campaigns.ts","48","קמפיין → תוויות, סוגים וסטטוסים","other","","not in previous catalog"
"ספקים ולקוחות","src/lib/campaigns.ts","51","קמפיין → תוויות, סוגים וסטטוסים","other","","glossary: ספקים, לקוחות; same text also at: src/server/companies/excel.ts:44"
"בחירת ספקים/לקוחות קיימים","src/lib/campaigns.ts","56","קמפיין → תוויות, סוגים וסטטוסים","other","","not in previous catalog; glossary: ספקים, לקוחות"
"מתוך XTRA Sign, מה-CRM או משניהם. ההסכמים נשלחים אישית לכל נמען.","src/lib/campaigns.ts","56","קמפיין → תוויות, סוגים וסטטוסים","help","","not in previous catalog; glossary: הסכמים, CRM, XTRA Sign"
"טופס ציבורי של XTRA Sign","src/lib/campaigns.ts","57","קמפיין → תוויות, סוגים וסטטוסים","other","","glossary: XTRA Sign"
"טופס ציבורי","src/lib/campaigns.ts","57","קמפיין → תוויות, סוגים וסטטוסים","other","","not in previous catalog"
"המערכת נותנת כתובת מוכנה לשיתוף.","src/lib/campaigns.ts","57","קמפיין → תוויות, סוגים וסטטוסים","help","",""
"הטמעת טופס באתר חיצוני","src/lib/campaigns.ts","58","קמפיין → תוויות, סוגים וסטטוסים","other","","not in previous catalog"
"הטמעה","src/lib/campaigns.ts","58","קמפיין → תוויות, סוגים וסטטוסים","other","","not in previous catalog"
"קוד הטמעה ל-Wix, Shopify, WordPress, React או כל אתר שתומך בהטמעה.","src/lib/campaigns.ts","58","קמפיין → תוויות, סוגים וסטטוסים","help","",""
"חיבור דרך API","src/lib/campaigns.ts","59","קמפיין → תוויות, סוגים וסטטוסים","other","",""
"למי שבונה טופס בעצמו ושולח את הפניות ל-XTRA Sign.","src/lib/campaigns.ts","59","קמפיין → תוויות, סוגים וסטטוסים","help","","not in previous catalog; glossary: XTRA Sign"
"עמוד נחיתה מותאם שפותח על ידי מפתח","src/lib/campaigns.ts","60","קמפיין → תוויות, סוגים וסטטוסים","other","","not in previous catalog"
"עמוד מותאם","src/lib/campaigns.ts","60","קמפיין → תוויות, סוגים וסטטוסים","other","","not in previous catalog"
"עמוד ייעודי מחוץ ל-XTRA Sign, מחובר לקמפיין הזה על ידי מפתח.","src/lib/campaigns.ts","60","קמפיין → תוויות, סוגים וסטטוסים","help","","not in previous catalog; glossary: קמפיין, XTRA Sign"
"שמירת הפנייה לטיפול","src/lib/campaigns.ts","79","קמפיין → תוויות, סוגים וסטטוסים","other","","not in previous catalog"
"הפרטים יישמרו במערכת והצוות יוכל לבדוק, לאשר ולהמשיך לטיפול.","src/lib/campaigns.ts","79","קמפיין → תוויות, סוגים וסטטוסים","help","","not in previous catalog"
"הרשמה וחתימה אוטומטית","src/lib/campaigns.ts","80","קמפיין → תוויות, סוגים וסטטוסים","other","",""
"לאחר מילוי הפרטים, המערכת תיצור או תאתר את הספק/הלקוח, תכין את ההסכם ותעביר את הנרשם ישירות לחתימה.","src/lib/campaigns.ts","80","קמפיין → תוויות, סוגים וסטטוסים","help","","not in previous catalog"
"עם טופס","src/lib/campaigns.ts","89","קמפיין → תוויות, סוגים וסטטוסים","other","","not in previous catalog"
"טופס","src/lib/campaigns.ts","89","קמפיין → תוויות, סוגים וסטטוסים","other","","not in previous catalog"
"אנשים נכנסים דרך טופס, הטמעה, API או עמוד מותאם.","src/lib/campaigns.ts","89","קמפיין → תוויות, סוגים וסטטוסים","help","","not in previous catalog"
"ההסכמים נשלחים לאנשים שכבר בחרנו.","src/lib/campaigns.ts","90","קמפיין → תוויות, סוגים וסטטוסים","help","","not in previous catalog; glossary: הסכמים"
"סקירה","src/lib/campaigns.ts","137","קמפיין → תוויות, סוגים וסטטוסים","other","",""
"הזמנות ומעקב","src/lib/campaigns.ts","139","קמפיין → תוויות, סוגים וסטטוסים","other","","not in previous catalog"
"הפצות","src/lib/campaigns.ts","140","קמפיין → תוויות, סוגים וסטטוסים","other","",""
"כאן רואים במבט אחד איפה הקמפיין עומד ומה כדאי לעשות עכשיו.","src/lib/campaigns.ts","149","קמפיין → תוויות, סוגים וסטטוסים","other","","not in previous catalog; glossary: קמפיין"
"כאן בוחרים ספקים ולקוחות שכבר נמצאים במערכת, כדי לצרף אותם לקמפיין או לשלוח להם הסכמים.","src/lib/campaigns.ts","150","קמפיין → תוויות, סוגים וסטטוסים","other","","not in previous catalog; glossary: קמפיין, הסכמים, ספקים, לקוחות"
"כאן עוקבים אחרי מי שהוזמנו לקמפיין, מהשליחה ועד ההרשמה והחתימה, ושולחים תזכורות למי שצריך.","src/lib/campaigns.ts","151","קמפיין → תוויות, סוגים וסטטוסים","other","","not in previous catalog; glossary: קמפיין"
"כאן רואים את כל מי שמילאו את טופס הקמפיין, כולל פרטי ההרשמה ומצב החתימה.","src/lib/campaigns.ts","152","קמפיין → תוויות, סוגים וסטטוסים","other","","not in previous catalog; glossary: קמפיין"
"כאן נמצאים כל המסמכים שנשלחו לחתימה בקמפיין, כולל מצב החתימה והמסמכים החתומים.","src/lib/campaigns.ts","153","קמפיין → תוויות, סוגים וסטטוסים","other","","not in previous catalog; glossary: קמפיין"
"כאן יוצרים שליחות מרוכזות לקהל שבחרתם, ומתכננים ועוקבים אחרי הודעות SMS ואימייל.","src/lib/campaigns.ts","154","קמפיין → תוויות, סוגים וסטטוסים","other","","not in previous catalog"
"כאן רואים את התקדמות הקמפיין, מזהים מי דורש טיפול ומסננים את הנתונים לפי הצורך.","src/lib/campaigns.ts","155","קמפיין → תוויות, סוגים וסטטוסים","other","","not in previous catalog; glossary: קמפיין, דורש טיפול"
"כאן מנהלים את פרטי הקמפיין, העמוד הציבורי, ההודעות, ההתראות והאופן שבו מתבצעת ההרשמה.","src/lib/campaigns.ts","156","קמפיין → תוויות, סוגים וסטטוסים","other","","not in previous catalog; glossary: קמפיין"
"העמוד פתוח ואפשר להירשם.","src/lib/campaigns.ts","170","קמפיין → תוויות, סוגים וסטטוסים","help","","not in previous catalog"
"מושהה","src/lib/campaigns.ts","171","קמפיין → תוויות, סוגים וסטטוסים","other","","not in previous catalog"
"ההרשמה עצורה זמנית; העמוד מציג הודעה ואפשר לפתוח מחדש בכל רגע.","src/lib/campaigns.ts","171","קמפיין → תוויות, סוגים וסטטוסים","help","","not in previous catalog"
"ההרשמה נסגרה; העמוד מציג את עמוד הסיום. אפשר לפתוח מחדש אם צריך.","src/lib/campaigns.ts","172","קמפיין → תוויות, סוגים וסטטוסים","help","","not in previous catalog"
"ההרשמה לקמפיין הסתיימה.","src/lib/campaigns.ts","193","קמפיין → תוויות, סוגים וסטטוסים","other","","glossary: קמפיין"
"ההרשמה מושהית זמנית.","src/lib/campaigns.ts","194","קמפיין → תוויות, סוגים וסטטוסים","other","","not in previous catalog"
"תודה על ההתעניינות. ההרשמה לקמפיין זה הסתיימה ואינה פתוחה עוד להצטרפות.","src/lib/campaigns.ts","195","קמפיין → תוויות, סוגים וסטטוסים","other","","not in previous catalog; glossary: קמפיין"
"ההרשמה לקמפיין עצורה לזמן קצר. נשמח לראותכם שוב בקרוב.","src/lib/campaigns.ts","196","קמפיין → תוויות, סוגים וסטטוסים","other","","not in previous catalog; glossary: קמפיין"
"ה${noun} שנרשמים יישמרו במערכת בלבד, ללא חיפוש או עדכון ב-CRM.","src/lib/campaigns.ts","206","קמפיין → תוויות, סוגים וסטטוסים","help","${noun}","not in previous catalog; glossary: CRM"
"המערכת תנסה לאתר חברה קיימת בנתוני ה-CRM המסונכרנים (לפי ח.פ.) ותקשר אליה את ההרשמה. מידע ב-CRM לא יעודכן אוטומטית.","src/lib/campaigns.ts","207","קמפיין → תוויות, סוגים וסטטוסים","help","","not in previous catalog; glossary: CRM"
"כתובת החברה","src/lib/canvas/bindings.ts","13","עורך עיצוב (קנבס)","other","",""
"שם איש הקשר","src/lib/canvas/bindings.ts","14","עורך עיצוב (קנבס)","other","","same text also at: src/server/documents/personalization.ts:25, src/server/projects/form-schema.ts:47, src/server/projects/form-schema.ts:64"
"טלפון איש הקשר","src/lib/canvas/bindings.ts","15","עורך עיצוב (קנבס)","other","","same text also at: src/server/documents/personalization.ts:26"
"אימייל איש הקשר","src/lib/canvas/bindings.ts","16","עורך עיצוב (קנבס)","other","","same text also at: src/server/documents/personalization.ts:27"
"שם החברה שלנו","src/lib/canvas/bindings.ts","17","עורך עיצוב (קנבס)","other","",""
"ח.פ שלנו","src/lib/canvas/bindings.ts","18","עורך עיצוב (קנבס)","other","",""
"הכתובת שלנו","src/lib/canvas/bindings.ts","19","עורך עיצוב (קנבס)","other","",""
"הטלפון שלנו","src/lib/canvas/bindings.ts","20","עורך עיצוב (קנבס)","other","",""
"האימייל שלנו","src/lib/canvas/bindings.ts","21","עורך עיצוב (קנבס)","other","",""
"תאריך היום","src/lib/canvas/bindings.ts","22","עורך עיצוב (קנבס)","other","",""
"הסכם השתתפות — חודש התיירות 2026","src/lib/canvas/showcase.ts","29","עורך עיצוב (קנבס)","other","","same text also at: src/lib/canvas/showcase.ts:67"
"רקע עליון","src/lib/canvas/showcase.ts","38","עורך עיצוב (קנבס)","other","",""
"גוון עומק","src/lib/canvas/showcase.ts","39","עורך עיצוב (קנבס)","other","",""
"פס הדגשה","src/lib/canvas/showcase.ts","40","עורך עיצוב (קנבס)","other","",""
"עיגול דקורטיבי","src/lib/canvas/showcase.ts","42","עורך עיצוב (קנבס)","other","",""
"טבעת","src/lib/canvas/showcase.ts","43","עורך עיצוב (קנבס)","other","",""
"לוגו XTRA","src/lib/canvas/showcase.ts","45","עורך עיצוב (קנבס)","other","",""
"תת מותג","src/lib/canvas/showcase.ts","46","עורך עיצוב (קנבס)","other","",""
"שורת פתיחה","src/lib/canvas/showcase.ts","48","עורך עיצוב (קנבס)","other","",""
"חודש התיירות • קיץ 2026","src/lib/canvas/showcase.ts","48","עורך עיצוב (קנבס)","other","",""
"הסכם השתתפות במבצע ההטבות","src/lib/canvas/showcase.ts","49","עורך עיצוב (קנבס)","other","","not in previous catalog"
"שיתוף פעולה עם בתי עסק מובילים בענף התיירות, הנופש והחוויות ברחבי הארץ","src/lib/canvas/showcase.ts","50","עורך עיצוב (קנבס)","other","","not in previous catalog"
"תווית עבור","src/lib/canvas/showcase.ts","52","עורך עיצוב (קנבס)","other","",""
"נערך עבור","src/lib/canvas/showcase.ts","52","עורך עיצוב (קנבס)","other","",""
"שם הספק","src/lib/canvas/showcase.ts","53","עורך עיצוב (קנבס)","other","","same text also at: src/server/projects/form-schema.ts:45"
"שם בית העסק","src/lib/canvas/showcase.ts","53","עורך עיצוב (קנבס)","other","","same text also at: src/lib/canvas/showcase.ts:75"
"תווית תאריך","src/lib/canvas/showcase.ts","54","עורך עיצוב (קנבס)","other","","same text also at: src/lib/canvas/showcase.ts:114"
"שורת תחתית","src/lib/canvas/showcase.ts","57","עורך עיצוב (קנבס)","other","",""
"מסמך זה נערך ונחתם דיגיטלית באמצעות XTRA Sign","src/lib/canvas/showcase.ts","57","עורך עיצוב (קנבס)","other","","glossary: XTRA Sign"
"פס כותרת","src/lib/canvas/showcase.ts","66","עורך עיצוב (קנבס)","other","","same text also at: src/lib/canvas/showcase.ts:103"
"כותרת עמוד","src/lib/canvas/showcase.ts","67","עורך עיצוב (קנבס)","other","","same text also at: src/lib/canvas/showcase.ts:104"
"מספר עמוד","src/lib/canvas/showcase.ts","68","עורך עיצוב (קנבס)","other","",""
"הצדדים","src/lib/canvas/showcase.ts","70","עורך עיצוב (קנבס)","other","",""
"1. הצדדים להסכם","src/lib/canvas/showcase.ts","70","עורך עיצוב (קנבס)","other","",""
"פסקת פתיחה","src/lib/canvas/showcase.ts","71","עורך עיצוב (קנבס)","other","",""
"הסכם זה נערך בין תפוזנט בע""מ, המפעילה את מותג XTRA Gift Card (להלן: ""החברה""), ובין בית העסק ששמו ופרטיו מופיעים בטבלה שלהלן (להלן: ""בית העסק""), במסגרת מבצע ההטבות של חודש התיירות 2026.","src/lib/canvas/showcase.ts","71","עורך עיצוב (קנבס)","other","",""
"2. פרטי בית העסק","src/lib/canvas/showcase.ts","73","עורך עיצוב (קנבס)","other","",""
"טבלת פרטים","src/lib/canvas/showcase.ts","74","עורך עיצוב (קנבס)","other","",""
"פרט","src/lib/canvas/showcase.ts","74","עורך עיצוב (קנבס)","other","",""
"ערך","src/lib/canvas/showcase.ts","74","עורך עיצוב (קנבס)","other","",""
"מהות ההסכם","src/lib/canvas/showcase.ts","83","עורך עיצוב (קנבס)","other","",""
"3. מהות שיתוף הפעולה","src/lib/canvas/showcase.ts","83","עורך עיצוב (קנבס)","other","",""
"פסקת מהות","src/lib/canvas/showcase.ts","84","עורך עיצוב (קנבס)","other","",""
"בית העסק יכבד שוברי XTRA כאמצעי תשלום מלא, ויעניק למחזיקי השוברים את ההטבות שסוכמו במסגרת המבצע. החברה תכלול את בית העסק בפרסומי המבצע, בערוצי השיווק שלה ובאפליקציית XTRA, ותעביר לבית העסק את התמורה בהתאם לתנאי הסליקה המפורטים בנספח א׳.","src/lib/canvas/showcase.ts","84","עורך עיצוב (קנבס)","other","",""
"תיבת הדגשה","src/lib/canvas/showcase.ts","87","עורך עיצוב (קנבס)","other","",""
"טקסט הדגשה","src/lib/canvas/showcase.ts","88","עורך עיצוב (קנבס)","other","",""
"עיקרי המבצע: תקופת פעילות 01.06–31.08.2026 • עמלת סליקה מופחתת • חשיפה למאות אלפי מחזיקי שוברים","src/lib/canvas/showcase.ts","88","עורך עיצוב (קנבס)","other","",""
"תנאים כלליים","src/lib/canvas/showcase.ts","90","עורך עיצוב (קנבס)","other","",""
"4. תנאים כלליים","src/lib/canvas/showcase.ts","90","עורך עיצוב (קנבס)","other","",""
"פסקת תנאים","src/lib/canvas/showcase.ts","91","עורך עיצוב (קנבס)","other","",""
"תוקף ההסכם למשך תקופת המבצע בלבד. כל צד רשאי לסיים את ההתקשרות בהודעה מוקדמת של 14 ימי עסקים. בית העסק מתחייב לרמת שירות נאותה כלפי מחזיקי השוברים, והחברה מתחייבת להעברת התמורה במועדים שסוכמו. על הסכם זה יחולו דיני מדינת ישראל.","src/lib/canvas/showcase.ts","91","עורך עיצוב (קנבס)","other","",""
"כותרת תחתונה","src/lib/canvas/showcase.ts","94","עורך עיצוב (קנבס)","other","",""
"XTRA Gift Card • הסכם השתתפות חודש התיירות 2026","src/lib/canvas/showcase.ts","94","עורך עיצוב (קנבס)","other","",""
"הסכם השתתפות — חתימות","src/lib/canvas/showcase.ts","104","עורך עיצוב (קנבס)","other","",""
"כותרת חתימות","src/lib/canvas/showcase.ts","106","עורך עיצוב (קנבס)","other","",""
"ולראיה באו הצדדים על החתום","src/lib/canvas/showcase.ts","106","עורך עיצוב (קנבס)","other","",""
"הסבר","src/lib/canvas/showcase.ts","107","עורך עיצוב (קנבס)","other","",""
"בחתימתו מאשר בית העסק כי קרא את ההסכם, הבין את תנאיו והוא מסכים להם.","src/lib/canvas/showcase.ts","107","עורך עיצוב (קנבס)","other","",""
"כרטיס חתימה","src/lib/canvas/showcase.ts","109","עורך עיצוב (קנבס)","other","",""
"תווית שם","src/lib/canvas/showcase.ts","111","עורך עיצוב (קנבס)","other","",""
"שדה שם","src/lib/canvas/showcase.ts","112","עורך עיצוב (קנבס)","other","",""
"שדה תאריך","src/lib/canvas/showcase.ts","115","עורך עיצוב (קנבס)","other","",""
"תווית חתימה","src/lib/canvas/showcase.ts","117","עורך עיצוב (קנבס)","other","",""
"חתימה וחותמת","src/lib/canvas/showcase.ts","117","עורך עיצוב (קנבס)","other","",""
"שדה חתימה","src/lib/canvas/showcase.ts","118","עורך עיצוב (קנבס)","other","",""
"פס סיום","src/lib/canvas/showcase.ts","120","עורך עיצוב (קנבס)","other","",""
"שורת סיום","src/lib/canvas/showcase.ts","121","עורך עיצוב (קנבס)","other","",""
"נחתם דיגיטלית באמצעות XTRA Sign","src/lib/canvas/showcase.ts","121","עורך עיצוב (קנבס)","other","","glossary: XTRA Sign"
"נמוכה","src/lib/captcha.ts","35","הגדרות → אבטחה (CAPTCHA)","other","",""
"רגילה","src/lib/captcha.ts","36","הגדרות → אבטחה (CAPTCHA)","other","",""
"גבוהה","src/lib/captcha.ts","37","הגדרות → אבטחה (CAPTCHA)","other","",""
"יש להזין שם.","src/lib/company-validation.ts","20","ספק/לקוח → טופס פרטים","other","","same text also at: src/server/documents/save-fields.ts:238, src/server/users/users.ts:90, src/server/users/users.ts:179"
"כתובת האימייל אינה תקינה.","src/lib/company-validation.ts","25","ספק/לקוח → טופס פרטים","other","","same text also at: src/server/documents/save-fields.ts:248, src/server/users/users.ts:92, src/server/users/users.ts:181"
"מספר הטלפון אינו תקין. לדוגמה 050-1234567.","src/lib/company-validation.ts","28","ספק/לקוח → טופס פרטים","other","",""
"ח.פ / ע.מ אמור להכיל ספרות.","src/lib/company-validation.ts","31","ספק/לקוח → טופס פרטים","other","",""
"תזמון","src/lib/distributions.ts","17","קמפיין → הפצות","other","",""
"בדיקה ושליחה","src/lib/distributions.ts","18","קמפיין → הפצות","other","",""
"קישור לעמוד הקמפיין","src/lib/distributions.ts","22","קמפיין → הפצות","other","","glossary: קמפיין"
"הנמענים מקבלים את הכתובת הציבורית של הקמפיין.","src/lib/distributions.ts","22","קמפיין → הפצות","help","","glossary: קמפיין, נמענים"
"כתובת אחרת","src/lib/distributions.ts","23","קמפיין → הפצות","other","",""
"קישור לכל עמוד אחר — מסמך, אתר, טופס.","src/lib/distributions.ts","23","קמפיין → הפצות","help","",""
"נשלחה","src/lib/distributions.ts","29","קמפיין → הפצות","other","",""
"נכשלה","src/lib/distributions.ts","30","קמפיין → הפצות","error","",""
"שלום {{signer_name}}, {{campaign_name}}: {{campaign_url}}","src/lib/distributions.ts","37","קמפיין → הפצות","sms","{{signer_name}} | {{campaign_name}} | {{campaign_url}}",""
"שלום {{signer_name}}, מצורף קישור ל{{campaign_name}}. לחצו על הכפתור להמשך.","src/lib/distributions.ts","40","קמפיין → הפצות","other","{{signer_name}} | {{campaign_name}}","not in previous catalog"
"למעבר","src/lib/distributions.ts","41","קמפיין → הפצות","other","","same text also at: src/server/distributions/distributions.ts:245"
"אנחנו","src/lib/fields.ts","43","שדות חתימה — סוגים, בעלים ותפקידים","other","",""
"${seconds} שנ׳","src/lib/format-duration.ts","3","עזרי עיצוב טקסט (משך זמן, שמות קבצים)","other","${seconds}",""
"${minutes} דק׳","src/lib/format-duration.ts","5","עזרי עיצוב טקסט (משך זמן, שמות קבצים)","other","${minutes}",""
"${hours} שע׳","src/lib/format-duration.ts","7","עזרי עיצוב טקסט (משך זמן, שמות קבצים)","other","${hours}",""
"${Math.round(hours / 24)} ימים","src/lib/format-duration.ts","8","עזרי עיצוב טקסט (משך זמן, שמות קבצים)","other","${Math.round(hours / 24)}",""
"שם החותם","src/lib/message-template.ts","45","קמפיין → הגדרות → הודעות (ברירות מחדל, אירועים ומשתנים)","other","","same text also at: src/server/mail/catalog.ts:128, src/server/notifications/campaign-mail.ts:114, src/server/signing/pdf.ts:187"
"שם פרטי","src/lib/message-template.ts","46","קמפיין → הגדרות → הודעות (ברירות מחדל, אירועים ומשתנים)","other","",""
"שם משפחה","src/lib/message-template.ts","47","קמפיין → הגדרות → הודעות (ברירות מחדל, אירועים ומשתנים)","other","",""
"כתובת העמוד הציבורי","src/lib/message-template.ts","54","קמפיין → הגדרות → הודעות (ברירות מחדל, אירועים ומשתנים)","other","",""
"תאריך תפוגה","src/lib/message-template.ts","59","קמפיין → הגדרות → הודעות (ברירות מחדל, אירועים ומשתנים)","other","",""
"קישור למסמך החתום","src/lib/message-template.ts","60","קמפיין → הגדרות → הודעות (ברירות מחדל, אירועים ומשתנים)","other","",""
"טלפון הארגון","src/lib/message-template.ts","63","קמפיין → הגדרות → הודעות (ברירות מחדל, אירועים ומשתנים)","other","",""
"אימייל הארגון","src/lib/message-template.ts","64","קמפיין → הגדרות → הודעות (ברירות מחדל, אירועים ומשתנים)","other","",""
"אתר הארגון","src/lib/message-template.ts","65","קמפיין → הגדרות → הודעות (ברירות מחדל, אירועים ומשתנים)","other","",""
"שם ההפצה","src/lib/message-template.ts","66","קמפיין → הגדרות → הודעות (ברירות מחדל, אירועים ומשתנים)","other","","glossary: הפצה"
"ארגון","src/lib/message-template.ts","74","קמפיין → הגדרות → הודעות (ברירות מחדל, אירועים ומשתנים)","other","",""
"הזמנה לחתימה","src/lib/message-template.ts","90","קמפיין → הגדרות → הודעות (ברירות מחדל, אירועים ומשתנים)","other","",""
"נשלחת עם קישור החתימה כשמסמך יוצא לחותם.","src/lib/message-template.ts","90","קמפיין → הגדרות → הודעות (ברירות מחדל, אירועים ומשתנים)","help","",""
"תזכורת לחתימה","src/lib/message-template.ts","91","קמפיין → הגדרות → הודעות (ברירות מחדל, אירועים ומשתנים)","other","","same text also at: src/server/mail/catalog.ts:16"
"נשלחת ידנית או אוטומטית למי שעוד לא חתם, עם קישור חדש.","src/lib/message-template.ts","91","קמפיין → הגדרות → הודעות (ברירות מחדל, אירועים ומשתנים)","help","",""
"לאחר חתימה","src/lib/message-template.ts","92","קמפיין → הגדרות → הודעות (ברירות מחדל, אירועים ומשתנים)","other","",""
"אישור לחותם עם כפתור מאובטח להורדת המסמך החתום.","src/lib/message-template.ts","92","קמפיין → הגדרות → הודעות (ברירות מחדל, אירועים ומשתנים)","help","",""
"נרשם ועדיין לא חתם","src/lib/message-template.ts","93","קמפיין → הגדרות → הודעות (ברירות מחדל, אירועים ומשתנים)","other","",""
"למי שנרשם בעמוד הציבורי ולא השלים את החתימה באותו ביקור — עם קישור לחזור ולחתום.","src/lib/message-template.ts","93","קמפיין → הגדרות → הודעות (ברירות מחדל, אירועים ומשתנים)","help","",""
"ישראל ישראלי","src/lib/message-template.ts","122","קמפיין → הגדרות → הודעות (ברירות מחדל, אירועים ומשתנים)","other","","same text also at: src/lib/message-template.ts:129, src/server/companies/excel.ts:61, src/server/mail/catalog.ts:29"
"ישראל","src/lib/message-template.ts","123","קמפיין → הגדרות → הודעות (ברירות מחדל, אירועים ומשתנים)","other","",""
"ישראלי","src/lib/message-template.ts","124","קמפיין → הגדרות → הודעות (ברירות מחדל, אירועים ומשתנים)","other","",""
"מלון הדוגמה בע""מ","src/lib/message-template.ts","127","קמפיין → הגדרות → הודעות (ברירות מחדל, אירועים ומשתנים)","other","","same text also at: src/server/mail/catalog.ts:34"
"הקמפיין שלכם","src/lib/message-template.ts","130","קמפיין → הגדרות → הודעות (ברירות מחדל, אירועים ומשתנים)","other","","glossary: קמפיין"
"הסכם השתתפות (דוגמה)","src/lib/message-template.ts","134","קמפיין → הגדרות → הודעות (ברירות מחדל, אירועים ומשתנים)","other","","same text also at: src/server/mail/catalog.ts:30"
"הארגון שלכם","src/lib/message-template.ts","139","קמפיין → הגדרות → הודעות (ברירות מחדל, אירועים ומשתנים)","other","",""
"הפצה ראשונה","src/lib/message-template.ts","143","קמפיין → הגדרות → הודעות (ברירות מחדל, אירועים ומשתנים)","other","","glossary: הפצה"
"שלום {{signer_name}}, נשלח אליך המסמך ""{{document_name}}"" לחתימה. לצפייה וחתימה: {{signing_link}}","src/lib/message-template.ts","157","קמפיין → הגדרות → הודעות (ברירות מחדל, אירועים ומשתנים)","sms","{{signer_name}} | {{document_name}} | {{signing_link}}",""
"מסמך לחתימה – {{document_name}}","src/lib/message-template.ts","159","קמפיין → הגדרות → הודעות (ברירות מחדל, אירועים ומשתנים)","other","{{document_name}}",""
"שלום {{signer_name}}, נשלח אליך מסמך לחתימה מטעם {{organization_name}}. לצפייה וחתימה על ""{{document_name}}"" לחצו על הכפתור.","src/lib/message-template.ts","160","קמפיין → הגדרות → הודעות (ברירות מחדל, אירועים ומשתנים)","other","{{signer_name}} | {{organization_name}} | {{document_name}}","not in previous catalog"
"שלום {{signer_name}}, תזכורת: המסמך ""{{document_name}}"" עדיין ממתין לחתימתך. לחתימה: {{signing_link}}","src/lib/message-template.ts","165","קמפיין → הגדרות → הודעות (ברירות מחדל, אירועים ומשתנים)","sms","{{signer_name}} | {{document_name}} | {{signing_link}}",""
"תזכורת: המסמך ""{{document_name}}"" ממתין לחתימתך","src/lib/message-template.ts","167","קמפיין → הגדרות → הודעות (ברירות מחדל, אירועים ומשתנים)","other","{{document_name}}",""
"שלום {{signer_name}}, המסמך ""{{document_name}}"" מטעם {{organization_name}} עדיין ממתין לחתימתך.","src/lib/message-template.ts","168","קמפיין → הגדרות → הודעות (ברירות מחדל, אירועים ומשתנים)","other","{{signer_name}} | {{document_name}} | {{organization_name}}","not in previous catalog"
"לחתימה על המסמך","src/lib/message-template.ts","169","קמפיין → הגדרות → הודעות (ברירות מחדל, אירועים ומשתנים)","other","",""
"המסמך נחתם בהצלחה – {{document_name}}","src/lib/message-template.ts","174","קמפיין → הגדרות → הודעות (ברירות מחדל, אירועים ומשתנים)","other","{{document_name}}",""
"שלום {{signer_name}}, המסמך ""{{document_name}}"" נחתם בהצלחה. עותק חתום זמין עבורך לצפייה ולהורדה.","src/lib/message-template.ts","175","קמפיין → הגדרות → הודעות (ברירות מחדל, אירועים ומשתנים)","other","{{signer_name}} | {{document_name}}","not in previous catalog"
"צפייה והורדת המסמך החתום","src/lib/message-template.ts","176","קמפיין → הגדרות → הודעות (ברירות מחדל, אירועים ומשתנים)","other","",""
"שלום {{signer_name}}, נרשמתם בהצלחה ל{{campaign_name}}. להשלמת התהליך יש לעיין בהסכם ולחתום עליו: {{signing_link}}","src/lib/message-template.ts","180","קמפיין → הגדרות → הודעות (ברירות מחדל, אירועים ומשתנים)","sms","{{signer_name}} | {{campaign_name}} | {{signing_link}}",""
"נרשמתם בהצלחה – נותר לחתום על ההסכם | {{campaign_name}}","src/lib/message-template.ts","182","קמפיין → הגדרות → הודעות (ברירות מחדל, אירועים ומשתנים)","other","{{campaign_name}}",""
"שלום {{signer_name}}, נרשמתם בהצלחה ל{{campaign_name}}. להשלמת התהליך יש לעיין בהסכם ""{{document_name}}"" ולחתום עליו.","src/lib/message-template.ts","183","קמפיין → הגדרות → הודעות (ברירות מחדל, אירועים ומשתנים)","other","{{signer_name}} | {{campaign_name}} | {{document_name}}","not in previous catalog"
"לעיון וחתימה על ההסכם","src/lib/message-template.ts","184","קמפיין → הגדרות → הודעות (ברירות מחדל, אירועים ומשתנים)","other","",""
"מספר הטלפון אינו נתמך. יש להזין מספר סלולרי אחר.","src/lib/phone.ts","26","ספק/לקוח → טופס פרטים","other","",""
"הרשמה חדשה","src/lib/project-notifications.ts","7","קמפיין → הגדרות → התראות לצוות","other","",""
"הסכם נחתם","src/lib/project-notifications.ts","8","קמפיין → הגדרות → התראות לצוות","other","",""
"הסכמים שממתינים לחתימה כמה ימים","src/lib/project-notifications.ts","10","קמפיין → הגדרות → התראות לצוות","other","","glossary: הסכמים"
"קישורי חתימה שעומדים לפוג","src/lib/project-notifications.ts","11","קמפיין → הגדרות → התראות לצוות","other","",""
"יש להזין כתובת.","src/lib/public-slug.ts","43","קמפיין → פרסום (כתובת ציבורית)","help","",""
"הכתובת יכולה להכיל אותיות אנגליות, ספרות ומקפים בלבד.","src/lib/public-slug.ts","45","קמפיין → פרסום (כתובת ציבורית)","help","",""
"הכתובת צריכה להיות באורך ${SLUG_MIN} תווים לפחות.","src/lib/public-slug.ts","48","קמפיין → פרסום (כתובת ציבורית)","help","${SLUG_MIN}",""
"הכתובת יכולה להיות באורך עד ${SLUG_MAX} תווים.","src/lib/public-slug.ts","49","קמפיין → פרסום (כתובת ציבורית)","help","${SLUG_MAX}",""
"הכתובת הזו שמורה למערכת. בחרו כתובת אחרת.","src/lib/public-slug.ts","50","קמפיין → פרסום (כתובת ציבורית)","help","",""
"אומת","src/lib/relative-time.ts","17","הסכם → ציר זמן וסטטוס","other","",""
"הקישור חודש","src/lib/relative-time.ts","19","הסכם → ציר זמן וסטטוס","other","",""
"הוחזר","src/lib/relative-time.ts","20","הסכם → ציר זמן וסטטוס","other","",""
"שויך","src/lib/relative-time.ts","30","הסכם → ציר זמן וסטטוס","other","",""
"נוצרה גרסה","src/lib/relative-time.ts","31","הסכם → ציר זמן וסטטוס","other","",""
"הרגע","src/lib/relative-time.ts","46","הסכם → ציר זמן וסטטוס","other","",""
"לפני דקה","src/lib/relative-time.ts","49","הסכם → ציר זמן וסטטוס","other","",""
"לפני ${minutes} דקות","src/lib/relative-time.ts","49","הסכם → ציר זמן וסטטוס","other","${minutes}",""
"היום ${time.format(at)}","src/lib/relative-time.ts","50","הסכם → ציר זמן וסטטוס","other","${time.format(at)}",""
"אתמול ${time.format(at)}","src/lib/relative-time.ts","51","הסכם → ציר זמן וסטטוס","other","${time.format(at)}",""
"חזרה לקמפיין","src/lib/return-to.ts","56","טקסטים משותפים","status","","not in previous catalog; glossary: קמפיין"
"חזרה לקמפיינים","src/lib/return-to.ts","57","טקסטים משותפים","status","","not in previous catalog"
"חזרה לספקים","src/lib/return-to.ts","58","טקסטים משותפים","status","","not in previous catalog; glossary: ספקים"
"חזרה ללקוחות","src/lib/return-to.ts","59","טקסטים משותפים","status","","not in previous catalog; glossary: לקוחות"
"חזרה למעקב","src/lib/return-to.ts","60","טקסטים משותפים","status","","not in previous catalog"
"חזרה לחברה","src/lib/return-to.ts","61","טקסטים משותפים","status","","not in previous catalog"
"חזרה להסכם","src/lib/return-to.ts","62","טקסטים משותפים","status","","not in previous catalog"
"חזרה להסכמים","src/lib/return-to.ts","63","טקסטים משותפים","status","","not in previous catalog; glossary: הסכמים"
"חזרה לתבניות","src/lib/return-to.ts","64","טקסטים משותפים","status","","not in previous catalog"
"חזרה לבית","src/lib/return-to.ts","70","טקסטים משותפים","other","","not in previous catalog"
"א׳","src/lib/schedule.ts","11","הגדרות → התראות → לוח זמנים (ימים ושעה)","other","",""
"ב׳","src/lib/schedule.ts","11","הגדרות → התראות → לוח זמנים (ימים ושעה)","other","",""
"ג׳","src/lib/schedule.ts","11","הגדרות → התראות → לוח זמנים (ימים ושעה)","other","",""
"ד׳","src/lib/schedule.ts","11","הגדרות → התראות → לוח זמנים (ימים ושעה)","other","",""
"ה׳","src/lib/schedule.ts","11","הגדרות → התראות → לוח זמנים (ימים ושעה)","other","",""
"ו׳","src/lib/schedule.ts","11","הגדרות → התראות → לוח זמנים (ימים ושעה)","other","",""
"ש׳","src/lib/schedule.ts","11","הגדרות → התראות → לוח זמנים (ימים ושעה)","other","",""
"כל יום","src/lib/schedule.ts","28","הגדרות → התראות → לוח זמנים (ימים ושעה)","other","","same text also at: src/lib/schedule.ts:35, src/lib/schedule.ts:35"
"שעון ישראל","src/lib/schedule.ts","34","הגדרות → התראות → לוח זמנים (ימים ושעה)","other","",""
"${days === 'כל יום' ? 'כל יום' : `ימים ${days}`} בשעה ${time} (${timeZoneLabel})","src/lib/schedule.ts","35","הגדרות → התראות → לוח זמנים (ימים ושעה)","other","${days === 'כל יום' ? 'כל יום' : `ימים ${days} | ${time} | ${timeZoneLabel}",""
"ימים ${days}","src/lib/schedule.ts","35","הגדרות → התראות → לוח זמנים (ימים ושעה)","other","${days}",""
"שם מלא של מורשה/ת החתימה","src/lib/self-service-registration.ts","26","הרשמה עצמית — תוויות שדות וסקינים","other","",""
"דוא״ל","src/lib/self-service-registration.ts","29","הרשמה עצמית — תוויות שדות וסקינים","other","",""
"יש להזין את שם העסק.","src/lib/self-service-registration.ts","47","הרשמה עצמית — תוויות שדות וסקינים","other","",""
"יש להזין ח.פ. / ע.מ. תקין (8–9 ספרות).","src/lib/self-service-registration.ts","50","הרשמה עצמית — תוויות שדות וסקינים","other","",""
"יש להזין את שם מורשה החתימה.","src/lib/self-service-registration.ts","53","הרשמה עצמית — תוויות שדות וסקינים","other","",""
"יש להזין תפקיד.","src/lib/self-service-registration.ts","56","הרשמה עצמית — תוויות שדות וסקינים","other","",""
"יש להזין מספר נייד ישראלי תקין. לדוגמה 050-1234567.","src/lib/self-service-registration.ts","59","הרשמה עצמית — תוויות שדות וסקינים","other","",""
"יש להזין כתובת אימייל תקינה.","src/lib/self-service-registration.ts","62","הרשמה עצמית — תוויות שדות וסקינים","other","",""
"חודש התיירות הישראלית 2026","src/lib/self-service-skins.ts","15","הרשמה עצמית — תוויות שדות וסקינים","other","",""
"הצטרפו לחודש התיירות הישראלית 2026","src/lib/self-service-skins.ts","24","הרשמה עצמית — תוויות שדות וסקינים","other","",""
"בעלי עסקים בתחום התיירות מוזמנים להכיר את פרטי ההשתתפות, להירשם ולחתום על הסכם ההצטרפות באופן דיגיטלי.","src/lib/self-service-skins.ts","25","הרשמה עצמית — תוויות שדות וסקינים","help","",""
"שלום ${recipientName.trim()},","src/lib/whatsapp-share.ts","28","הסכם → שיתוף קישור חתימה ב-WhatsApp","other","${recipientName.trim()}",""
"שלום,","src/lib/whatsapp-share.ts","28","הסכם → שיתוף קישור חתימה ב-WhatsApp","other","",""
"${greeting} מחכה לך מסמך לחתימה מ-XTRA: ${signingLink}","src/lib/whatsapp-share.ts","29","הסכם → שיתוף קישור חתימה ב-WhatsApp","other","${greeting} | ${signingLink}","not in previous catalog"
"המשתמש נמצא במסך: ${screen.page}","src/server/ai/agent.ts","47","XTRA AI (עוזר צ׳אט)","other","${screen.page}",""
"companyId בהקשר: ${screen.companyId}","src/server/ai/agent.ts","48","XTRA AI (עוזר צ׳אט)","other","${screen.companyId}",""
"documentId בהקשר: ${screen.documentId}","src/server/ai/agent.ts","49","XTRA AI (עוזר צ׳אט)","other","${screen.documentId}",""
"groupId בהקשר: ${screen.groupId}","src/server/ai/agent.ts","50","XTRA AI (עוזר צ׳אט)","other","${screen.groupId}",""
"templateId בהקשר: ${screen.templateId}","src/server/ai/agent.ts","51","XTRA AI (עוזר צ׳אט)","other","${screen.templateId}",""
"שורות מסומנות: ${screen.selectedIds.length}","src/server/ai/agent.ts","52","XTRA AI (עוזר צ׳אט)","other","${screen.selectedIds.length}",""
"${parts.join('\n')} הקשר המסך הוא רמז בלבד לפענוח ""הוא"", ""הם"", ""הקבוצה הזו"". השרת מאמת הרשאה לכל רשומה בנפרד.","src/server/ai/agent.ts","56","XTRA AI (עוזר צ׳אט)","other","${parts.join('\n')}","not in previous catalog"
"XTRA AI אינו זמין כרגע. נסו שוב בעוד רגע.","src/server/ai/agent.ts","125","XTRA AI (עוזר צ׳אט)","error","",""
"הפעולה מחכה לאישור המשתמש. אל תדווח שהיא בוצעה.","src/server/ai/agent.ts","178","XTRA AI (עוזר צ׳אט)","other","",""
"עצרתי כדי לא להיכנס ללולאה. אפשר לנסח מחדש או לפצל לשני שלבים.","src/server/ai/agent.ts","217","XTRA AI (עוזר צ׳אט)","other","",""
"פעולה במערכת","src/server/ai/agent.ts","230","XTRA AI (עוזר צ׳אט)","other","",""
"הבקשה לא נמצאה.","src/server/ai/approvals.ts","99","XTRA AI (עוזר צ׳אט)","error","",""
"הפעולה כבר בוצעה.","src/server/ai/approvals.ts","100","XTRA AI (עוזר צ׳אט)","error","",""
"פרטי הפעולה השתנו. יש לאשר מחדש.","src/server/ai/approvals.ts","103","XTRA AI (עוזר צ׳אט)","error","",""
"תוקף האישור פג. יש לבקש שוב.","src/server/ai/approvals.ts","110","XTRA AI (עוזר צ׳אט)","error","",""
"הרשומה","src/server/ai/registry.ts","90","XTRA AI (עוזר צ׳אט)","other","",""
"לא זוהה מזהה תקין של ${what}. אפשר לחפש אותה בשם ולנסות שוב.","src/server/ai/registry.ts","94","XTRA AI (עוזר צ׳אט)","other","${what}",""
"המסמך","src/server/ai/tools/canvas.ts","93","XTRA AI (עוזר צ׳אט)","other","","same text also at: src/server/ai/tools/canvas.ts:146, src/server/ai/tools/canvas.ts:193, src/server/ai/tools/canvas.ts:234 (+5 more)"
"המסמך הזה לא נוצר בעורך העיצוב, ולכן אין לו פריסה לערוך.","src/server/ai/tools/canvas.ts","97","XTRA AI (עוזר צ׳אט)","other","",""
"${document.pages.length} עמודים.","src/server/ai/tools/canvas.ts","100","XTRA AI (עוזר צ׳אט)","other","${document.pages.length}",""
"המסמך הזה לא נוצר בעורך העיצוב.","src/server/ai/tools/canvas.ts","150","XTRA AI (עוזר צ׳אט)","other","","same text also at: src/server/ai/tools/canvas.ts:197"
"לא הצלחתי להוסיף את האלמנט הזה. נסו לתאר אותו אחרת.","src/server/ai/tools/canvas.ts","166","XTRA AI (עוזר צ׳אט)","other","",""
"נוסף ${element.kind === 'field' ? 'שדה' : 'אלמנט'} לעמוד ${pageIndex + 1}.","src/server/ai/tools/canvas.ts","170","XTRA AI (עוזר צ׳אט)","other","${element.kind === 'field' ? 'שדה' : 'אלמנט'} | ${pageIndex + 1}",""
"אלמנט","src/server/ai/tools/canvas.ts","170","XTRA AI (עוזר צ׳אט)","other","",""
"פתח בעורך","src/server/ai/tools/canvas.ts","170","XTRA AI (עוזר צ׳אט)","other","","same text also at: src/server/ai/tools/canvas.ts:218, src/server/ai/tools/canvas.ts:376"
"העדכון נכשל.","src/server/ai/tools/canvas.ts","171","XTRA AI (עוזר צ׳אט)","error","","same text also at: src/server/ai/tools/canvas.ts:220, src/server/ai/tools/canvas.ts:313"
"לא מצאתי את האלמנט הזה במסמך.","src/server/ai/tools/canvas.ts","199","XTRA AI (עוזר צ׳אט)","other","",""
"השינוי הזה אינו חוקי.","src/server/ai/tools/canvas.ts","209","XTRA AI (עוזר צ׳אט)","other","",""
"עודכן: ${element.name ?? element.kind}.","src/server/ai/tools/canvas.ts","216","XTRA AI (עוזר צ׳אט)","other","${element.name ?? element.kind}",""
"מחיקת ${elementIds.length} אלמנטים מהמסמך","src/server/ai/tools/canvas.ts","232","XTRA AI (עוזר צ׳אט)","other","${elementIds.length}",""
"נמחק.","src/server/ai/tools/canvas.ts","237","XTRA AI (עוזר צ׳אט)","other","",""
"המחיקה נכשלה.","src/server/ai/tools/canvas.ts","237","XTRA AI (עוזר צ׳אט)","error","",""
"יושר.","src/server/ai/tools/canvas.ts","261","XTRA AI (עוזר צ׳אט)","other","",""
"נוסף עמוד. סך הכול ${next.pages.length}.","src/server/ai/tools/canvas.ts","280","XTRA AI (עוזר צ׳אט)","other","${next.pages.length}",""
"הוספת העמוד נכשלה.","src/server/ai/tools/canvas.ts","281","XTRA AI (עוזר צ׳אט)","error","",""
"רקע עמוד ${page} עודכן.","src/server/ai/tools/canvas.ts","313","XTRA AI (עוזר צ׳אט)","other","${page}",""
"החברה","src/server/ai/tools/canvas.ts","339","XTRA AI (עוזר צ׳אט)","other","","same text also at: src/server/ai/tools/companies.ts:70, src/server/ai/tools/companies.ts:182, src/server/ai/tools/companies.ts:218 (+2 more)"
"לא הצלחתי לבנות את המסמך. נסו לתאר אותו שוב.","src/server/ai/tools/canvas.ts","359","XTRA AI (עוזר צ׳אט)","other","",""
"נוצר מסמך מעוצב ב-${document.pages.length} עמודים.","src/server/ai/tools/canvas.ts","374","XTRA AI (עוזר צ׳אט)","other","${document.pages.length}",""
"נמצאו ${found.length} תוצאות${found.length > rows.length ? `, מוצגות ${rows.length}` : ''}.","src/server/ai/tools/companies.ts","44","XTRA AI (עוזר צ׳אט)","other","${found.length} | ${found.length > rows.length ? `, מוצגות ${rows.length}",""
", מוצגות ${rows.length}","src/server/ai/tools/companies.ts","44","XTRA AI (עוזר צ׳אט)","other","${rows.length}",""
"לא נמצאו חברות מתאימות.","src/server/ai/tools/companies.ts","45","XTRA AI (עוזר צ׳אט)","error","",""
"${company.name}${company.taxId ? ` · ח.פ ${company.taxId}` : ''}","src/server/ai/tools/companies.ts","78","XTRA AI (עוזר צ׳אט)","other","${company.name} | ${company.taxId ? ` · ח.פ ${company.taxId}",""
"· ח.פ ${company.taxId}","src/server/ai/tools/companies.ts","78","XTRA AI (עוזר צ׳אט)","other","${company.taxId}","not in previous catalog"
"יצירת ${input.kind === 'supplier' ? 'ספק' : 'לקוח'} בשם ""${input.name}""","src/server/ai/tools/companies.ts","124","XTRA AI (עוזר צ׳אט)","other","${input.kind === 'supplier' ? 'ספק' : 'לקוח'} | ${input.name}",""
"נוצר ${input.kind === 'supplier' ? 'ספק' : 'לקוח'}: ${input.name}.","src/server/ai/tools/companies.ts","140","XTRA AI (עוזר צ׳אט)","other","${input.kind === 'supplier' ? 'ספק' : 'לקוח'} | ${input.name}",""
"עדכון פרטי ${company?.name ?? 'החברה'}","src/server/ai/tools/companies.ts","182","XTRA AI (עוזר צ׳אט)","other","${company?.name ?? 'החברה'}",""
"הפרטים של ${changes.name ?? current.name} עודכנו.","src/server/ai/tools/companies.ts","205","XTRA AI (עוזר צ׳אט)","other","${changes.name ?? current.name}",""
"פתח כרטיס","src/server/ai/tools/companies.ts","207","XTRA AI (עוזר צ׳אט)","other","",""
"${documents.items.length} מסמכים.","src/server/ai/tools/companies.ts","223","XTRA AI (עוזר צ׳אט)","other","${documents.items.length}",""
"אין מסמכים לחברה הזו.","src/server/ai/tools/companies.ts","223","XTRA AI (עוזר צ׳אט)","other","",""
"<div style=""margin-top:24pt;border-top:1px solid #cbd5e1;padding-top:12pt;""> <h3 style=""color:${primary};"">ולראיה באו הצדדים על החתום</h3> <table style=""border:0;""> <tbody> ${section.fields .map((type) => { fieldIndex += 1 return `<tr><td style=""border:0;width:30%;padding:6pt 0;"">${escapeHtml( FIELD_MARKUP[type] ?? type, )}:</td><td style=""border:0;padding:6pt 0;"">${fieldSpan(type, fieldIndex)}</td></tr>` }) .join('')} </tbody> </table> </div>","src/server/ai/tools/design.ts","117","XTRA AI (עוזר צ׳אט)","other","${primary} | ${section.fields .map((type) => { fieldIndex += 1 return `<tr><td style=""border:0;width:30%;padding:6pt 0;"">${escapeHtml( FIELD_MARKUP[type] ?? type, )} | ${fieldSpan(type, fieldIndex)}","not in previous catalog"
"שם משפטי","src/server/ai/tools/design.ts","156","XTRA AI (עוזר צ׳אט)","other","",""
"פרטי הארגון חלקיים. חסר: ${missing.join(', ')}. אפשר להשלים בהגדרות.","src/server/ai/tools/design.ts","164","XTRA AI (עוזר צ׳אט)","error","${missing.join(', ')}",""
"פרטי הארגון והמיתוג נטענו.","src/server/ai/tools/design.ts","165","XTRA AI (עוזר צ׳אט)","other","",""
"נוצרה טיוטה מעוצבת: ${input.title}.","src/server/ai/tools/design.ts","227","XTRA AI (עוזר צ׳אט)","other","${input.title}",""
"פתח וערוך","src/server/ai/tools/design.ts","229","XTRA AI (עוזר צ׳אט)","other","",""
"נמצאו ${result.items.length} מסמכים.","src/server/ai/tools/documents.ts","55","XTRA AI (עוזר צ׳אט)","other","${result.items.length}",""
"לא נמצאו מסמכים.","src/server/ai/tools/documents.ts","55","XTRA AI (עוזר צ׳אט)","error","",""
"המסמך לא נמצא.","src/server/ai/tools/documents.ts","84","XTRA AI (עוזר צ׳אט)","error","","same text also at: src/server/crm/writeback.ts:73, src/server/documents/process-document.ts:39, src/server/quick-send/quick-send.ts:91"
"התבנית","src/server/ai/tools/documents.ts","116","XTRA AI (עוזר צ׳אט)","other","","same text also at: src/server/ai/tools/groups.ts:199"
"נוצרה טיוטה. אפשר לפתוח, לבדוק ולשלוח.","src/server/ai/tools/documents.ts","132","XTRA AI (עוזר צ׳אט)","other","",""
"שליחת ""${doc?.title ?? 'המסמך'}"" ל${doc?.recipient?.name ?? 'נמען'} דרך ${via}","src/server/ai/tools/documents.ts","154","XTRA AI (עוזר צ׳אט)","other","${doc?.title ?? 'המסמך'} | ${doc?.recipient?.name ?? 'נמען'} | ${via}",""
"לא ניתן לשלוח: ${result.blockers.join(', ')}","src/server/ai/tools/documents.ts","162","XTRA AI (עוזר צ׳אט)","error","${result.blockers.join(', ')}",""
"המסמך נשלח לחתימה.","src/server/ai/tools/documents.ts","164","XTRA AI (עוזר צ׳אט)","other","",""
"מעקב אחרי המסמך","src/server/ai/tools/documents.ts","166","XTRA AI (עוזר צ׳אט)","other","",""
"שליחת תזכורת לחתימה","src/server/ai/tools/documents.ts","182","XTRA AI (עוזר צ׳אט)","other","",""
"שליחת תזכורת ל-${pending.items.length} נמענים שטרם חתמו","src/server/ai/tools/documents.ts","202","XTRA AI (עוזר צ׳אט)","other","${pending.items.length}","glossary: נמענים"
"נשלחו ${sent} תזכורות, ${failed.length} נכשלו.","src/server/ai/tools/documents.ts","217","XTRA AI (עוזר צ׳אט)","error","${sent} | ${failed.length}",""
"${overview.counts.pending} ממתינים · ${overview.signedToday} נחתמו היום · ${overview.viewedNotSigned} נצפו ולא נחתמו · ${overview.attentionCount} דורשים טיפול.","src/server/ai/tools/documents.ts","232","XTRA AI (עוזר צ׳אט)","other","${overview.counts.pending} | ${overview.signedToday} | ${overview.viewedNotSigned} | ${overview.attentionCount}",""
"${result.items.length} מסמכים דורשים טיפול.","src/server/ai/tools/documents.ts","246","XTRA AI (עוזר צ׳אט)","other","${result.items.length}",""
"אין מסמכים שדורשים טיפול.","src/server/ai/tools/documents.ts","246","XTRA AI (עוזר צ׳אט)","other","",""
"${unread} התראות שלא נקראו.","src/server/ai/tools/documents.ts","269","XTRA AI (עוזר צ׳אט)","other","${unread}",""
"ההתראה סומנה כנקראה.","src/server/ai/tools/documents.ts","282","XTRA AI (עוזר צ׳אט)","other","",""
"כל ההתראות סומנו כנקראו.","src/server/ai/tools/documents.ts","282","XTRA AI (עוזר צ׳אט)","other","",""
"${groups.length} קבוצות.","src/server/ai/tools/groups.ts","33","XTRA AI (עוזר צ׳אט)","other","${groups.length}",""
"אין עדיין קבוצות.","src/server/ai/tools/groups.ts","33","XTRA AI (עוזר צ׳אט)","other","",""
"נוצרה הקבוצה ""${input.name}"".","src/server/ai/tools/groups.ts","77","XTRA AI (עוזר צ׳אט)","other","${input.name}",""
"שינוי שם הקבוצה ל""${name}""","src/server/ai/tools/groups.ts","102","XTRA AI (עוזר צ׳אט)","other","${name}",""
"עדכון פרטי הקבוצה","src/server/ai/tools/groups.ts","102","XTRA AI (עוזר צ׳אט)","other","",""
"הקבוצה לא נמצאה.","src/server/ai/tools/groups.ts","106","XTRA AI (עוזר צ׳אט)","error","",""
"הקבוצה עודכנה.","src/server/ai/tools/groups.ts","116","XTRA AI (עוזר צ׳אט)","other","",""
"פתח קבוצה","src/server/ai/tools/groups.ts","118","XTRA AI (עוזר צ׳אט)","other","","same text also at: src/server/ai/tools/groups.ts:136"
"נוספו ${result.added} חברות לקבוצה.","src/server/ai/tools/groups.ts","134","XTRA AI (עוזר צ׳אט)","other","${result.added}",""
"כל החברות כבר היו בקבוצה.","src/server/ai/tools/groups.ts","134","XTRA AI (עוזר צ׳אט)","other","",""
"הוצאת ${companyIds.length} חברות מהקבוצה","src/server/ai/tools/groups.ts","149","XTRA AI (עוזר צ׳אט)","other","${companyIds.length}",""
"הוצאו ${result.removed} חברות מהקבוצה.","src/server/ai/tools/groups.ts","153","XTRA AI (עוזר צ׳אט)","other","${result.removed}",""
"הקבוצה","src/server/ai/tools/groups.ts","165","XTRA AI (עוזר צ׳אט)","other","","same text also at: src/server/ai/tools/groups.ts:197"
"${companies.length} חברות בקבוצה.","src/server/ai/tools/groups.ts","170","XTRA AI (עוזר צ׳אט)","other","${companies.length}",""
"${plan.rows.length} חברות בקבוצה · ${plan.readyCount} מוכנות לשליחה${blocked.length ? ` · ${blocked.length} חסרות פרטים` : ''}.","src/server/ai/tools/groups.ts","206","XTRA AI (עוזר צ׳אט)","error","${plan.rows.length} | ${plan.readyCount} | ${blocked.length ? ` · ${blocked.length}",""
"· ${blocked.length} חסרות פרטים","src/server/ai/tools/groups.ts","207","XTRA AI (עוזר צ׳אט)","error","${blocked.length}","not in previous catalog"
"שליחת ${companyIds.length} הסכמים לחתימה — ${companyIds.length} הודעות ייצאו בפועל","src/server/ai/tools/groups.ts","240","XTRA AI (עוזר צ׳אט)","other","${companyIds.length} | ${companyIds.length}","glossary: הסכמים"
"נשלחו ${result.sent}, נכשלו ${result.failed.length}.","src/server/ai/tools/groups.ts","245","XTRA AI (עוזר צ׳אט)","error","${result.sent} | ${result.failed.length}",""
"נשלחו ${result.sent} הסכמים.","src/server/ai/tools/groups.ts","246","XTRA AI (עוזר צ׳אט)","other","${result.sent}","glossary: הסכמים"
"ניסיון חוזר עבור ${companyIds.length} חברות שנכשלו","src/server/ai/tools/groups.ts","278","XTRA AI (עוזר צ׳אט)","error","${companyIds.length}",""
"נשלחו ${result.sent}, דילג על ${result.skipped} שכבר נשלחו.","src/server/ai/tools/groups.ts","282","XTRA AI (עוזר צ׳אט)","other","${result.sent} | ${result.skipped}",""
"${templates.length} תבניות.","src/server/ai/tools/groups.ts","297","XTRA AI (עוזר צ׳אט)","other","${templates.length}",""
"אין עדיין תבניות.","src/server/ai/tools/groups.ts","297","XTRA AI (עוזר צ׳אט)","other","",""
"ב-SMS","src/server/attention/attention.ts","84","attention — הודעות שרת","other","","not in previous catalog"
"במייל","src/server/attention/attention.ts","84","attention — הודעות שרת","other","","not in previous catalog"
"ההסכם נחתם, אך המייל עם העותק החתום לא נשלח לחותם","src/server/attention/attention.ts","88","attention — הודעות שרת","other","","not in previous catalog"
"התזכורת לא נשלחה ${channelWord(channel)}","src/server/attention/attention.ts","89","attention — הודעות שרת","other","${channelWord(channel)}","not in previous catalog"
"קישור החתימה לא נשלח ${channelWord(channel)}","src/server/attention/attention.ts","90","attention — הודעות שרת","other","${channelWord(channel)}","not in previous catalog"
"ההודעה ב-WhatsApp לא נשלחה","src/server/attention/attention.ts","109","attention — הודעות שרת","other","","not in previous catalog"
"הנציג דיווח שההודעה לא נשלחה מהטלפון. אפשר לפתוח את השיתוף שוב ולשלוח.","src/server/attention/attention.ts","110","attention — הודעות שרת","other","","not in previous catalog"
"שלח שוב ב-WhatsApp","src/server/attention/attention.ts","111","attention — הודעות שרת","other","","not in previous catalog"
"ניסיון השליחה נכשל.","src/server/attention/attention.ts","124","attention — הודעות שרת","error","","not in previous catalog"
"המספר שהוזן (${masked}) אינו תקין, ולכן ההודעה לא יכלה להגיע. תקנו את המספר ושלחו שוב.","src/server/attention/attention.ts","138","attention — הודעות שרת","other","${masked}","not in previous catalog"
"תקן מספר טלפון ושלח שוב","src/server/attention/attention.ts","139","attention — הודעות שרת","other","","not in previous catalog"
"הכתובת שהוזנה (${masked}) אינה תקינה, ולכן המייל לא יכול היה להגיע. תקנו את הכתובת ושלחו שוב.","src/server/attention/attention.ts","148","attention — הודעות שרת","other","${masked}","not in previous catalog"
"תקן כתובת מייל ושלח שוב","src/server/attention/attention.ts","149","attention — הודעות שרת","other","","not in previous catalog"
"ניסיון השליחה אל ${masked} נכשל. אפשר לשלוח את אותה הודעה שוב.","src/server/attention/attention.ts","159","attention — הודעות שרת","error","${masked}","not in previous catalog"
"שלח את ה-SMS שוב","src/server/attention/attention.ts","160","attention — הודעות שרת","other","","not in previous catalog"
"שלח את המייל שוב","src/server/attention/attention.ts","160","attention — הודעות שרת","other","","not in previous catalog"
"קישור החתימה פג","src/server/attention/attention.ts","246","attention — הודעות שרת","other","","not in previous catalog"
"החותם כבר לא יכול לפתוח את הקישור שנשלח. חידוש הקישור שולח לו קישור חדש עם תוקף חדש.","src/server/attention/attention.ts","247","attention — הודעות שרת","other","","not in previous catalog"
"חדש קישור ושלח שוב","src/server/attention/attention.ts","248","attention — הודעות שרת","other","","not in previous catalog"
"נצפה ולא נחתם כבר ${days} ימים","src/server/attention/attention.ts","264","attention — הודעות שרת","other","${days}","not in previous catalog"
"החותם פתח את המסמך אבל לא חתם. תזכורת קצרה בדרך כלל מספיקה.","src/server/attention/attention.ts","265","attention — הודעות שרת","other","","not in previous catalog"
"ההסכם לא משויך לספק או ללקוח","src/server/attention/attention.ts","281","attention — הודעות שרת","other","","not in previous catalog"
"בלי שיוך ההסכם לא יופיע בדף של החברה ולא יעלה ל-CRM.","src/server/attention/attention.ts","282","attention — הודעות שרת","other","","not in previous catalog; glossary: CRM"
"ההרשמה לא שויכה לחברה ב-CRM","src/server/attention/attention.ts","310","attention — הודעות שרת","other","","not in previous catalog; glossary: CRM"
"המערכת לא הצליחה להתאים את ההרשמה לחברה קיימת. בדקו את השיוך ואשרו אותו.","src/server/attention/attention.ts","311","attention — הודעות שרת","other","","not in previous catalog"
"בדוק שיוך","src/server/attention/attention.ts","312","attention — הודעות שרת","other","","not in previous catalog"
"ההודעה לא נמצאה.","src/server/attention/resend.ts","41","attention — הודעות שרת","error","","not in previous catalog; same text also at: src/server/attention/resend.ts:147"
"WhatsApp נשלח מהטלפון של הנציג. פתחו את השיתוף מדף ההסכם.","src/server/attention/resend.ts","43","attention — הודעות שרת","error","","not in previous catalog"
"ההסכם בוטל, ואין מה לשלוח.","src/server/attention/resend.ts","44","attention — הודעות שרת","error","","not in previous catalog"
"ההודעה כבר נשלחה בהצלחה.","src/server/attention/resend.ts","55","attention — הודעות שרת","error","","not in previous catalog"
"לא נמצא חותם.","src/server/attention/resend.ts","58","attention — הודעות שרת","error","","same text also at: src/server/documents/send-agreement.ts:446, src/server/documents/send-agreement.ts:490, src/server/reports/registration-actions.ts:280"
"מספר הטלפון אינו תקין.","src/server/attention/resend.ts","63","attention — הודעות שרת","error","","same text also at: src/server/auth/login.ts:110, src/server/documents/save-fields.ts:243"
"כתובת המייל אינה תקינה.","src/server/attention/resend.ts","63","attention — הודעות שרת","error","","not in previous catalog"
"מספר הטלפון אינו תקין. תקנו אותו ושלחו שוב.","src/server/attention/resend.ts","69","attention — הודעות שרת","error","","not in previous catalog"
"כתובת המייל אינה תקינה. תקנו אותה ושלחו שוב.","src/server/attention/resend.ts","69","attention — הודעות שרת","error","","not in previous catalog"
"ההסכם כבר לא ממתין לחתימה.","src/server/attention/resend.ts","73","attention — הודעות שרת","error","","not in previous catalog"
"קישור החתימה פג. חדשו את הקישור במקום.","src/server/attention/resend.ts","75","attention — הודעות שרת","error","","not in previous catalog"
"השליחה לא נרשמה.","src/server/attention/resend.ts","84","attention — הודעות שרת","error","","not in previous catalog"
"השליחה נכשלה שוב.","src/server/attention/resend.ts","86","attention — הודעות שרת","error","","not in previous catalog; same text also at: src/server/attention/resend.ts:122"
"ההסכם אינו זמין.","src/server/attention/resend.ts","177","attention — הודעות שרת","other","","not in previous catalog"
"יש לתקן את כתובת המייל קודם.","src/server/attention/resend.ts","189","attention — הודעות שרת","other","","not in previous catalog"
"יש לתקן את מספר הטלפון קודם.","src/server/attention/resend.ts","189","attention — הודעות שרת","other","","not in previous catalog"
"WhatsApp נשלח ידנית מדף ההסכם.","src/server/attention/resend.ts","189","attention — הודעות שרת","other","","not in previous catalog"
"אין הודעה שנכשלה שאפשר לשלוח שוב.","src/server/attention/resend.ts","189","attention — הודעות שרת","error","","not in previous catalog"
"אם המספר רשום במערכת, נשלח אליו קוד בהודעת SMS.","src/server/auth/login.ts","39","כניסה למערכת — SMS קוד כניסה והודעות שרת","other","",""
"הקוד שהוזן אינו נכון או שפג תוקפו.","src/server/auth/login.ts","40","כניסה למערכת — SMS קוד כניסה והודעות שרת","other","",""
"יותר מדי ניסיונות. נסו שוב בעוד מספר דקות.","src/server/auth/login.ts","41","כניסה למערכת — SMS קוד כניסה והודעות שרת","other","",""
"הקוד כבר נשלח. אנא המתינו 30 שניות לפני שליחה נוספת.","src/server/auth/login.ts","150","כניסה למערכת — SMS קוד כניסה והודעות שרת","error","","same text also at: src/server/signing/otp.ts:75"
"קוד הכניסה שלך ל-XTRA SIGN הוא:","src/server/auth/login.ts","187","כניסה למערכת — SMS קוד כניסה והודעות שרת","sms","",""
"שליחת הקוד נכשלה. נסו שוב בעוד רגע.","src/server/auth/login.ts","209","כניסה למערכת — SMS קוד כניסה והודעות שרת","error","",""
"שם חברה","src/server/companies/excel.ts","22","ספקים/לקוחות → ייבוא/ייצוא Excel","other","",""
"שם איש קשר","src/server/companies/excel.ts","22","ספקים/לקוחות → ייבוא/ייצוא Excel","other","",""
"מקדונלדס ישראל","src/server/companies/excel.ts","59","ספקים/לקוחות → ייבוא/ייצוא Excel","other","",""
"הוראות","src/server/companies/excel.ts","66","ספקים/לקוחות → ייבוא/ייצוא Excel","other","",""
"איך למלא את הקובץ","src/server/companies/excel.ts","69","ספקים/לקוחות → ייבוא/ייצוא Excel","other","",""
"1. מלאו שורה אחת לכל ספק או לקוח, בגיליון ""ספקים ולקוחות"".","src/server/companies/excel.ts","71","ספקים/לקוחות → ייבוא/ייצוא Excel","other","","glossary: ספקים, לקוחות"
"2. ""סוג"" חייב להיות ספק או לקוח.","src/server/companies/excel.ts","72","ספקים/לקוחות → ייבוא/ייצוא Excel","other","",""
"3. ""שם חברה"" הוא שדה חובה. שאר השדות מומלצים אך לא חובה.","src/server/companies/excel.ts","73","ספקים/לקוחות → ייבוא/ייצוא Excel","other","",""
"4. טלפון בפורמט ישראלי, למשל 050-1234567.","src/server/companies/excel.ts","74","ספקים/לקוחות → ייבוא/ייצוא Excel","other","",""
"5. אפשר למחוק את שורת הדוגמה.","src/server/companies/excel.ts","75","ספקים/לקוחות → ייבוא/ייצוא Excel","other","",""
"לפני הייבוא תוצג טבלת בדיקה: מה ייווצר, מה כבר קיים, ומה נדחה ולמה.","src/server/companies/excel.ts","77","ספקים/לקוחות → ייבוא/ייצוא Excel","other","",""
"חברה שכבר קיימת במערכת לא תיווצר פעמיים.","src/server/companies/excel.ts","78","ספקים/לקוחות → ייבוא/ייצוא Excel","other","",""
"כבר קיימת — נשתמש בחברה הקיימת","src/server/companies/excel.ts","146","ספקים/לקוחות → ייבוא/ייצוא Excel","error","",""
"קבוצות","src/server/companies/excel.ts","234","ספקים/לקוחות → ייבוא/ייצוא Excel","other","",""
"לא הצלחנו לבדוק אם החברה כבר קיימת ב-Fireberry. נסו שוב, או שמרו ב-XTRA Sign בלבד.","src/server/companies/registration.ts","76","ספקים/לקוחות — הודעות שרת","error","","glossary: XTRA Sign"
"החברה נשמרה ב-XTRA Sign, אך לא הצלחנו ליצור אותה ב-Fireberry.","src/server/companies/registration.ts","94","ספקים/לקוחות — הודעות שרת","error","","glossary: XTRA Sign"
"לא הצלחנו לשמור את החברה.","src/server/companies/registration.ts","126","ספקים/לקוחות — הודעות שרת","error","",""
"הצעה ${number}","src/server/crm/business-documents.ts","62","CRM (Fireberry) — הודעות שרת","other","${number}",""
"הצעה","src/server/crm/business-documents.ts","62","CRM (Fireberry) — הודעות שרת","other","",""
"הסכם ספקים","src/server/crm/business-documents.ts","126","CRM (Fireberry) — הודעות שרת","other","","glossary: ספקים"
"הצעת מחיר","src/server/crm/business-documents.ts","127","CRM (Fireberry) — הודעות שרת","other","",""
"(ללא שם)","src/server/crm/company-registration.ts","108","CRM (Fireberry) — הודעות שרת","other","","same text also at: src/server/crm/sync.ts:64"
"החיבור ל-CRM אינו מוגדר.","src/server/crm/fireberry.ts","295","CRM (Fireberry) — הודעות שרת","error","","glossary: CRM; same text also at: src/server/crm/import-documents.ts:71, src/server/crm/import-documents.ts:127, src/server/crm/import-templates.ts:99 (+4 more)"
"הרשומה לא נמצאה ב-CRM. בדקו את מזהה הרשומה.","src/server/crm/fireberry.ts","333","CRM (Fireberry) — הודעות שרת","error","","glossary: CRM"
"החיבור ל-CRM נדחה. בדקו את הטוקן.","src/server/crm/fireberry.ts","335","CRM (Fireberry) — הודעות שרת","error","","glossary: CRM"
"העלאה ל-CRM נכשלה. נסו שוב.","src/server/crm/fireberry.ts","336","CRM (Fireberry) — הודעות שרת","error","","glossary: CRM; same text also at: src/server/crm/fireberry.ts:346"
"העלאה ל-CRM ארכה זמן רב מדי. נסו שוב.","src/server/crm/fireberry.ts","346","CRM (Fireberry) — הודעות שרת","error","","glossary: CRM"
"הספק או הלקוח לא נמצא.","src/server/crm/import-business-document.ts","39","CRM (Fireberry) — הודעות שרת","error","","same text also at: src/server/crm/import-documents.ts:52, src/server/crm/upload-agreement.ts:39, src/server/documents/company-link.ts:36 (+2 more)"
"הרשומה אינה מחוברת ל-Fireberry.","src/server/crm/import-business-document.ts","41","CRM (Fireberry) — הודעות שרת","error","","same text also at: src/server/crm/import-documents.ts:54"
"המסמך אינו שייך לספק או ללקוח הזה.","src/server/crm/import-business-document.ts","54","CRM (Fireberry) — הודעות שרת","error","",""
"לא הצלחנו להביא את המסמך מ-Fireberry.","src/server/crm/import-business-document.ts","65","CRM (Fireberry) — הודעות שרת","error","",""
"נותרו שדות שלא נפתרו במסמך. פנו לתמיכה.","src/server/crm/import-business-document.ts","71","CRM (Fireberry) — הודעות שרת","error","",""
"ההמרה ל-PDF נכשלה.","src/server/crm/import-business-document.ts","81","CRM (Fireberry) — הודעות שרת","error","","same text also at: src/server/documents/composer-save.ts:42"
"${rendered.title || 'מסמך'}.pdf","src/server/crm/import-business-document.ts","87","CRM (Fireberry) — הודעות שרת","other","${rendered.title || 'מסמך'}",""
"ה-PDF שנוצר אינו קריא.","src/server/crm/import-business-document.ts","117","CRM (Fireberry) — הודעות שרת","error","",""
"לא הצלחנו לקרוא את רשימת המסמכים מ-CRM.","src/server/crm/import-documents.ts","84","CRM (Fireberry) — הודעות שרת","error","","glossary: CRM; same text also at: src/server/crm/import-documents.ts:140"
"לא נבחרו מסמכים לייבוא.","src/server/crm/import-documents.ts","146","CRM (Fireberry) — הודעות שרת","error","",""
"רק קובצי PDF ניתנים לייבוא","src/server/crm/import-documents.ts","175","CRM (Fireberry) — הודעות שרת","error","",""
"ההורדה מ-CRM נכשלה","src/server/crm/import-documents.ts","183","CRM (Fireberry) — הודעות שרת","error","","glossary: CRM"
"לא הצלחנו לקרוא את רשימת התבניות מ-CRM.","src/server/crm/import-templates.ts","105","תבניות → ייבוא תבנית מ-CRM","error","","glossary: CRM"
"לא נבחרו תבניות לייבוא.","src/server/crm/import-templates.ts","135","תבניות → ייבוא תבנית מ-CRM","error","",""
"ניתן לייבא עד ${MAX_TEMPLATES_PER_CALL} תבניות בבת אחת.","src/server/crm/import-templates.ts","137","תבניות → ייבוא תבנית מ-CRM","error","${MAX_TEMPLATES_PER_CALL}",""
"הקריאה מ-CRM נכשלה","src/server/crm/import-templates.ts","153","תבניות → ייבוא תבנית מ-CRM","error","","glossary: CRM"
"התבנית לא נמצאה ב-CRM","src/server/crm/import-templates.ts","157","תבניות → ייבוא תבנית מ-CRM","error","","glossary: CRM"
"ההמרה ל-PDF נכשלה","src/server/crm/import-templates.ts","180","תבניות → ייבוא תבנית מ-CRM","error","",""
"ה-PDF שנוצר אינו קריא","src/server/crm/import-templates.ts","196","תבניות → ייבוא תבנית מ-CRM","error","",""
"שמירת הקובץ נכשלה","src/server/crm/import-templates.ts","217","תבניות → ייבוא תבנית מ-CRM","error","",""
"${name} (גרסה ${existing + 1})","src/server/crm/import-templates.ts","264","תבניות → ייבוא תבנית מ-CRM","other","${name} | ${existing + 1}",""
"כתובת לא תקינה","src/server/crm/inline-assets.ts","139","CRM (Fireberry) — הודעות שרת","error","",""
"כתובת שאינה ניתנת להורדה","src/server/crm/inline-assets.ts","142","CRM (Fireberry) — הודעות שרת","error","",""
"שגיאה ${response.status}","src/server/crm/inline-assets.ts","155","CRM (Fireberry) — הודעות שרת","error","${response.status}",""
"הקובץ אינו תמונה","src/server/crm/inline-assets.ts","158","CRM (Fireberry) — הודעות שרת","error","",""
"התמונה גדולה מדי","src/server/crm/inline-assets.ts","161","CRM (Fireberry) — הודעות שרת","error","","same text also at: src/server/crm/inline-assets.ts:164"
"ההורדה נכשלה","src/server/crm/inline-assets.ts","168","CRM (Fireberry) — הודעות שרת","error","",""
"יותר מדי תמונות בתבנית","src/server/crm/inline-assets.ts","196","CRM (Fireberry) — הודעות שרת","error","",""
"${label}: קריאה מ-CRM נכשלה.","src/server/crm/sync.ts","130","CRM (Fireberry) — הודעות שרת","error","${label}","glossary: CRM"
"${label}: חלק מפרטי אנשי הקשר לא נטענו.","src/server/crm/sync.ts","157","CRM (Fireberry) — הודעות שרת","other","${label}",""
"ניתן להעלות ל-CRM רק מסמך חתום.","src/server/crm/upload-agreement.ts","32","הסכם → העלאה / עדכון ל-CRM","error","","glossary: CRM"
"המסמך אינו משויך לספק או לקוח.","src/server/crm/upload-agreement.ts","35","הסכם → העלאה / עדכון ל-CRM","error","",""
"לא הוגדר מזהה רשומה ב-CRM עבור הספק/לקוח.","src/server/crm/upload-agreement.ts","41","הסכם → העלאה / עדכון ל-CRM","error","","glossary: CRM"
"הקובץ החתום אינו זמין. נסו שוב.","src/server/crm/upload-agreement.ts","59","הסכם → העלאה / עדכון ל-CRM","error","",""
"ההעלאה של ""${agreementTitle}"" ל-Fireberry נכשלה","src/server/crm/upload-agreement.ts","92","הסכם → העלאה / עדכון ל-CRM","error","${agreementTitle}",""
"המסמך טרם נחתם.","src/server/crm/writeback.ts","75","הסכם → העלאה / עדכון ל-CRM","error","",""
"למסמך אין רשומת מקור ב-CRM.","src/server/crm/writeback.ts","76","הסכם → העלאה / עדכון ל-CRM","error","","glossary: CRM"
"אין קובץ חתום.","src/server/crm/writeback.ts","77","הסכם → העלאה / עדכון ל-CRM","error","",""
"${row.title} — חתום.pdf","src/server/crm/writeback.ts","88","הסכם → העלאה / עדכון ל-CRM","other","${row.title}",""
"ההעלאה של ""${row.title}"" ל-Fireberry נכשלה","src/server/crm/writeback.ts","124","הסכם → העלאה / עדכון ל-CRM","error","${row.title}",""
"ניתן לנסות שוב מעמוד המסמך.","src/server/crm/writeback.ts","125","הסכם → העלאה / עדכון ל-CRM","other","",""
"שיוך לפרויקטים","src/server/deletion/policy.ts","138","דיאלוג מחיקה / ארכיון","other","",""
"שיוך לקבוצות","src/server/deletion/policy.ts","138","דיאלוג מחיקה / ארכיון","other","",""
"הרשמות / לידים","src/server/deletion/policy.ts","139","דיאלוג מחיקה / ארכיון","other","","glossary: הרשמות; same text also at: src/server/deletion/policy.ts:179"
"הסכמים שהסתיימו ללא חתימה","src/server/deletion/policy.ts","140","דיאלוג מחיקה / ארכיון","other","","glossary: הסכמים; same text also at: src/server/deletion/policy.ts:181"
"ספקים משויכים","src/server/deletion/policy.ts","178","דיאלוג מחיקה / ארכיון","other","","glossary: ספקים"
"כתובות ציבוריות","src/server/deletion/policy.ts","180","דיאלוג מחיקה / ארכיון","other","",""
"הסכמים שנוצרו מהתבנית","src/server/deletion/policy.ts","205","דיאלוג מחיקה / ארכיון","other","","glossary: הסכמים"
"ההרשמה כבר הפכה לספק או להסכם ולכן נשמרת כהיסטוריה של הפרויקט.","src/server/deletion/policy.ts","263","דיאלוג מחיקה / ארכיון","other","",""
"לא ניתן להסיר את הרשומה.","src/server/deletion/policy.ts","310","דיאלוג מחיקה / ארכיון","error","",""
"מחיקה מוגנת דורשת אישור מנהל מערכת.","src/server/deletion/policy.ts","314","דיאלוג מחיקה / ארכיון","error","",""
"יש לאשר שההיסטוריה החתומה תישמר.","src/server/deletion/policy.ts","315","דיאלוג מחיקה / ארכיון","error","",""
"לא ניתן למחוק רשומה זו באופן רגיל, משום שקיימים במערכת מסמכים חתומים או מידע היסטורי המשויך אליה. אפשר להעביר אותה לארכיון (המסמכים וההיסטוריה נשמרים), ומחיקה מלאה דורשת אישור מנהל מערכת.","src/server/deletion/policy.ts","323","דיאלוג מחיקה / ארכיון","error","",""
"הרשומה הועברה לארכיון. ההסכמים והקבצים החתומים נשמרו.","src/server/deletion/policy.ts","365","דיאלוג מחיקה / ארכיון","error","","glossary: הסכמים"
"הרשומה הוחזרה לרשימות הפעילות.","src/server/deletion/policy.ts","369","דיאלוג מחיקה / ארכיון","error","",""
"הרשומה הוסרה. ההסכמים החתומים, הקבצים והיסטוריית החתימות נשמרו.","src/server/deletion/policy.ts","374","דיאלוג מחיקה / ארכיון","error","","glossary: הסכמים"
"הרשומה נמחקה ו-${cancelled.cancelled} הסכמים בוטלו.","src/server/deletion/policy.ts","388","דיאלוג מחיקה / ארכיון","error","${cancelled.cancelled}","glossary: הסכמים"
"הרשומה נמחקה.","src/server/deletion/policy.ts","388","דיאלוג מחיקה / ארכיון","error","",""
"הפרויקט הועבר לארכיון.","src/server/deletion/policy.ts","394","דיאלוג מחיקה / ארכיון","error","",""
"הפרויקט הוחזר לרשימה הפעילה.","src/server/deletion/policy.ts","398","דיאלוג מחיקה / ארכיון","error","",""
"הפרויקט הוסר. ההסכמים החתומים והיסטוריית החתימות נשמרו.","src/server/deletion/policy.ts","402","דיאלוג מחיקה / ארכיון","error","","glossary: הסכמים"
"הפרויקט נמחק ו-${cancelled.cancelled} הסכמים בוטלו.","src/server/deletion/policy.ts","418","דיאלוג מחיקה / ארכיון","error","${cancelled.cancelled}","glossary: הסכמים"
"הפרויקט נמחק.","src/server/deletion/policy.ts","418","דיאלוג מחיקה / ארכיון","error","",""
"רק מי שיצר את התבנית או מנהל מערכת יכול להסיר אותה.","src/server/deletion/policy.ts","423","דיאלוג מחיקה / ארכיון","error","",""
"תבנית שהוסרה אינה ניתנת לשחזור.","src/server/deletion/policy.ts","424","דיאלוג מחיקה / ארכיון","error","",""
"התבנית נמחקה.","src/server/deletion/policy.ts","429","דיאלוג מחיקה / ארכיון","error","",""
"התבנית הוסרה מרשימת התבניות. הסכמים שנוצרו ממנה ממשיכים לעבוד כרגיל.","src/server/deletion/policy.ts","431","דיאלוג מחיקה / ארכיון","error","","glossary: הסכמים"
"ההסכם הועבר לארכיון. הקובץ החתום והיסטוריית החתימה נשמרו.","src/server/deletion/policy.ts","439","דיאלוג מחיקה / ארכיון","error","",""
"ההסכם הוחזר לרשימה.","src/server/deletion/policy.ts","444","דיאלוג מחיקה / ארכיון","error","",""
"ההסכם הוסר מהמסכים. הקובץ החתום והיסטוריית החתימה נשמרו.","src/server/deletion/policy.ts","449","דיאלוג מחיקה / ארכיון","error","",""
"הטיוטה נמחקה.","src/server/deletion/policy.ts","453","דיאלוג מחיקה / ארכיון","error","",""
"ההסכם בוטל והוסר מהרשימה.","src/server/deletion/policy.ts","460","דיאלוג מחיקה / ארכיון","error","",""
"הרשמה נמחקת או נשמרת; אין לה ארכיון.","src/server/deletion/policy.ts","464","דיאלוג מחיקה / ארכיון","error","",""
"ההרשמה נמחקה.","src/server/deletion/policy.ts","466","דיאלוג מחיקה / ארכיון","error","",""
"ההתראה נמחקה.","src/server/deletion/policy.ts","471","דיאלוג מחיקה / ארכיון","error","",""
"בקשת מחיקה: ${impact.name}","src/server/deletion/policy.ts","512","דיאלוג מחיקה / ארכיון","other","${impact.name}",""
"${session.name} ביקש/ה להסיר רשומה עם היסטוריה חתומה (${impact.signedAgreements} הסכמים חתומים).","src/server/deletion/policy.ts","513","דיאלוג מחיקה / ארכיון","other","${session.name} | ${impact.signedAgreements}","glossary: הסכמים"
"המחיקה המלאה נכשלה. שום דבר לא נמחק.","src/server/deletion/purge.ts","141","deletion — הודעות שרת","error","","not in previous catalog"
"יש להזין שם להפצה.","src/server/distributions/distributions.ts","111","קמפיין → הפצות","error","","glossary: הפצה"
"יש לבחור לפחות ערוץ אחד.","src/server/distributions/distributions.ts","113","קמפיין → הפצות","error","",""
"יש להזין כתובת תקינה (https://…).","src/server/distributions/distributions.ts","116","קמפיין → הפצות","error","",""
"הודעת ה-SMS חייבת לכלול את המשתנה {{campaign_url}}.","src/server/distributions/distributions.ts","128","קמפיין → הפצות","error","{{campaign_url}}",""
"הודעת האימייל חייבת לכלול קישור.","src/server/distributions/distributions.ts","129","קמפיין → הפצות","error","",""
"יש לבחור לפחות נמען אחד.","src/server/distributions/distributions.ts","132","קמפיין → הפצות","error","",""
"אפשר לשלוח עד ${MAX_RECIPIENTS} נמענים בהפצה אחת.","src/server/distributions/distributions.ts","133","קמפיין → הפצות","error","${MAX_RECIPIENTS}","glossary: הפצה, נמענים"
"מועד התזמון אינו תקין.","src/server/distributions/distributions.ts","135","קמפיין → הפצות","error","",""
"לקמפיין אין עדיין עמוד ציבורי. הפעילו את עמוד הקמפיין בהגדרות או בחרו ""כתובת אחרת"".","src/server/distributions/distributions.ts","162","קמפיין → הפצות","error","","glossary: קמפיין"
"לא נמצאו נמענים.","src/server/distributions/distributions.ts","169","קמפיין → הפצות","error","","glossary: נמענים"
"אין טלפון או אימייל לערוצים שנבחרו","src/server/distributions/distributions.ts","196","קמפיין → הפצות","error","",""
"לקמפיין אין עמוד ציבורי לשלוח אליו.","src/server/distributions/distributions.ts","271","קמפיין → הפצות","error","","glossary: קמפיין; same text also at: src/server/invitations/invitations.ts:255, src/server/invitations/invitations.ts:310"
"[בדיקה] ${rendered.sms}","src/server/distributions/distributions.ts","307","קמפיין → הפצות","sms","${rendered.sms}",""
"[בדיקה] ${rendered.email.subject}","src/server/distributions/distributions.ts","311","קמפיין → הפצות","other","${rendered.email.subject}",""
"יש להזין טלפון או אימייל לבדיקה.","src/server/distributions/distributions.ts","315","קמפיין → הפצות","error","",""
"שליחת הבדיקה נכשלה: ${failed.map((f) => (f.ok ? '' : f.error)).join(', ')}","src/server/distributions/distributions.ts","316","קמפיין → הפצות","error","${failed.map((f) => (f.ok ? '' : f.error)).join(', ')}",""
"ההפצה כבר נשלחה.","src/server/distributions/distributions.ts","320","קמפיין → הפצות","error","","glossary: הפצה"
"רק מנהל יכול לעקוף את מגבלת 24 השעות.","src/server/distributions/distributions.ts","321","קמפיין → הפצות","error","",""
"נשלחה הודעה ב-${MIN_HOURS_BETWEEN_SENDS} השעות האחרונות","src/server/distributions/distributions.ts","345","קמפיין → הפצות","error","${MIN_HOURS_BETWEEN_SENDS}",""
"אפשר למחוק רק טיוטה. הפצה שנשלחה נשארת בהיסטוריה.","src/server/distributions/distributions.ts","395","קמפיין → הפצות","error","","glossary: הפצה"
"יצירת ה-PDF נכשלה. נסו שוב.","src/server/documents/canvas-save.ts","166","הסכמים — הודעות שרת","error","",""
"המסמך נוצר, אך השדות לא נשמרו: ${saved.message}","src/server/documents/canvas-save.ts","203","הסכמים — הודעות שרת","error","${saved.message}","same text also at: src/server/documents/composer-save.ts:78"
"המסמך ארוך מדי. ניתן ליצור עד ${LIMITS.MAX_PAGES} עמודים.","src/server/documents/compose.ts","125","מסמך חדש (העלאה / כתיבה / בחירת חברה)","other","${LIMITS.MAX_PAGES}",""
"עמוד ${index + 1} מתוך ${pages.length}","src/server/documents/compose.ts","227","מסמך חדש (העלאה / כתיבה / בחירת חברה)","other","${index + 1} | ${pages.length}",""
"הטקסט ארוך מדי. ניתן להזין עד ${COMPOSE_LIMITS.MAX_TEXT_CHARS.toLocaleString('he-IL')} תווים.","src/server/documents/compose.ts","301","מסמך חדש (העלאה / כתיבה / בחירת חברה)","error","${COMPOSE_LIMITS.MAX_TEXT_CHARS.toLocaleString('he-IL')}",""
"הקובץ ריק.","src/server/documents/file-validation.ts","65","מסמך חדש (העלאה / כתיבה / בחירת חברה)","other","",""
"ניתן להעלות קובץ PDF בלבד. אם המסמך ב-Word, שמרו אותו כ-PDF ונסו שוב.","src/server/documents/file-validation.ts","67","מסמך חדש (העלאה / כתיבה / בחירת חברה)","other","","same text also at: src/server/templates/templates.ts:215"
"לא ניתן לבטל מסמך שכבר נחתם.","src/server/documents/lifecycle.ts","29","הסכמים — הודעות שרת","error","",""
"ניתן למחוק רק טיוטה. מסמך שנשלח אפשר לבטל.","src/server/documents/lifecycle.ts","77","הסכמים — הודעות שרת","error","",""
"המסמך אינו זמין להעתקה.","src/server/documents/lifecycle.ts","174","הסכמים — הודעות שרת","error","",""
"${agreement.title} (עותק)","src/server/documents/lifecycle.ts","297","הסכמים — הודעות שרת","other","${agreement.title}",""
"עיבוד המסמך ארך זמן רב מדי. נסו שוב, או העלו קובץ קטן יותר.","src/server/documents/limits.ts","59","מסמך חדש (העלאה / כתיבה / בחירת חברה)","other","",""
"המסמך ארוך מדי. ניתן להעלות עד ${LIMITS.MAX_PAGES} עמודים.","src/server/documents/limits.ts","60","מסמך חדש (העלאה / כתיבה / בחירת חברה)","other","${LIMITS.MAX_PAGES}",""
"המסמך כבד מדי לעיבוד. נסו לשמור אותו מחדש ולהעלות שוב.","src/server/documents/limits.ts","61","מסמך חדש (העלאה / כתיבה / בחירת חברה)","other","",""
"לא הצלחנו להכין את המסמך. נסו לשמור אותו כ-PDF ולהעלות שוב.","src/server/documents/limits.ts","62","מסמך חדש (העלאה / כתיבה / בחירת חברה)","error","",""
"לא הצלחנו לקרוא את המסמך. ייתכן שהקובץ פגום.","src/server/documents/limits.ts","63","מסמך חדש (העלאה / כתיבה / בחירת חברה)","error","","same text also at: src/server/documents/process-document.ts:144, src/server/templates/templates.ts:224"
"תאריך השליחה","src/server/documents/personalization.ts","29","הסכמים — הודעות שרת","other","",""
"יותר מדי שדות במסמך.","src/server/documents/save-fields.ts","37","הסכמים — הודעות שרת","error","","same text also at: src/server/documents/save-fields.ts:65"
"לא ניתן לערוך מסמך שכבר נשלח.","src/server/documents/save-fields.ts","61","הסכמים — הודעות שרת","error","","same text also at: src/server/documents/save-fields.ts:234"
"נשלח אליך מסמך לחתימה","src/server/documents/send-agreement.ts","81","הסכם → שליחה לחתימה","other","","same text also at: src/server/mail/catalog.ts:48"
"נשלח על ידי","src/server/documents/send-agreement.ts","87","הסכם → שליחה לחתימה","other","","same text also at: src/server/documents/send-agreement.ts:110, src/server/mail/catalog.ts:54, src/server/mail/catalog.ts:71"
"המסמך כבר נשלח.","src/server/documents/send-agreement.ts","195","הסכם → שליחה לחתימה","other","",""
"השליחה של ""${row.title}"" נכשלה","src/server/documents/send-agreement.ts","406","הסכם → שליחה לחתימה","error","${row.title}",""
"שליחה ב-SMS","src/server/documents/send-agreement.ts","407","הסכם → שליחה לחתימה","other","",""
"שליחה באימייל","src/server/documents/send-agreement.ts","407","הסכם → שליחה לחתימה","other","",""
"ניתן לחדש קישור רק למסמך שממתין לחתימה או שפג תוקפו.","src/server/documents/send-agreement.ts","443","הסכם → שליחה לחתימה","error","",""
"ניתן לשלוח תזכורת רק למסמך שממתין לחתימה.","src/server/documents/send-agreement.ts","480","הסכם → שליחה לחתימה","error","",""
"לא נמצא קישור חתימה פעיל.","src/server/documents/send-agreement.ts","499","הסכם → שליחה לחתימה","error","",""
"יש להוסיף לפחות שדה חתימה אחד למסמך.","src/server/documents/send-validation.ts","66","הסכם → שליחה לחתימה","other","",""
"יש להזין את שם החותם.","src/server/documents/send-validation.ts","70","הסכם → שליחה לחתימה","other","",""
"בחרתם שליחה ב-SMS, אך לא הוזן מספר טלפון.","src/server/documents/send-validation.ts","76","הסכם → שליחה לחתימה","other","",""
"מספר הטלפון של החותם אינו תקין.","src/server/documents/send-validation.ts","78","הסכם → שליחה לחתימה","other","",""
"בחרתם שליחה באימייל, אך לא הוזנה כתובת אימייל.","src/server/documents/send-validation.ts","84","הסכם → שליחה לחתימה","other","",""
"כתובת האימייל של החותם אינה תקינה.","src/server/documents/send-validation.ts","86","הסכם → שליחה לחתימה","other","",""
"יש לבחור לפחות ערוץ שליחה אחד.","src/server/documents/send-validation.ts","91","הסכם → שליחה לחתימה","other","",""
"שדה ""${field.label}"" מסומן כשדה שאנחנו ממלאים, אך נותר ריק.","src/server/documents/send-validation.ts","101","הסכם → שליחה לחתימה","other","${field.label}",""
"שדה ""${field.label}"" הוא חתימה שסומנה כ""אנחנו"". שדה חתימה חייב להיות של החותם.","src/server/documents/send-validation.ts","109","הסכם → שליחה לחתימה","other","${field.label}",""
"יש שדה ${FIELD_LABELS[field.type] ?? ''} ללא שם. יש למחוק אותו או לתת לו שם.","src/server/documents/send-validation.ts","117","הסכם → שליחה לחתימה","other","${FIELD_LABELS[field.type] ?? ''}",""
"ההעלאה לא הושלמה. נסו שוב.","src/server/documents/upload-document.ts","202","מסמך חדש (העלאה / כתיבה / בחירת חברה)","error","",""
"ממתין להקמה","src/server/follow-up/labels.ts","12","follow-up — הודעות שרת","other","","not in previous catalog"
"בטיפול","src/server/follow-up/labels.ts","13","follow-up — הודעות שרת","other","","not in previous catalog"
"לא נדרש","src/server/follow-up/labels.ts","15","follow-up — הודעות שרת","other","","not in previous catalog"
"בדיק","src/server/follow-up/tasks.ts","179","follow-up — הודעות שרת","other","","not in previous catalog"
"חסר שם איש קשר","src/server/groups/bulk-send.ts","78","קבוצה → שליחה מרוכזת","error","",""
"חסר טלפון או אימייל","src/server/groups/bulk-send.ts","80","קבוצה → שליחה מרוכזת","error","",""
"חסר במסמך: ${missing.map((gap) => autoSourceLabel(gap.source)).join(', ')}","src/server/groups/bulk-send.ts","83","קבוצה → שליחה מרוכזת","error","${missing.map((gap) => autoSourceLabel(gap.source)).join(', ')}",""
"החברה כבר אינה בקבוצה","src/server/groups/bulk-send.ts","205","קבוצה → שליחה מרוכזת","other","","same text also at: src/server/groups/bulk-send.ts:206"
"שגיאה בשליחה","src/server/groups/bulk-send.ts","268","קבוצה → שליחה מרוכזת","error","","same text also at: src/server/groups/bulk-send.ts:269"
"יש להזין שם לקמפיין.","src/server/groups/groups.ts","278","קבוצות — הודעות שרת","error","","glossary: קמפיין; same text also at: src/server/groups/groups.ts:323"
"תאריך הסיום חייב להיות אחרי תאריך ההתחלה.","src/server/groups/groups.ts","279","קבוצות — הודעות שרת","error","","same text also at: src/server/groups/groups.ts:329"
"יש להזין שם לקבוצה.","src/server/groups/groups.ts","308","קבוצות — הודעות שרת","error","",""
"הבעלים שנבחר לא נמצא.","src/server/groups/groups.ts","332","קבוצות — הודעות שרת","error","",""
"התבנית שנבחרה לא נמצאה.","src/server/groups/groups.ts","336","קבוצות — הודעות שרת","error","",""
"התבנית אינה זמינה.","src/server/http/template-errors.ts","19","הודעות שגיאה כלליות (שרת)","error","",""
"מספר הטלפון לא תקין. הזינו מספר נייד ישראלי.","src/server/invitations/invitations.ts","65","invitations — הודעות שרת","error","","not in previous catalog"
"כתובת האימייל לא תקינה.","src/server/invitations/invitations.ts","66","invitations — הודעות שרת","error","","not in previous catalog"
"נדרש טלפון או אימייל.","src/server/invitations/invitations.ts","67","invitations — הודעות שרת","error","","not in previous catalog"
"חתימות ישירות","src/server/invitations/invitations.ts","86","invitations — הודעות שרת","other","","not in previous catalog"
"ההזמנה לא נשמרה. נסו שוב.","src/server/invitations/invitations.ts","197","invitations — הודעות שרת","error","","not in previous catalog"
"לפתיחת הקישור","src/server/invitations/invitations.ts","237","invitations — הודעות שרת","other","","not in previous catalog"
"ההזמנה לא נמצאה.","src/server/invitations/invitations.ts","253","invitations — הודעות שרת","error","","not in previous catalog; same text also at: src/server/invitations/invitations.ts:308"
"לקמפיין אין נוסח SMS להזמנה.","src/server/invitations/invitations.ts","268","invitations — הודעות שרת","other","","not in previous catalog; glossary: קמפיין"
"לקמפיין אין נוסח אימייל להזמנה.","src/server/invitations/invitations.ts","271","invitations — הודעות שרת","other","","not in previous catalog; glossary: קמפיין"
"שלום ${rendered.name}, מצורף קישור אישי: ${link}","src/server/invitations/invitations.ts","322","invitations — הודעות שרת","other","${rendered.name} | ${link}","not in previous catalog"
"לא נמצא.","src/server/invitations/invitations.ts","332","invitations — הודעות שרת","error","","not in previous catalog; same text also at: src/server/invitations/invitations.ts:335, src/server/invitations/invitations.ts:566, src/server/invitations/invitations.ts:627"
"${EVENT_WORD[last.event] ?? 'הודעה'} ב-${CHANNEL_WORD[last.channel] ?? last.channel}","src/server/invitations/invitations.ts","526","invitations — הודעות שרת","other","${EVENT_WORD[last.event] ?? 'הודעה'} | ${CHANNEL_WORD[last.channel] ?? last.channel}","not in previous catalog"
"${what} — נשלח","src/server/invitations/invitations.ts","527","invitations — הודעות שרת","other","${what}","not in previous catalog; same text also at: src/server/invitations/invitations.ts:528"
"${what} — לא נשלח","src/server/invitations/invitations.ts","527","invitations — הודעות שרת","other","${what}","not in previous catalog"
"${what} — נפתח, לא אושר","src/server/invitations/invitations.ts","527","invitations — הודעות שרת","other","${what}","not in previous catalog"
"${what} — נכשל","src/server/invitations/invitations.ts","528","invitations — הודעות שרת","error","${what}","not in previous catalog"
"אחראי לא תקין.","src/server/invitations/invitations.ts","569","invitations — הודעות שרת","error","","not in previous catalog"
"האחראי לא נמצא בצוות.","src/server/invitations/invitations.ts","572","invitations — הודעות שרת","error","","not in previous catalog"
"תאריך לא תקין.","src/server/invitations/invitations.ts","578","invitations — הודעות שרת","error","","not in previous catalog"
"תוצאה לא מוכרת.","src/server/invitations/invitations.ts","582","invitations — הודעות שרת","error","","not in previous catalog"
"רשומה לא תקינה.","src/server/invitations/invitations.ts","631","invitations — הודעות שרת","error","","not in previous catalog"
"להזמנה אין שם.","src/server/invitations/invitations.ts","637","invitations — הודעות שרת","error","","not in previous catalog"
"כבר חתם","src/server/invitations/reminders.ts","55","invitations — הודעות שרת","other","","same text also at: src/server/reports/registration-actions.ts:179, src/server/reports/registration-actions.ts:181"
"התהליך נכשל או בוטל","src/server/invitations/reminders.ts","56","invitations — הודעות שרת","error","","not in previous catalog"
"אין טלפון או אימייל","src/server/invitations/reminders.ts","57","invitations — הודעות שרת","other","","not in previous catalog"
"נשלחה הודעה ב-${MIN_HOURS_BETWEEN} השעות האחרונות","src/server/invitations/reminders.ts","58","invitations — הודעות שרת","other","${MIN_HOURS_BETWEEN}","not in previous catalog"
"נרשם ועדיין אין הסכם לתזכורת","src/server/invitations/reminders.ts","61","invitations — הודעות שרת","empty_state","","not in previous catalog"
"אם קיבלת את ההודעה הזו בטעות, אפשר להתעלם ממנה.","src/server/mail/Layout.tsx","93","מייל: תבנית משותפת (כותרת, כפתורים, פוטר)","email_body","",""
"נשלח באמצעות <Link>XTRA Sign</Link>{…}","src/server/mail/Layout.tsx","95","מייל: תבנית משותפת (כותרת, כפתורים, פוטר)","email_body","{…}","not in previous catalog; glossary: XTRA Sign"
"עבור ${b.name}","src/server/mail/Layout.tsx","100","מייל: תבנית משותפת (כותרת, כפתורים, פוטר)","email_body","${b.name}","not in previous catalog"
"מסמך לחתימה","src/server/mail/catalog.ts","15","מייל: דוגמאות לתצוגה מקדימה (כל תבניות המייל)","email_body","",""
"המסמך נחתם (לחותם)","src/server/mail/catalog.ts","17","מייל: דוגמאות לתצוגה מקדימה (כל תבניות המייל)","email_body","",""
"ליד / הרשמה חדשה","src/server/mail/catalog.ts","18","מייל: דוגמאות לתצוגה מקדימה (כל תבניות המייל)","email_body","",""
"הסכם נחתם (לצוות)","src/server/mail/catalog.ts","19","מייל: דוגמאות לתצוגה מקדימה (כל תבניות המייל)","email_body","",""
"מסמכים שממתינים / עומדים לפוג","src/server/mail/catalog.ts","20","מייל: דוגמאות לתצוגה מקדימה (כל תבניות המייל)","email_body","",""
"הודעת מערכת כללית","src/server/mail/catalog.ts","21","מייל: דוגמאות לתצוגה מקדימה (כל תבניות המייל)","email_body","",""
"הארגון שלך","src/server/mail/catalog.ts","33","מייל: דוגמאות לתצוגה מקדימה (כל תבניות המייל)","email_body","",""
"קמפיין לדוגמה","src/server/mail/catalog.ts","35","מייל: דוגמאות לתצוגה מקדימה (כל תבניות המייל)","email_body","","glossary: קמפיין"
"תאריך חתימה","src/server/mail/catalog.ts","89","מייל: דוגמאות לתצוגה מקדימה (כל תבניות המייל)","email_body","","same text also at: src/server/notifications/campaign-mail.ts:158"
"ספק חדש נרשם – ${SAMPLE_VARS.campaign_name}","src/server/mail/catalog.ts","97","מייל: דוגמאות לתצוגה מקדימה (כל תבניות המייל)","email_body","${SAMPLE_VARS.campaign_name}","same text also at: src/server/mail/catalog.ts:100"
"${SAMPLE_VARS.company_name} השלים/ה הרשמה בקמפיין.","src/server/mail/catalog.ts","101","מייל: דוגמאות לתצוגה מקדימה (כל תבניות המייל)","email_body","${SAMPLE_VARS.company_name}","glossary: קמפיין"
"תאריך ושעת הרשמה","src/server/mail/catalog.ts","104","מייל: דוגמאות לתצוגה מקדימה (כל תבניות המייל)","email_body","","same text also at: src/server/notifications/campaign-mail.ts:83"
"6 בספט׳ 2026, 14:32","src/server/mail/catalog.ts","104","מייל: דוגמאות לתצוגה מקדימה (כל תבניות המייל)","email_body","",""
"ח.פ. / ע.מ.","src/server/mail/catalog.ts","106","מייל: דוגמאות לתצוגה מקדימה (כל תבניות המייל)","email_body","","same text also at: src/server/notifications/campaign-mail.ts:54, src/server/self-service/onboarding.ts:85"
"מורשה חתימה","src/server/mail/catalog.ts","107","מייל: דוגמאות לתצוגה מקדימה (כל תבניות המייל)","email_body","","same text also at: src/server/notifications/campaign-mail.ts:56"
"מנכ""ל","src/server/mail/catalog.ts","108","מייל: דוגמאות לתצוגה מקדימה (כל תבניות המייל)","email_body","",""
"אזור","src/server/mail/catalog.ts","111","מייל: דוגמאות לתצוגה מקדימה (כל תבניות המייל)","email_body","",""
"צפון","src/server/mail/catalog.ts","111","מייל: דוגמאות לתצוגה מקדימה (כל תבניות המייל)","email_body","",""
"מקור ההגעה","src/server/mail/catalog.ts","112","מייל: דוגמאות לתצוגה מקדימה (כל תבניות המייל)","email_body","","same text also at: src/server/notifications/campaign-mail.ts:85"
"הסכם נחתם – ${SAMPLE_VARS.company_name}","src/server/mail/catalog.ts","119","מייל: דוגמאות לתצוגה מקדימה (כל תבניות המייל)","email_body","${SAMPLE_VARS.company_name}","same text also at: src/server/mail/catalog.ts:122"
"""${SAMPLE_VARS.document_name}"" נחתם.","src/server/mail/catalog.ts","123","מייל: דוגמאות לתצוגה מקדימה (כל תבניות המייל)","email_body","${SAMPLE_VARS.document_name}",""
"תאריך ושעת חתימה","src/server/mail/catalog.ts","129","מייל: דוגמאות לתצוגה מקדימה (כל תבניות המייל)","email_body","","same text also at: src/server/notifications/campaign-mail.ts:115"
"6 בספט׳ 2026, 15:10","src/server/mail/catalog.ts","129","מייל: דוגמאות לתצוגה מקדימה (כל תבניות המייל)","email_body","",""
"פתח את הספק","src/server/mail/catalog.ts","135","מייל: דוגמאות לתצוגה מקדימה (כל תבניות המייל)","email_body","","same text also at: src/server/notifications/campaign-mail.ts:120"
"סיכום יומי: 3 הסכמים דורשים תשומת לב","src/server/mail/catalog.ts","141","מייל: דוגמאות לתצוגה מקדימה (כל תבניות המייל)","email_body","","glossary: הסכמים"
"ממתינים לחתימה כבר 3 ימים ומעלה (2)","src/server/mail/catalog.ts","148","מייל: דוגמאות לתצוגה מקדימה (כל תבניות המייל)","email_body","",""
"הסכם השתתפות – מלון הדוגמה","src/server/mail/catalog.ts","150","מייל: דוגמאות לתצוגה מקדימה (כל תבניות המייל)","email_body","",""
"נשלח לפני 5 ימים","src/server/mail/catalog.ts","150","מייל: דוגמאות לתצוגה מקדימה (כל תבניות המייל)","email_body","",""
"הסכם השתתפות – צימר בגליל","src/server/mail/catalog.ts","151","מייל: דוגמאות לתצוגה מקדימה (כל תבניות המייל)","email_body","",""
"צימר בגליל","src/server/mail/catalog.ts","151","מייל: דוגמאות לתצוגה מקדימה (כל תבניות המייל)","email_body","",""
"דנה כהן","src/server/mail/catalog.ts","151","מייל: דוגמאות לתצוגה מקדימה (כל תבניות המייל)","email_body","",""
"נשלח לפני 4 ימים","src/server/mail/catalog.ts","151","מייל: דוגמאות לתצוגה מקדימה (כל תבניות המייל)","email_body","",""
"קישורים שיפוגו בשבוע הקרוב (1)","src/server/mail/catalog.ts","155","מייל: דוגמאות לתצוגה מקדימה (כל תבניות המייל)","email_body","",""
"הסכם ספק – קפה בנגב","src/server/mail/catalog.ts","156","מייל: דוגמאות לתצוגה מקדימה (כל תבניות המייל)","email_body","",""
"קפה בנגב","src/server/mail/catalog.ts","156","מייל: דוגמאות לתצוגה מקדימה (כל תבניות המייל)","email_body","",""
"יוסי לוי","src/server/mail/catalog.ts","156","מייל: דוגמאות לתצוגה מקדימה (כל תבניות המייל)","email_body","",""
"פג בעוד 3 ימים","src/server/mail/catalog.ts","156","מייל: דוגמאות לתצוגה מקדימה (כל תבניות המייל)","email_body","",""
"שליחה נכשלה: הסכם השתתפות – מלון הדוגמה","src/server/mail/catalog.ts","164","מייל: דוגמאות לתצוגה מקדימה (כל תבניות המייל)","email_body","",""
"ה-SMS אל ישראל ישראלי לא נמסר (מספר לא תקין). אפשר לתקן את הפרטים ולשלוח שוב.","src/server/mail/catalog.ts","165","מייל: דוגמאות לתצוגה מקדימה (כל תבניות המייל)","email_body","",""
"לצפייה במערכת","src/server/mail/catalog.ts","165","מייל: דוגמאות לתצוגה מקדימה (כל תבניות המייל)","email_body","","same text also at: src/server/notifications/notifications.ts:155"
"לשאלות ניתן לפנות אל ${who}: ${brand.supportEmail}","src/server/mail/templates.tsx","16","מייל: תבנית משותפת (כותרת, כפתורים, פוטר)","email_body","${who} | ${brand.supportEmail}",""
"לשאלות ניתן לפנות אל ${who}.","src/server/mail/templates.tsx","16","מייל: תבנית משותפת (כותרת, כפתורים, פוטר)","email_body","${who}",""
"הקישור אישי ומיועד לך בלבד.","src/server/mail/templates.tsx","27","מייל: תבנית משותפת (כותרת, כפתורים, פוטר)","email_body","",""
"הקישור לחתימה נשלח אליך בהודעה הקודמת.","src/server/mail/templates.tsx","37","מייל: תבנית משותפת (כותרת, כפתורים, פוטר)","email_body","",""
"הקישור להורדה מאובטח ומיועד למסמך הזה בלבד.","src/server/mail/templates.tsx","49","מייל: תבנית משותפת (כותרת, כפתורים, פוטר)","email_body","",""
"צפייה בליד במערכת","src/server/mail/templates.tsx","61","מייל: תבנית משותפת (כותרת, כפתורים, פוטר)","email_body","",""
"ההסכם החתום","src/server/mail/templates.tsx","62","מייל: תבנית משותפת (כותרת, כפתורים, פוטר)","email_body","",""
"פתח במערכת","src/server/mail/templates.tsx","109","מייל: תבנית משותפת (כותרת, כפתורים, פוטר)","email_body","",""
"אין הרשאה.","src/server/messaging/dispatch.ts","96","messaging — הודעות שרת","error","","not in previous catalog"
"כבר חתם — אין מה לשלוח.","src/server/messaging/dispatch.ts","99","messaging — הודעות שרת","error","","not in previous catalog"
"התהליך נכשל או בוטל.","src/server/messaging/dispatch.ts","100","messaging — הודעות שרת","error","","not in previous catalog"
"עדיין אין הסכם לתזכורת.","src/server/messaging/dispatch.ts","101","messaging — הודעות שרת","error","","not in previous catalog"
"אין אימייל.","src/server/messaging/dispatch.ts","103","messaging — הודעות שרת","error","","not in previous catalog"
"אין טלפון.","src/server/messaging/dispatch.ts","103","messaging — הודעות שרת","error","","not in previous catalog"
"האדם ביקש לא לקבל הודעות. מנהל יכול לשלוח הודעה תפעולית במפורש.","src/server/messaging/dispatch.ts","107","messaging — הודעות שרת","error","","not in previous catalog"
"נשלחו יותר מדי הודעות. נסו שוב בעוד כמה דקות.","src/server/messaging/dispatch.ts","113","messaging — הודעות שרת","error","","not in previous catalog"
"השליחה כבר מתבצעת.","src/server/messaging/dispatch.ts","166","messaging — הודעות שרת","error","","not in previous catalog; same text also at: src/server/messaging/dispatch.ts:199"
"נשלחה כבר הודעה כזו ב-${CHANNEL_WORD[channel]} ב-${COOLDOWN_HOURS} השעות האחרונות. אפשר שוב בעוד כ-${hours} שעות; מנהל יכול לשלוח בכל זאת.","src/server/messaging/dispatch.ts","169","messaging — הודעות שרת","error","${CHANNEL_WORD[channel]} | ${COOLDOWN_HOURS} | ${hours}","not in previous catalog"
"השליחה נכשלה","src/server/messaging/dispatch.ts","218","messaging — הודעות שרת","error","","not in previous catalog"
"השליחה לא הושלמה. נסו שוב בעוד רגע.","src/server/messaging/dispatch.ts","229","messaging — הודעות שרת","other","","not in previous catalog"
"הכתובת לא התקבלה אצל ספק ההודעות. בדקו את הפרטים ונסו שוב.","src/server/messaging/dispatch.ts","230","messaging — הודעות שרת","other","","not in previous catalog"
"שירות ההודעות אינו מוגדר בסביבה הזו, ההודעה נרשמה בלבד.","src/server/messaging/dispatch.ts","231","messaging — הודעות שרת","other","","not in previous catalog"
"איש קשר / מורשה חתימה","src/server/notifications/campaign-mail.ts","55","מייל לצוות: הרשמה חדשה / הסכם נחתם","other","",""
"ספק חדש נרשם – ${input.projectName}","src/server/notifications/campaign-mail.ts","91","מייל לצוות: הרשמה חדשה / הסכם נחתם","other","${input.projectName}",""
"${business} השלים/ה הרשמה בקמפיין.","src/server/notifications/campaign-mail.ts","92","מייל לצוות: הרשמה חדשה / הסכם נחתם","other","${business}","glossary: קמפיין"
"התקבלה הרשמה חדשה בקמפיין.","src/server/notifications/campaign-mail.ts","92","מייל לצוות: הרשמה חדשה / הסכם נחתם","other","","glossary: קמפיין"
"הסכם נחתם – ${input.companyName ?? input.signerName}","src/server/notifications/campaign-mail.ts","108","מייל לצוות: הרשמה חדשה / הסכם נחתם","other","${input.companyName ?? input.signerName}",""
"""${input.documentName}"" נחתם.","src/server/notifications/campaign-mail.ts","124","מייל לצוות: הרשמה חדשה / הסכם נחתם","other","${input.documentName}",""
"יש להזין שם ארגון.","src/server/organization/profile.ts","70","הגדרות → ארגון ומיתוג","error","",""
"ח.פ ${profile.taxId}","src/server/organization/profile.ts","99","הגדרות → ארגון ומיתוג","other","${profile.taxId}",""
"כתובת (בהערות)","src/server/projects/form-schema.ts","50","קמפיין → טופס ההצטרפות (בונה טפסים)","other","",""
"עיר (בהערות)","src/server/projects/form-schema.ts","51","קמפיין → טופס ההצטרפות (בונה טפסים)","other","",""
"יש לסמן את השדה","src/server/projects/form-schema.ts","160","קמפיין → טופס ההצטרפות (בונה טפסים)","other","",""
"יש לבחור לפחות אפשרות אחת","src/server/projects/form-schema.ts","170","קמפיין → טופס ההצטרפות (בונה טפסים)","other","",""
"כתובת אימייל לא תקינה","src/server/projects/form-schema.ts","183","קמפיין → טופס ההצטרפות (בונה טפסים)","other","",""
"יש להזין מספר","src/server/projects/form-schema.ts","190","קמפיין → טופס ההצטרפות (בונה טפסים)","other","",""
"תאריך לא תקין","src/server/projects/form-schema.ts","195","קמפיין → טופס ההצטרפות (בונה טפסים)","other","",""
"יש לבחור מהרשימה","src/server/projects/form-schema.ts","201","קמפיין → טופס ההצטרפות (בונה טפסים)","other","",""
"הצטרפות לספקי ${projectName}","src/server/projects/landing.ts","47","קמפיין → תוויות, סוגים וסטטוסים","other","${projectName}",""
"תודה! הפרטים התקבלו, ניצור קשר בהמשך.","src/server/projects/landing.ts","50","קמפיין → תוויות, סוגים וסטטוסים","other","",""
"חסרים פרטים בטופס.","src/server/projects/landing.ts","184","קמפיין → תוויות, סוגים וסטטוסים","error","",""
"חסר שם חברה.","src/server/projects/landing.ts","185","קמפיין → תוויות, סוגים וסטטוסים","error","","same text also at: src/server/projects/leads.ts:192"
"ספק חדש השאיר פרטים בפרויקט ${landing.projectName}","src/server/projects/landing.ts","259","קמפיין → תוויות, סוגים וסטטוסים","other","${landing.projectName}",""
"הליד כבר טופל.","src/server/projects/leads.ts","126","קמפיין → הרשמות / לידים","error","","same text also at: src/server/projects/leads.ts:166, src/server/projects/leads.ts:181"
"הודעת ה-SMS חייבת לכלול את ${linkVar}.","src/server/projects/messages.ts","89","קמפיין → הגדרות → הודעות","error","${linkVar}",""
"לא ניתן להכין תצוגה מקדימה.","src/server/projects/messages.ts","171","קמפיין → הגדרות → הודעות","error","",""
"[בדיקה] ${preview.sms.text}","src/server/projects/messages.ts","178","קמפיין → הגדרות → הודעות","sms","${preview.sms.text}",""
"[בדיקה] ${preview.email.subject}","src/server/projects/messages.ts","184","קמפיין → הגדרות → הודעות","other","${preview.email.subject}",""
"הזינו טלפון או אימייל לבדיקה.","src/server/projects/messages.ts","189","קמפיין → הגדרות → הודעות","error","",""
"שליחת הבדיקה נכשלה: ${errors.join(', ')}","src/server/projects/messages.ts","190","קמפיין → הגדרות → הודעות","error","${errors.join(', ')}",""
"קוד האימות שלך ל-XTRA Sign:","src/server/projects/messages.ts","196","קמפיין → הגדרות → הודעות","sms","","glossary: XTRA Sign"
"הכתובת ""${bad}"" אינה תקינה.","src/server/projects/notification-settings.ts","59","קמפיין → הגדרות → התראות לצוות","error","${bad}",""
"ניתן להגדיר עד 20 כתובות.","src/server/projects/notification-settings.ts","60","קמפיין → הגדרות → התראות לצוות","error","",""
"כתובת ה-Reply-to אינה תקינה.","src/server/projects/notification-settings.ts","63","קמפיין → הגדרות → התראות לצוות","error","",""
"הכתובת הזו כבר בשימוש בפרויקט אחר. בחרו כתובת אחרת.","src/server/projects/public-slug.ts","58","קמפיין → פרסום (כתובת ציבורית)","error","",""
"ההצטרפות הושלמה בהצלחה","src/server/projects/self-service.ts","47","קמפיין → הגדרות → הרשמה עצמית","other","",""
"התבנית לא נמצאה.","src/server/projects/self-service.ts","110","קמפיין → הגדרות → הרשמה עצמית","error","",""
"לתבנית שנבחרה אין קובץ PDF.","src/server/projects/self-service.ts","111","קמפיין → הגדרות → הרשמה עצמית","error","",""
"המשתמש שנבחר כבעלים לא נמצא או מושבת.","src/server/projects/self-service.ts","126","קמפיין → הגדרות → הרשמה עצמית","error","",""
"לפרויקט הזה עדיין לא חובר עמוד קמפיין.","src/server/projects/self-service.ts","130","קמפיין → הגדרות → הרשמה עצמית","error","","glossary: קמפיין"
"יש לבחור את ההסכם לחתימה לפני ההפעלה.","src/server/projects/self-service.ts","131","קמפיין → הגדרות → הרשמה עצמית","error","",""
"יש לבחור בעלים להסכמים לפני ההפעלה.","src/server/projects/self-service.ts","132","קמפיין → הגדרות → הרשמה עצמית","error","","glossary: הסכמים"
"עמוד הקמפיין הזה כבר משמש את הפרויקט ""${other.name}"".","src/server/projects/self-service.ts","149","קמפיין → הגדרות → הרשמה עצמית","error","${other.name}","glossary: קמפיין"
"יש להעלות תמונה בפורמט PNG, JPEG או WebP.","src/server/projects/share.ts","80","קמפיין — הודעות שרת","error","",""
"ל${company.name} אין טלפון או אימייל תקינים. השלימו אותם בכרטיס ונסו שוב.","src/server/quick-send/quick-send.ts","58","quick-send — הודעות שרת","error","${company.name}","not in previous catalog"
"לשליחה באימייל צריך כתובת אימייל.","src/server/quick-send/quick-send.ts","68","quick-send — הודעות שרת","error","","not in previous catalog"
"לשליחה ב-SMS או ב-WhatsApp צריך מספר טלפון.","src/server/quick-send/quick-send.ts","69","quick-send — הודעות שרת","error","","not in previous catalog"
"הפעולה לא נשמרה. נסו שוב.","src/server/quick-send/quick-send.ts","164","quick-send — הודעות שרת","error","","not in previous catalog"
"השליחה עדיין מתבצעת. עוד רגע.","src/server/quick-send/quick-send.ts","175","quick-send — הודעות שרת","error","","not in previous catalog; same text also at: src/server/quick-send/quick-send.ts:185"
"סורב","src/server/reports/project-report.ts","104","דוח קמפיין — קובץ Excel","other","","same text also at: src/server/reports/registration-actions.ts:61"
"בתהליך","src/server/reports/project-report.ts","106","דוח קמפיין — קובץ Excel","other","",""
"דורש טיפול","src/server/reports/project-report.ts","107","דוח קמפיין — קובץ Excel","other","","glossary: דורש טיפול"
"אושר","src/server/reports/project-report.ts","108","דוח קמפיין — קובץ Excel","other","",""
"נכנסו לעמוד","src/server/reports/project-report.ts","154","דוח קמפיין — קובץ Excel","other","",""
"לחצו להצטרפות","src/server/reports/project-report.ts","155","דוח קמפיין — קובץ Excel","other","",""
"התחילו למלא","src/server/reports/project-report.ts","156","דוח קמפיין — קובץ Excel","other","",""
"השלימו הרשמה","src/server/reports/project-report.ts","157","דוח קמפיין — קובץ Excel","other","",""
"התחילו חתימה","src/server/reports/project-report.ts","158","דוח קמפיין — קובץ Excel","other","",""
"ממתין","src/server/reports/project-report.ts","373","דוח קמפיין — קובץ Excel","other","",""
"תאריך הרשמה","src/server/reports/project-report.ts","514","דוח קמפיין — קובץ Excel","other","",""
"זמן עד חתימה","src/server/reports/project-report.ts","525","דוח קמפיין — קובץ Excel","other","",""
"עותק חתום לחותם","src/server/reports/registration-actions.ts","150","קמפיין → הרשמות → פעולות מרוכזות (שרת)","other","",""
"התזכורת","src/server/reports/registration-actions.ts","164","קמפיין → הרשמות → פעולות מרוכזות (שרת)","other","",""
"ההודעה","src/server/reports/registration-actions.ts","164","קמפיין → הרשמות → פעולות מרוכזות (שרת)","other","",""
"העותק החתום","src/server/reports/registration-actions.ts","164","קמפיין → הרשמות → פעולות מרוכזות (שרת)","other","",""
"הקישור המחודש","src/server/reports/registration-actions.ts","164","קמפיין → הרשמות → פעולות מרוכזות (שרת)","other","",""
"אין הסכם","src/server/reports/registration-actions.ts","179","קמפיין → הרשמות → פעולות מרוכזות (שרת)","error","",""
"לא רלוונטי","src/server/reports/registration-actions.ts","179","קמפיין → הרשמות → פעולות מרוכזות (שרת)","error","",""
"${ACTION_LABELS[action]} ${action === 'send_signed_copy' ? 'יישלח' : 'תישלח'} ל-${eligible.length} נמענים.","src/server/reports/registration-actions.ts","183","קמפיין → הרשמות → פעולות מרוכזות (שרת)","other","${ACTION_LABELS[action]} | ${action === 'send_signed_copy' ? 'יישלח' : 'תישלח'} | ${eligible.length}","glossary: נמענים"
"יישלח","src/server/reports/registration-actions.ts","183","קמפיין → הרשמות → פעולות מרוכזות (שרת)","other","",""
"תישלח","src/server/reports/registration-actions.ts","183","קמפיין → הרשמות → פעולות מרוכזות (שרת)","other","",""
"${bySigned} שכבר חתמו לא יקבלו הודעה.","src/server/reports/registration-actions.ts","184","קמפיין → הרשמות → פעולות מרוכזות (שרת)","other","${bySigned}",""
"${others} אינם רלוונטיים לפעולה הזו.","src/server/reports/registration-actions.ts","185","קמפיין → הרשמות → פעולות מרוכזות (שרת)","other","${others}",""
"ההסכם עדיין לא נחתם.","src/server/reports/registration-actions.ts","233","קמפיין → הרשמות → פעולות מרוכזות (שרת)","error","",""
"לחותם אין כתובת אימייל.","src/server/reports/registration-actions.ts","235","קמפיין → הרשמות → פעולות מרוכזות (שרת)","error","",""
"שליחת האימייל נכשלה.","src/server/reports/registration-actions.ts","259","קמפיין → הרשמות → פעולות מרוכזות (שרת)","error","",""
"להרשמה הזו אין הסכם.","src/server/reports/registration-actions.ts","276","קמפיין → הרשמות → פעולות מרוכזות (שרת)","error","",""
"אין קישור לשיתוף במצב הזה.","src/server/reports/registration-actions.ts","278","קמפיין → הרשמות → פעולות מרוכזות (שרת)","error","",""
"שלום ${recipient.name}, העותק החתום של ""${a.title}"" זמין להורדה בקישור המאובטח: ${url}","src/server/reports/registration-actions.ts","286","קמפיין → הרשמות → פעולות מרוכזות (שרת)","other","${recipient.name} | ${a.title} | ${url}",""
"דוח","src/server/reports/reports.ts","181","דוח קמפיין — קובץ Excel","other","",""
"קמפיין ציבורי","src/server/search/search.ts","82","search — הודעות שרת","other","","glossary: קמפיין"
"קמפיין חתימות","src/server/search/search.ts","82","search — הודעות שרת","other","","glossary: קמפיין"
"לא הצלחנו להגיע ל-Google. בדקו את החיבור ונסו שוב.","src/server/security/captcha.ts","164","הגדרות → אבטחה (CAPTCHA)","error","",""
"החיבור תקין: הפרויקט, המפתח והאישור מזוהים על ידי Google.","src/server/security/captcha.ts","167","הגדרות → אבטחה (CAPTCHA)","error","",""
"Google לא מזהה את ה-Site Key בפרויקט הזה. בדקו את ה-Site Key ואת ה-Project ID.","src/server/security/captcha.ts","170","הגדרות → אבטחה (CAPTCHA)","error","",""
"האישור (API key) נדחה. בדקו שהוא שייך לפרויקט ושה-reCAPTCHA Enterprise API מופעל בו.","src/server/security/captcha.ts","171","הגדרות → אבטחה (CAPTCHA)","error","",""
"Project ID לא נמצא ב-Google Cloud.","src/server/security/captcha.ts","172","הגדרות → אבטחה (CAPTCHA)","error","",""
"Google החזירה תשובה לא צפויה. בדקו את ההגדרות ונסו שוב.","src/server/security/captcha.ts","173","הגדרות → אבטחה (CAPTCHA)","error","",""
"לא הצלחנו לאמת את הבקשה. נסו שוב.","src/server/security/captcha.ts","188","הגדרות → אבטחה (CAPTCHA)","error","",""
"CAPTCHA מופעל אך ההגדרות חסרות (Project ID / Site Key / אישור).","src/server/security/captcha.ts","201","הגדרות → אבטחה (CAPTCHA)","error","",""
"לא ניתן לקרוא את אישור ה-CAPTCHA השמור. ייתכן שמפתח ההצפנה של השרת השתנה.","src/server/security/captcha.ts","215","הגדרות → אבטחה (CAPTCHA)","error","",""
"אימות CAPTCHA נכשל מול הספק (${outcome.detail}). בקשות מוגנות נדחות עד לתיקון.","src/server/security/captcha.ts","225","הגדרות → אבטחה (CAPTCHA)","error","${outcome.detail}",""
"בעיה בהגנת CAPTCHA","src/server/security/captcha.ts","236","הגדרות → אבטחה (CAPTCHA)","other","",""
"השרת אינו מוגדר לשמירת מפתחות מוצפנים (SIGN_SECRETS_KEY חסר). יש להגדיר אותו פעם אחת בסביבת ההרצה.","src/server/security/captcha.ts","298","הגדרות → אבטחה (CAPTCHA)","error","",""
"Project ID לא תקין (אותיות קטנות, ספרות ומקפים, 6–30 תווים).","src/server/security/captcha.ts","302","הגדרות → אבטחה (CAPTCHA)","error","",""
"כדי להפעיל CAPTCHA יש להזין Project ID.","src/server/security/captcha.ts","304","הגדרות → אבטחה (CAPTCHA)","error","",""
"כדי להפעיל CAPTCHA יש להזין Site Key.","src/server/security/captcha.ts","305","הגדרות → אבטחה (CAPTCHA)","error","",""
"כדי להפעיל CAPTCHA יש להזין את האישור (API key) של Google.","src/server/security/captcha.ts","306","הגדרות → אבטחה (CAPTCHA)","error","",""
"יש להזין את האישור (API key) כדי לבדוק את החיבור.","src/server/security/captcha.ts","343","הגדרות → אבטחה (CAPTCHA)","error","",""
"לא ניתן לקרוא את האישור השמור. הזינו אותו מחדש.","src/server/security/captcha.ts","347","הגדרות → אבטחה (CAPTCHA)","error","",""
"יש להזין Project ID ו-Site Key לפני הבדיקה.","src/server/security/captcha.ts","350","הגדרות → אבטחה (CAPTCHA)","error","",""
"ההרשמה התקבלה — נותר לחתום","src/server/self-service/copy.ts","25","הרשמה עצמית: SMS ומייל אחרי הרשמה / חתימה","other","",""
"שלום ${name}, הסכם ההשתתפות שלכם ב${campaign} כבר נחתם. להורדת העותק החתום: ${url}","src/server/self-service/copy.ts","44","הרשמה עצמית: SMS ומייל אחרי הרשמה / חתימה","sms","${name} | ${campaign} | ${url}",""
"ההסכם החתום שלכם – ${campaign}","src/server/self-service/copy.ts","47","הרשמה עצמית: SMS ומייל אחרי הרשמה / חתימה","other","${campaign}",""
"ההסכם כבר נחתם","src/server/self-service/copy.ts","50","הרשמה עצמית: SMS ומייל אחרי הרשמה / חתימה","other","",""
"שלום ${name}, הסכם ההשתתפות שלכם ב${campaign} נחתם בעבר. העותק החתום זמין להורדה בקישור המאובטח.","src/server/self-service/copy.ts","51","הרשמה עצמית: SMS ומייל אחרי הרשמה / חתימה","other","${name} | ${campaign}","not in previous catalog"
"שם מלא של מורשה החתימה","src/server/self-service/onboarding.ts","86","הרשמה עצמית — עיבוד ההרשמה (שרת)","other","",""
"יש לתקן את הפרטים המסומנים.","src/server/self-service/onboarding.ts","99","הרשמה עצמית — עיבוד ההרשמה (שרת)","error","",""
"ההרשמה אינה פעילה כרגע.","src/server/self-service/onboarding.ts","104","הרשמה עצמית — עיבוד ההרשמה (שרת)","error","",""
"ההרשמה עדיין מעובדת. נסו שוב בעוד רגע.","src/server/self-service/onboarding.ts","122","הרשמה עצמית — עיבוד ההרשמה (שרת)","error","",""
"לא הצלחנו לשלוח קוד אימות.","src/server/self-service/onboarding.ts","225","הרשמה עצמית — עיבוד ההרשמה (שרת)","error","",""
"הרשמה חדשה בפרויקט ${project.projectName}","src/server/self-service/onboarding.ts","257","הרשמה עצמית — עיבוד ההרשמה (שרת)","other","${project.projectName}",""
"ייתכן שהספק ""${data.businessName}"" כבר קיים במערכת","src/server/self-service/onboarding.ts","270","הרשמה עצמית — עיבוד ההרשמה (שרת)","other","${data.businessName}",""
"נרשם ספק חדש בשם זהה ל-""${supplier.nameHint.name}"", אך בלי ח.פ., טלפון או אימייל תואמים. נוצר ספק נפרד.","src/server/self-service/onboarding.ts","271","הרשמה עצמית — עיבוד ההרשמה (שרת)","other","${supplier.nameHint.name}",""
"לא הצלחנו להשלים את ההרשמה כרגע. הפרטים נשמרו, אפשר לנסות שוב בעוד רגע.","src/server/self-service/onboarding.ts","280","הרשמה עצמית — עיבוד ההרשמה (שרת)","error","",""
"הרשמה עצמאית — ${project.projectName}","src/server/self-service/onboarding.ts","298","הרשמה עצמית — עיבוד ההרשמה (שרת)","other","${project.projectName}",""
"לא מצאנו את ההרשמה. אפשר להירשם מחדש מעמוד הקמפיין.","src/server/self-service/resume.ts","46","self-service — הודעות שרת","error","","not in previous catalog; glossary: קמפיין"
"לא מצאנו את ההרשמה.","src/server/self-service/resume.ts","53","self-service — הודעות שרת","error","","not in previous catalog"
"לא מצאנו את ההרשמה בקמפיין הזה.","src/server/self-service/resume.ts","56","self-service — הודעות שרת","error","","not in previous catalog; glossary: קמפיין"
"לא מצאנו את פרטי החותם.","src/server/self-service/resume.ts","59","self-service — הודעות שרת","error","","not in previous catalog"
"ההסכם הזה כבר אינו פתוח לחתימה.","src/server/self-service/resume.ts","68","self-service — הודעות שרת","error","","not in previous catalog"
"ההרשמה לקמפיין הסתיימה ולא ניתן להשלים חתימה.","src/server/self-service/resume.ts","69","self-service — הודעות שרת","error","","not in previous catalog; glossary: קמפיין"
"אין אישור חתימה למסמך שאינו חתום.","src/server/signing/certificate.ts","26","PDF: עמוד אישור חתימה (מצורף למסמך החתום)","error","",""
"קוד חד-פעמי ב-SMS","src/server/signing/certificate.ts","61","PDF: עמוד אישור חתימה (מצורף למסמך החתום)","other","",""
"לא בוצע","src/server/signing/certificate.ts","61","PDF: עמוד אישור חתימה (מצורף למסמך החתום)","other","",""
"החתימה לא נקלטה. נסו שוב.","src/server/signing/complete.ts","50","חתימה — הודעות שרת","error","",""
"החתימה גדולה מדי. נסו שוב.","src/server/signing/complete.ts","52","חתימה — הודעות שרת","error","",""
"המסמך אינו זמין לחתימה.","src/server/signing/complete.ts","61","חתימה — הודעות שרת","error","",""
"נותרו ${missing.length} שדות למילוי.","src/server/signing/complete.ts","73","חתימה — הודעות שרת","error","${missing.length}",""
"${context.recipientName} חתם על ""${context.title}""","src/server/signing/complete.ts","260","חתימה — הודעות שרת","other","${context.recipientName} | ${context.title}",""
"הקישור הזה כבר לא פעיל. אם קיבלתם הודעה חדשה יותר, פתחו את הקישור שבה.","src/server/signing/continue.ts","99","signing — הודעות שרת","error","","not in previous catalog"
"המסמך הזה כבר אינו פתוח לחתימה.","src/server/signing/continue.ts","118","signing — הודעות שרת","error","","not in previous catalog"
"לא ניתן לשלוח קוד אימות. פנו לשולח המסמך.","src/server/signing/otp.ts","66","SMS: קוד אימות לחתימה","error","",""
"חרגתם ממספר השליחות המרבי. נסו שוב מאוחר יותר.","src/server/signing/otp.ts","78","SMS: קוד אימות לחתימה","error","",""
"קוד האימות שלך לחתימה על מסמך ב-XTRA הוא:","src/server/signing/otp.ts","109","SMS: קוד אימות לחתימה","other","",""
"שליחת קוד האימות נכשלה. נסו שוב בעוד רגע.","src/server/signing/otp.ts","138","SMS: קוד אימות לחתימה","error","",""
"לא נמצא קוד אימות. בקשו קוד חדש.","src/server/signing/otp.ts","164","SMS: קוד אימות לחתימה","error","",""
"הקוד פג תוקף. בקשו קוד חדש.","src/server/signing/otp.ts","167","SMS: קוד אימות לחתימה","other","",""
"יותר מדי ניסיונות. בקשו קוד חדש.","src/server/signing/otp.ts","171","SMS: קוד אימות לחתימה","other","",""
"המסמך נוצר","src/server/signing/pdf.ts","53","PDF: עמוד אישור חתימה (מצורף למסמך החתום)","other","",""
"המסמך נצפה","src/server/signing/pdf.ts","58","PDF: עמוד אישור חתימה (מצורף למסמך החתום)","other","",""
"החתימה הוחלה","src/server/signing/pdf.ts","61","PDF: עמוד אישור חתימה (מצורף למסמך החתום)","other","",""
"אישור חתימה","src/server/signing/pdf.ts","182","PDF: עמוד אישור חתימה (מצורף למסמך החתום)","other","",""
"מזהה מסמך","src/server/signing/pdf.ts","186","PDF: עמוד אישור חתימה (מצורף למסמך החתום)","other","",""
"אופן האימות","src/server/signing/pdf.ts","190","PDF: עמוד אישור חתימה (מצורף למסמך החתום)","other","",""
"זמן האימות","src/server/signing/pdf.ts","191","PDF: עמוד אישור חתימה (מצורף למסמך החתום)","other","",""
"זמן החתימה","src/server/signing/pdf.ts","192","PDF: עמוד אישור חתימה (מצורף למסמך החתום)","other","",""
"טביעת המסמך החתום · SHA-256","src/server/signing/pdf.ts","204","PDF: עמוד אישור חתימה (מצורף למסמך החתום)","other","",""
"הופק על ידי XTRA Sign","src/server/signing/pdf.ts","219","PDF: עמוד אישור חתימה (מצורף למסמך החתום)","other","","glossary: XTRA Sign"
"יש להזין שם לתג.","src/server/tags/tags.ts","72","tags — הודעות שרת","error","","not in previous catalog; same text also at: src/server/tags/tags.ts:104"
"התג לא נמצא.","src/server/tags/tags.ts","105","tags — הודעות שרת","error","","not in previous catalog; same text also at: src/server/tags/tags.ts:113, src/server/tags/tags.ts:133, src/server/tags/tags.ts:138"
"כבר קיים תג בשם הזה.","src/server/tags/tags.ts","120","tags — הודעות שרת","error","","not in previous catalog"
"יש לכתוב הערה.","src/server/tags/tags.ts","240","tags — הודעות שרת","error","","not in previous catalog"
"יש לבחור לפחות תג אחד.","src/server/tags/tags.ts","252","tags — הודעות שרת","error","","not in previous catalog"
"זו אותה תבנית.","src/server/templates/replace.ts","14","תבנית → החלפת קובץ ה-PDF","error","",""
"לתבנית החדשה אין קובץ.","src/server/templates/replace.ts","16","תבנית → החלפת קובץ ה-PDF","error","",""
"יש להזין שם לתבנית.","src/server/templates/templates.ts","144","תבניות","error","","same text also at: src/server/templates/templates.ts:210, src/server/templates/templates.ts:339"
"למסמך אין קובץ שניתן לשמור.","src/server/templates/templates.ts","147","תבניות","error","",""
"המסמך עדיין לא מוכן. נסו שוב בעוד רגע.","src/server/templates/templates.ts","160","תבניות","error","",""
"קובץ התבנית אינו זמין.","src/server/templates/templates.ts","281","תבניות","error","","same text also at: src/server/templates/templates.ts:437"
"המסמך נוצר, אך השדות לא הועתקו: ${saved.message}","src/server/templates/templates.ts","326","תבניות","error","${saved.message}",""
"תפקיד שדה לא מוכר.","src/server/templates/templates.ts","501","תבניות","error","",""
"השדה ""${field.label}"" אינו מסוג שמתאים ל""${role.label}"".","src/server/templates/templates.ts","504","תבניות","error","${field.label} | ${role.label}",""
"""${role.label}"" מופה ליותר משדה אחד.","src/server/templates/templates.ts","506","תבניות","error","${role.label}",""
"יובאה תבנית מ-Fireberry","src/server/users/admin-audit.ts","57","הגדרות → משתמשים","other","",""
"חברה קושרה ל-Fireberry","src/server/users/admin-audit.ts","58","הגדרות → משתמשים","other","",""
"נוצר משתמש","src/server/users/admin-audit.ts","59","הגדרות → משתמשים","other","",""
"פרטי משתמש עודכנו","src/server/users/admin-audit.ts","60","הגדרות → משתמשים","other","",""
"משתמש הושבת","src/server/users/admin-audit.ts","61","הגדרות → משתמשים","other","",""
"משתמש הופעל","src/server/users/admin-audit.ts","62","הגדרות → משתמשים","other","",""
"הרשאה שונתה","src/server/users/admin-audit.ts","63","הגדרות → משתמשים","other","",""
"נשלח קוד כניסה","src/server/users/admin-audit.ts","64","הגדרות → משתמשים","other","",""
"ניסיון כניסה נכשל","src/server/users/admin-audit.ts","66","הגדרות → משתמשים","error","",""
"נוצרו יותר מדי משתמשים. נסו שוב מאוחר יותר.","src/server/users/users.ts","99","הגדרות → משתמשים","error","",""
"כתובת האימייל כבר רשומה במערכת.","src/server/users/users.ts","117","הגדרות → משתמשים","error","","same text also at: src/server/users/users.ts:218"
"מספר הטלפון כבר רשום למשתמש אחר.","src/server/users/users.ts","118","הגדרות → משתמשים","error","","same text also at: src/server/users/users.ts:219"
"נפתח עבורך חשבון ב-XTRA SIGN","src/server/users/users.ts","134","הגדרות → משתמשים","other","",""
"שלום ${name}, נפתח עבורך חשבון ב-XTRA SIGN. לכניסה: ${base} — הזינו את מספר הטלפון שלכם ותקבלו קוד ב-SMS.","src/server/users/users.ts","135","הגדרות → משתמשים","other","${name} | ${base}",""
"המשתמש נוצר, אך שליחת ההודעה במייל נכשלה.","src/server/users/users.ts","152","הגדרות → משתמשים","error","",""
"המשתמש לא נמצא.","src/server/users/users.ts","200","הגדרות → משתמשים","error","","same text also at: src/server/users/users.ts:269, src/server/users/users.ts:318"
"לא ניתן להשבית את המשתמש שלך.","src/server/users/users.ts","254","הגדרות → משתמשים","error","",""
"לא ניתן להסיר את הרשאת הניהול מעצמך.","src/server/users/users.ts","303","הגדרות → משתמשים","error","",""
"<p style=""margin:0 0 8px"">שלום ${escape(name)},</p> <p style=""margin:0 0 24px;font-size:18px;font-weight:bold"">נפתח עבורך חשבון ב-XTRA SIGN</p> <p style=""margin:0 0 24px;color:#64748b"">אין צורך בסיסמה. בכניסה מזינים את מספר הטלפון ומקבלים קוד חד-פעמי ב-SMS.</p> ${button(url, 'כניסה למערכת')} <p style=""margin:24px 0 0;font-size:12px;color:#64748b"">אם לא ציפית להודעה הזו, אפשר להתעלם ממנה.</p>","src/server/users/users.ts","364","הגדרות → משתמשים","other","${escape(name)} | ${button(url, 'כניסה למערכת')}","not in previous catalog"
